,actual,predicted
0,1416.96,1262.352783203125
1,1396.18,1323.8297119140625
2,1348.3,1321.904296875
3,1379.4999999999998,1284.89306640625
4,1342.71,1337.510009765625
5,1346.87,1306.7977294921875
6,1340.01,1295.84033203125
7,1371.27,1304.6339111328125
8,1371.51,1325.680419921875
9,1378.05,1319.8714599609375
10,1357.49,1343.5040283203125
11,1346.28,1327.7513427734375
12,1354.29,1313.91259765625
13,1311.1,1317.822509765625
14,1305.0,1265.7452392578125
15,1312.5500000000002,1255.609130859375
16,1316.92,1277.9283447265625
17,1316.67,1255.258056640625
18,1336.41,1275.8656005859375
19,1301.73,1298.8831787109375
20,1332.7400000000002,1265.25927734375
21,1374.17,1298.6448974609375
22,1368.7900000000002,1331.8948974609375
23,1415.0,1322.9185791015625
24,1419.58,1368.9681396484375
25,1427.87,1369.773681640625
26,1516.1300000000003,1376.8438720703125
27,1511.87,1435.79296875
28,1539.57,1442.9805908203125
29,1547.09,1488.32763671875
30,1537.68,1505.60107421875
31,1597.25,1485.624755859375
32,1616.1,1538.8447265625
33,1664.4899999999998,1550.9063720703125
34,1645.84,1597.9801025390625
35,1662.83,1601.807373046875
36,1611.74,1627.0322265625
37,1580.8800000000003,1561.8310546875
38,1652.9900000000002,1528.5953369140625
39,1595.67,1592.5572509765625
40,1639.99,1548.153564453125
41,1662.36,1598.399658203125
42,1662.78,1637.3052978515625
43,1741.99,1625.8006591796875
44,1709.91,1680.90673828125
45,1719.19,1654.8167724609375
46,1682.19,1676.071044921875
47,1673.32,1636.6937255859375
48,1679.67,1626.6036376953125
49,1673.04,1651.6226806640625
50,1707.67,1630.4510498046875
51,1676.35,1664.1976318359375
52,1626.53,1653.656005859375
53,1632.0000000000002,1595.822265625
54,1624.91,1592.3958740234375
55,1538.21,1595.0303955078125
56,1565.4400000000003,1489.051513671875
57,1611.6199999999997,1514.2713623046875
58,1581.46,1581.54296875
59,1639.59,1540.0584716796875
60,1660.48,1606.69970703125
61,1734.7900000000002,1634.7137451171875
62,1695.9600000000003,1658.5703125
63,1750.15,1654.5289306640625
64,1735.04,1702.777587890625
65,1750.82,1685.720703125
66,1753.3999999999999,1710.2037353515625
67,1749.0,1713.022705078125
68,1772.56,1698.046630859375
69,1769.13,1724.2125244140625
70,1809.4499999999998,1728.2060546875
71,1810.8400000000001,1762.5150146484375
72,1792.0200000000002,1762.2802734375
73,1714.37,1758.2025146484375
74,1742.69,1658.599365234375
75,1740.78,1696.8802490234375
76,1721.86,1701.275390625
77,1737.44,1675.947998046875
78,1763.36,1722.55224609375
79,1796.1700000000003,1747.360107421875
80,1790.66,1758.17919921875
81,1785.62,1757.3162841796875
82,1764.57,1747.66650390625
83,1768.28,1740.1094970703125
84,1775.6099999999997,1730.5172119140625
85,1789.03,1741.1317138671875
86,1840.3600000000001,1743.58544921875
87,1840.26,1784.3050537109375
88,1863.87,1807.1790771484375
89,1806.6,1827.5281982421875
90,1782.95,1785.626708984375
91,1816.54,1758.6871337890625
92,1799.44,1777.348876953125
93,1814.96,1757.609130859375
94,1809.03,1779.34619140625
95,1831.7,1795.3638916015625
96,1831.88,1805.5172119140625
97,1799.05,1809.64111328125
98,1804.55,1766.549072265625
99,1800.42,1772.50732421875
100,1727.6400000000003,1781.9093017578125
101,1749.67,1666.4910888671875
102,1787.4799999999998,1709.7498779296875
103,1810.28,1758.1978759765625
104,1824.7099999999998,1746.2127685546875
105,1779.25,1792.7054443359375
106,1822.0,1764.402587890625
107,1797.5700000000002,1780.765625
108,1783.13,1764.14501953125
109,1773.2199999999998,1744.095703125
110,1752.08,1740.217041015625
111,1781.99,1712.5948486328125
112,1753.6100000000001,1747.3800048828125
113,1806.21,1722.774658203125
114,1807.6,1756.809326171875
115,1812.0,1771.124755859375
116,1837.76,1776.6337890625
117,1849.88,1801.74462890625
118,1891.99,1809.00048828125
119,1898.85,1843.7056884765625
120,1900.41,1856.8184814453125
121,1907.91,1859.08056640625
122,1922.5499999999997,1865.8218994140625
123,1939.61,1890.3350830078125
124,1910.21,1898.34326171875
125,1919.1,1869.7369384765625
126,1934.38,1887.21728515625
127,1929.91,1897.6629638671875
128,1952.88,1881.521484375
129,1955.0,1919.476318359375
130,2018.93,1924.7103271484375
131,1984.7299999999998,1950.3175048828125
132,1999.5800000000002,1949.531005859375
133,1978.7899999999997,1965.3388671875
134,1992.56,1936.1712646484375
135,1913.0,1964.0081787109375
136,1933.71,1845.112548828125
137,1912.69,1890.321044921875
138,1961.62,1891.4921875
139,1959.9,1907.3756103515625
140,1966.13,1929.28173828125
141,1933.53,1940.8077392578125
142,1870.36,1900.723388671875
143,1886.63,1837.5054931640625
144,1802.65,1834.0028076171875
145,1733.29,1749.667724609375
146,1746.42,1603.880615234375
147,1777.5799999999997,1683.890380859375
148,1679.9100000000003,1736.309326171875
149,1586.6399999999999,1611.2125244140625
150,1453.07,1553.9013671875
151,1573.99,1386.4837646484375
152,1447.64,1486.488525390625
153,1577.89,1401.4320068359375
154,1636.5699999999997,1500.6697998046875
155,1642.33,1586.2471923828125
156,1677.41,1595.7315673828125
157,1660.45,1637.0789794921875
158,1599.2,1583.0594482421875
159,1623.39,1542.44921875
160,1603.87,1558.2281494140625
161,1633.7999999999997,1557.37353515625
162,1621.93,1578.06689453125
163,1627.57,1565.4866943359375
164,1585.3,1586.5350341796875
165,1481.75,1534.012451171875
166,1491.25,1428.1971435546875
167,1430.3899999999999,1428.622314453125
168,1483.74,1368.8365478515625
169,1532.48,1412.1124267578125
170,1479.5000000000002,1466.62744140625
171,1444.59,1438.0224609375
172,1490.86,1397.779052734375
173,1490.3,1448.037109375
174,1469.8099999999997,1434.71728515625
175,1453.55,1394.367919921875
176,1511.9999999999998,1413.30126953125
177,1458.13,1461.9122314453125
178,1369.29,1399.778564453125
179,1342.5,1328.3272705078125
180,1371.53,1289.802490234375
181,1318.22,1310.365234375
182,1389.24,1243.3856201171875
183,1419.18,1311.3023681640625
184,1434.06,1373.902099609375
185,1437.74,1376.9927978515625
186,1524.96,1391.6005859375
187,1551.73,1461.60205078125
188,1513.26,1466.5657958984375
189,1569.86,1446.6690673828125
190,1555.48,1516.0069580078125
191,1539.03,1504.3104248046875
192,1567.59,1489.967041015625
193,1553.48,1523.2139892578125
194,1479.91,1501.777099609375
195,1486.78,1414.89794921875
196,1522.6700000000003,1433.0030517578125
197,1566.35,1469.25244140625
198,1607.2400000000002,1498.1767578125
199,1600.57,1544.7537841796875
200,1605.93,1555.1588134765625
201,1567.69,1562.720703125
202,1555.08,1523.4798583984375
203,1571.53,1518.2313232421875
204,1561.59,1508.932861328125
205,1577.22,1501.8450927734375
206,1526.71,1530.01318359375
207,1539.23,1484.657470703125
208,1481.6700000000003,1497.670166015625
209,1474.17,1434.336669921875
210,1480.15,1425.2464599609375
211,1481.41,1428.0716552734375
212,1533.5800000000002,1432.6585693359375
213,1528.31,1477.0810546875
214,1531.7,1494.890625
215,1589.31,1503.882568359375
216,1564.0700000000002,1544.6973876953125
217,1544.41,1521.611572265625
218,1620.7099999999998,1492.036376953125
219,1650.35,1564.5047607421875
220,1648.98,1590.998291015625
221,1684.54,1601.225341796875
222,1678.3599999999997,1654.193603515625
223,1652.0000000000002,1641.734130859375
224,1658.26,1606.2850341796875
225,1726.16,1626.70263671875
226,1723.6800000000003,1672.8260498046875
227,1690.11,1672.2113037109375
228,1723.5000000000002,1659.258056640625
229,1742.06,1687.6748046875
230,1773.6,1691.082275390625
231,1833.18,1717.52880859375
232,1848.0,1783.44140625
233,1811.4399999999998,1793.8453369140625
234,1827.21,1786.0831298828125
235,1832.38,1808.603515625
236,1828.05,1788.905029296875
237,1870.51,1789.976318359375
238,1777.33,1833.5477294921875
239,1806.51,1745.6402587890625
240,1814.86,1786.475341796875
241,1831.0,1801.9317626953125
242,1838.92,1787.3603515625
243,1795.12,1813.4866943359375
244,1802.35,1768.4765625
245,1766.37,1770.8634033203125
246,1779.1399999999999,1755.2518310546875
247,1795.16,1727.8321533203125
248,1793.48,1763.579345703125
249,1825.78,1768.2939453125
250,1818.09,1798.1197509765625
251,1794.36,1798.8463134765625
252,1773.94,1776.003662109375
253,1775.47,1749.317626953125
254,1739.0,1722.8931884765625
255,1766.0999999999997,1710.935302734375
256,1759.29,1736.6190185546875
257,1790.17,1727.4810791015625
258,1871.8,1769.1234130859375
259,1876.06,1830.6717529296875
260,1926.9,1829.5809326171875
261,1922.3500000000001,1889.5743408203125
262,1911.0,1890.0670166015625
263,1886.1199999999997,1878.8533935546875
264,1878.84,1868.0518798828125
265,1858.01,1848.3033447265625
266,1871.16,1831.2979736328125
267,1848.1,1841.8875732421875
268,1885.55,1835.642578125
269,1793.8199999999997,1862.1636962890625
270,1770.0,1768.778564453125
271,1765.84,1727.755615234375
272,1785.58,1738.9288330078125
273,1793.48,1739.082763671875
274,1748.59,1758.042724609375
275,1799.26,1724.1146240234375
276,1792.55,1774.171875
277,1803.9099999999999,1767.6351318359375
278,1784.08,1754.7557373046875
279,1805.1199999999997,1755.6068115234375
280,1766.6600000000003,1782.1695556640625
281,1785.61,1746.5966796875
282,1759.71,1761.9903564453125
283,1772.79,1739.7056884765625
284,1827.36,1733.6197509765625
285,1823.58,1791.97119140625
286,1833.66,1785.479248046875
287,1815.34,1801.4610595703125
288,1799.7,1804.986083984375
289,1822.22,1777.1639404296875
290,1767.72,1783.5843505859375
291,1776.08,1740.6385498046875
292,1780.06,1753.1446533203125
293,1793.46,1746.225830078125
294,1819.02,1770.1064453125
295,1821.7200000000003,1790.8765869140625
296,1826.64,1788.53466796875
297,1809.1,1801.212158203125
298,1832.88,1791.6773681640625
299,1822.15,1802.62841796875
300,1841.79,1799.64892578125
301,1855.24,1815.761962890625
302,1847.84,1826.521728515625
303,1806.0999999999997,1824.4879150390625
304,1787.12,1788.2156982421875
305,1779.33,1765.4903564453125
306,1772.52,1751.7965087890625
307,1789.4400000000003,1736.2193603515625
308,1795.9700000000003,1759.142333984375
309,1782.98,1770.8802490234375
310,1782.93,1768.1566162109375
311,1789.16,1759.0870361328125
312,1795.49,1770.15478515625
313,1778.63,1767.2071533203125
314,1737.86,1747.7703857421875
315,1680.97,1721.1820068359375
316,1702.19,1655.744140625
317,1679.3599999999997,1677.014404296875
318,1687.35,1641.49560546875
319,1702.93,1652.13232421875
320,1705.86,1685.6055908203125
321,1668.08,1683.76904296875
322,1678.89,1651.218994140625
323,1695.1600000000003,1656.10400390625
324,1714.86,1660.9547119140625
325,1721.3300000000002,1677.71728515625
326,1635.56,1696.24169921875
327,1581.84,1624.6124267578125
328,1572.15,1548.837158203125
329,1573.9600000000003,1547.30859375
330,1592.46,1539.26318359375
331,1594.9500000000003,1554.2742919921875
332,1605.05,1561.83642578125
333,1585.74,1586.93603515625
334,1618.7300000000002,1572.7779541015625
335,1629.54,1587.4493408203125
336,1617.82,1594.7568359375
337,1641.28,1586.4949951171875
338,1664.4,1618.251220703125
339,1698.84,1639.32470703125
340,1693.0000000000002,1666.1357421875
341,1692.06,1669.5146484375
342,1681.1200000000001,1669.693603515625
343,1682.5000000000002,1661.9222412109375
344,1704.16,1654.79736328125
345,1712.63,1675.0489501953125
346,1710.97,1688.37451171875
347,1718.06,1685.3294677734375
348,1703.23,1703.6378173828125
349,1709.0,1690.6123046875
350,1675.03,1679.89892578125
351,1687.01,1656.1097412109375
352,1696.12,1665.196533203125
353,1704.24,1673.84765625
354,1764.2900000000002,1682.5252685546875
355,1787.86,1737.3348388671875
356,1816.08,1757.9976806640625
357,1816.74,1781.0489501953125
358,1797.25,1791.962158203125
359,1818.01,1778.5406494140625
360,1848.79,1793.7891845703125
361,1830.61,1810.8729248046875
362,1858.27,1799.920166015625
363,1840.46,1835.70458984375
364,1823.17,1825.3306884765625
365,1813.89,1809.770751953125
366,1808.83,1806.0469970703125
367,1849.09,1772.976806640625
368,1900.63,1819.7869873046875
369,1919.3700000000001,1866.40625
370,1922.8,1886.0572509765625
371,1926.3099999999997,1913.4503173828125
372,1920.07,1908.1448974609375
373,1944.39,1900.7957763671875
374,1974.12,1914.580078125
375,1968.05,1916.5230712890625
376,1996.63,1942.0738525390625
377,1994.71,1966.7520751953125
378,2005.61,1971.5611572265625
379,2073.89,1987.4365234375
380,2062.63,2027.977783203125
381,2133.69,2026.32666015625
382,2093.1,2101.766845703125
383,2111.35,2073.149658203125
384,2096.44,2099.249267578125
385,2070.98,2084.95703125
386,2095.29,2054.71875
387,2008.52,2038.2403564453125
388,2015.27,1994.857177734375
389,2034.58,1988.8748779296875
390,2043.1300000000003,2013.6658935546875
391,2077.34,2033.376708984375
392,2061.44,2061.701904296875
393,2075.69,2057.207275390625
394,2028.66,2067.951904296875
395,2028.16,2025.31103515625
396,2057.03,2002.7318115234375
397,2113.18,2032.4832763671875
398,2104.35,2077.771728515625
399,2107.38,2074.83251953125
400,2114.18,2099.505615234375
401,2099.45,2117.243896484375
402,2113.6,2088.39404296875
403,2084.67,2086.48388671875
404,2113.6,2056.03173828125
405,2112.21,2090.73193359375
406,2104.99,2091.181640625
407,2074.89,2089.44677734375
408,1977.89,2067.876708984375
409,1977.04,1956.7353515625
410,1983.46,1945.9530029296875
411,1963.47,1947.955078125
412,1997.12,1934.9364013671875
413,2027.76,1975.9766845703125
414,1996.92,2020.718017578125
415,2059.5,1986.58642578125
416,2057.81,2035.7626953125
417,2080.46,2039.2891845703125
418,2072.8,2046.2802734375
419,2077.89,2064.312255859375
420,2083.81,2062.734130859375
421,2062.24,2061.841796875
422,2077.28,2040.6875
423,2066.87,2049.036865234375
424,2144.4,2047.082763671875
425,2162.93,2113.793212890625
426,2160.62,2129.986328125
427,2156.07,2136.95703125
428,2128.42,2134.279052734375
429,2133.49,2111.00439453125
430,2144.67,2099.845458984375
431,2130.89,2119.415771484375
432,2147.14,2105.737060546875
433,2148.4,2130.363037109375
434,2143.02,2129.9248046875
435,2151.36,2124.624267578125
436,2148.88,2129.0419921875
437,2181.1,2124.5595703125
438,2149.7,2152.401611328125
439,2121.74,2117.69970703125
440,2142.31,2103.823974609375
441,2137.69,2116.241943359375
442,2163.35,2113.34765625
443,2163.84,2137.074951171875
444,2229.17,2143.660888671875
445,2275.7,2184.007080078125
446,2297.38,2230.459228515625
447,2299.19,2245.911865234375
448,2346.97,2262.063720703125
449,2370.5,2312.110107421875
450,2390.0,2330.46826171875
451,2348.71,2328.574951171875
452,2335.3,2293.768798828125
453,2432.6000000000004,2296.23583984375
454,2475.75,2385.310546875
455,2469.1,2416.738525390625
456,2428.92,2429.64990234375
457,2461.49,2419.127685546875
458,2478.51,2441.86962890625
459,2514.04,2437.154296875
460,2497.57,2471.553955078125
461,2426.59,2467.33544921875
462,2382.67,2376.839599609375
463,2428.92,2346.396484375
464,2429.66,2359.29736328125
465,2422.67,2365.967529296875
466,2486.79,2399.89990234375
467,2461.4,2466.54638671875
468,2408.99,2451.147216796875
469,2345.0,2396.860595703125
470,2378.57,2323.154296875
471,2317.6,2330.101806640625
472,2158.9,2300.195068359375
473,2210.29,2085.63037109375
474,2052.19,2157.69140625
475,2144.3,2021.0555419921875
476,2188.41,2065.14501953125
477,2235.64,2151.969970703125
478,2266.21,2191.8671875
479,2268.6,2233.429443359375
480,2246.63,2241.751708984375
481,2095.32,2194.976318359375
482,2187.46,2054.540283203125
483,2161.12,2133.398681640625
484,2096.73,2125.76513671875
485,2092.03,2048.066650390625
486,2194.8,2078.024658203125
487,2186.65,2151.606201171875
488,2324.7,2113.630615234375
489,2330.03,2239.14501953125
490,2284.0,2270.978759765625
491,2294.18,2233.42919921875
492,2264.98,2265.6103515625
493,2442.8,2212.62841796875
494,2436.9400000000005,2330.024169921875
495,2357.06,2357.287109375
496,2390.48,2290.203369140625
497,2471.4399999999996,2323.61376953125
498,2544.7000000000003,2394.633544921875
499,2610.58,2395.6083984375
500,2535.54,2478.448974609375
501,2397.94,2426.34375
502,2282.74,2276.7451171875
503,2132.45,2132.590576171875
504,2295.03,2008.694091796875
505,2333.84,2139.62158203125
506,2363.92,2167.416015625
507,2367.39,2250.802490234375
508,2296.81,2301.349365234375
509,2273.34,2211.406982421875
510,2179.43,2204.12890625
511,2250.6,2098.44677734375
512,2269.71,2138.142333984375
513,2213.35,2189.48486328125
514,2187.18,2148.940673828125
515,2193.43,2142.1591796875
516,2288.0,2150.625732421875
517,2341.59,2193.289306640625
518,2268.57,2230.992431640625
519,2320.49,2196.14453125
520,2455.16,2203.727783203125
521,2450.0,2338.865966796875
522,2517.3,2343.64013671875
523,2508.19,2397.527587890625
524,2490.91,2426.54296875
525,2532.6,2410.689208984375
526,2493.16,2430.822998046875
527,2545.63,2420.244140625
528,2572.7,2466.653076171875
529,2663.01,2496.648193359375
530,2622.55,2550.633056640625
531,2666.13,2546.869384765625
532,2627.2900000000004,2592.378662109375
533,2612.24,2569.2138671875
534,2692.0400000000004,2522.545654296875
535,2681.02,2610.206787109375
536,2737.97,2596.43212890625
537,2748.24,2645.164306640625
538,2694.15,2665.095703125
539,2730.6300000000006,2634.87353515625
540,2762.22,2664.05712890625
541,2777.39,2683.345703125
542,2725.9499999999994,2687.8447265625
543,2757.04,2654.27099609375
544,2743.41,2699.77783203125
545,2774.48,2691.492919921875
546,2739.02,2708.933349609375
547,2736.46,2696.07666015625
548,2783.86,2677.230712890625
549,2772.4200000000005,2727.98291015625
550,2839.01,2717.85205078125
551,2858.74,2762.438232421875
552,2857.6000000000004,2812.8154296875
553,2866.37,2800.0498046875
554,2925.49,2818.677734375
555,2944.77,2871.884521484375
556,2901.51,2883.778564453125
557,2892.9,2860.82666015625
558,2936.2499999999995,2861.02197265625
559,2929.15,2880.30419921875
560,2963.56,2876.624755859375
561,2949.56,2919.28564453125
562,3054.33,2917.851318359375
563,3146.95,2991.837646484375
564,3151.95,3072.973388671875
565,3163.66,3072.541015625
566,3301.27,3077.488525390625
567,3431.04,3205.14697265625
568,3232.25,3311.31103515625
569,3313.63,3126.213623046875
570,3480.01,3275.853759765625
571,3228.49,3390.271728515625
572,3412.9000000000005,3084.98193359375
573,3239.01,3271.4130859375
574,3296.34,3213.191162109375
575,3339.51,3189.1396484375
576,3352.65,3262.25
577,3305.9,3286.0361328125
578,3480.84,3225.029541015625
579,3524.26,3377.22021484375
580,3469.1800000000003,3418.625
581,3439.2,3384.291259765625
582,3523.15,3392.6298828125
583,3551.25,3465.6162109375
584,3482.07,3456.319091796875
585,3489.73,3382.271728515625
586,3424.01,3446.096923828125
587,3434.17,3381.931640625
588,3443.48,3364.083251953125
589,3560.93,3415.8447265625
590,3512.59,3486.569091796875
591,3479.53,3460.422607421875
592,3532.1,3436.673828125
593,3527.87,3498.438232421875
594,3540.24,3478.572021484375
595,3631.16,3479.626220703125
596,3811.84,3548.734130859375
597,3910.26,3682.548583984375
598,3870.09,3807.853515625
599,3937.7599999999998,3794.721923828125
600,3851.98,3852.046142578125
601,3878.46,3802.659423828125
602,3862.96,3737.591552734375
603,3923.95,3811.163818359375
604,4054.58,3871.492431640625
605,4105.85,3956.07763671875
606,4066.18,4032.822998046875
607,4156.37,3976.57177734375
608,3991.12,4025.205810546875
609,3945.88,3919.391845703125
610,3855.52,3737.031982421875
611,3961.68,3756.775634765625
612,3971.98,3869.50732421875
613,4020.99,3872.569580078125
614,4067.06,3910.046875
615,4173.45,3997.78466796875
616,4332.81,4078.06005859375
617,4306.42,4203.15576171875
618,4273.91,4210.91357421875
619,4189.07,4177.3955078125
620,4083.9199999999996,4123.77978515625
621,3823.21,3904.891845703125
622,3941.08,3719.284423828125
623,3968.0,3690.786376953125
624,3744.47,3825.4541015625
625,3747.02,3531.886962890625
626,3651.75,3628.307861328125
627,3717.91,3548.046875
628,3790.81,3545.812255859375
629,3881.66,3670.119140625
630,3999.82,3727.6123046875
631,4131.29,3843.2314453125
632,4046.35,3965.950927734375
633,4075.01,3923.465087890625
634,4025.63,3938.491455078125
635,3907.6600000000003,3934.075439453125
636,3902.03,3807.767822265625
637,3875.52,3756.225830078125
638,3751.4299999999994,3764.8671875
639,3646.6799999999994,3599.8759765625
640,3826.23,3577.958984375
641,3866.75,3716.9638671875
642,3789.69,3730.907958984375
643,3633.45,3694.53076171875
644,3419.22,3557.16650390625
645,3582.0999999999995,3277.245361328125
646,3240.13,3375.389404296875
647,3520.85,3101.852783203125
648,3516.52,3225.515869140625
649,3284.75,3350.75
650,3378.75,3153.799072265625
651,3282.51,3155.46240234375
652,3384.5700000000006,3148.263427734375
653,3510.02,3194.70263671875
654,3533.89,3321.91357421875
655,3345.5,3371.460693359375
656,3402.38,3170.337646484375
657,3375.0700000000006,3250.144287109375
658,3097.23,3246.22705078125
659,2985.0,2927.82275390625
660,2721.08,2751.643310546875
661,2742.61,2500.86376953125
662,2601.1300000000006,2185.88623046875
663,2438.9200000000005,2400.008544921875
664,2472.46,2324.42626953125
665,2712.69,2131.628173828125
666,2754.41,2561.07177734375
667,2903.99,2497.130615234375
668,2782.41,2561.160400390625
669,2768.62,2519.001708984375
670,2790.86,2571.568603515625
671,2686.96,2631.17236328125
672,2712.37,2466.776123046875
673,2420.69,2502.505615234375
674,2349.5,2204.020263671875
675,2430.98,2096.885986328125
676,2329.99,2099.5830078125
677,2248.57,2099.31298828125
678,2415.54,2000.13525390625
679,2367.21,2220.85498046875
680,2255.05,2185.564208984375
681,2294.87,2053.886474609375
682,2317.8,2152.56201171875
683,2157.64,2123.02685546875
684,2115.49,1941.1895751953125
685,1924.79,1852.397216796875
686,1968.0900000000001,1699.2779541015625
687,2096.39,1667.418212890625
688,2141.29,1880.427001953125
689,2291.1,1941.15966796875
690,2367.74,2067.18359375
691,2509.07,2165.00439453125
692,2650.8599999999997,2244.542236328125
693,2648.43,2365.218505859375
694,2582.48,2390.193359375
695,2660.48,2385.3583984375
696,2392.72,2467.372802734375
697,2610.47,2226.584716796875
698,2512.12,2350.8935546875
699,2705.11,2319.697021484375
700,2840.45,2482.551025390625
701,2890.62,2627.72607421875
702,2832.8700000000003,2682.306884765625
703,2744.78,2651.875244140625
704,2739.85,2573.162353515625
705,2884.9399999999996,2556.8974609375
706,2679.26,2700.407470703125
707,2735.02,2522.57568359375
708,2826.88,2605.770263671875
709,2803.9899999999993,2708.441162109375
710,2757.66,2629.66259765625
711,2742.23,2617.0322265625
712,2716.07,2634.746826171875
713,2566.13,2591.191162109375
714,2435.66,2415.340576171875
715,2558.36,2307.334228515625
716,2499.51,2411.00634765625
717,2412.1,2339.50634765625
718,2525.29,2267.6826171875
719,2488.96,2429.08544921875
720,2450.75,2386.769287109375
721,2328.92,2305.587890625
722,2247.04,2232.987548828125
723,2278.74,2158.3740234375
724,2296.12,2160.023193359375
725,2452.33,2145.771484375
726,2461.56,2304.997802734375
727,2382.48,2332.184814453125
728,2441.9,2272.579833984375
729,2385.98,2355.926025390625
730,2300.77,2296.371826171875
731,2450.4200000000005,2191.188720703125
732,2551.46,2335.792724609375
733,2637.48,2408.17431640625
734,2627.2,2449.4931640625
735,2706.15,2516.090576171875
736,2630.79,2592.849609375
737,2652.53,2519.247314453125
738,2624.0900000000006,2552.684326171875
739,2568.49,2484.70361328125
740,2542.67,2427.609619140625
741,2634.57,2449.6494140625
742,2615.4,2530.36474609375
743,2692.6,2504.686767578125
744,2694.35,2598.15576171875
745,2791.24,2596.639404296875
746,2758.19,2653.11767578125
747,2706.22,2668.86669921875
748,2725.8,2610.885986328125
749,2820.32,2626.14501953125
750,2806.63,2705.814453125
751,2788.1099999999997,2671.163818359375
752,2793.29,2670.08203125
753,2857.25,2731.27099609375
754,2753.2699999999995,2766.427978515625
755,2619.69,2625.374755859375
756,2624.53,2533.672119140625
757,2658.01,2553.36328125
758,2681.08,2515.169921875
759,2689.51,2586.98779296875
760,2762.33,2637.259033203125
761,2781.06,2688.751708984375
762,2639.9,2723.370361328125
763,2654.99,2568.5458984375
764,2602.77,2530.11279296875
765,2627.73,2533.072998046875
766,2674.19,2516.786376953125
767,2689.43,2584.02490234375
768,2690.75,2630.016845703125
769,2721.0,2627.539794921875
770,2673.87,2636.7041015625
771,2711.92,2610.77734375
772,2767.38,2628.17236328125
773,2764.42,2674.2333984375
774,2812.6499999999996,2684.39599609375
775,2783.0,2719.740234375
776,2730.3,2693.85693359375
777,2592.05,2624.132080078125
778,2490.96,2496.3125
779,2516.15,2377.158935546875
780,2533.03,2383.833984375
781,2375.36,2408.64306640625
782,2501.15,2257.38671875
783,2507.23,2409.586669921875
784,2454.86,2442.70751953125
785,2503.09,2344.027099609375
786,2535.48,2415.468505859375
787,2566.92,2432.505615234375
788,2562.7299999999996,2396.12744140625
789,2610.18,2470.426025390625
790,2563.15,2535.91650390625
791,2548.12,2492.4990234375
792,2566.3099999999995,2487.897705078125
793,2512.02,2485.164794921875
794,2458.69,2421.07421875
795,2471.09,2385.3984375
796,2465.0999999999995,2409.38037109375
797,2446.0800000000004,2389.611083984375
798,2470.73,2383.587646484375
799,2416.04,2415.764404296875
800,2398.12,2360.79345703125
801,2354.01,2331.58251953125
802,2300.18,2297.29052734375
803,2322.12,2219.8701171875
804,2388.7,2236.4248046875
805,2393.08,2298.794677734375
806,2409.71,2317.986083984375
807,2370.74,2348.675537109375
808,2333.41,2329.559326171875
809,2324.25,2289.016845703125
810,2363.04,2257.03369140625
811,2351.6,2285.951171875
812,2430.27,2277.967529296875
813,2509.33,2346.466796875
814,2478.34,2431.61181640625
815,2499.7300000000005,2414.26806640625
816,2479.54,2432.874267578125
817,2577.17,2415.260986328125
818,2539.57,2475.497314453125
819,2580.77,2457.46142578125
820,2586.82,2510.416259765625
821,2622.58,2534.329833984375
822,2577.46,2553.550048828125
823,2551.31,2521.15771484375
824,2531.59,2501.08935546875
825,2543.5399999999995,2494.960693359375
826,2521.89,2488.857177734375
827,2528.0999999999995,2468.134521484375
828,2460.06,2489.31640625
829,2415.95,2422.89990234375
830,2418.86,2364.509033203125
831,2367.89,2363.72265625
832,2434.38,2314.45556640625
833,2441.01,2374.413818359375
834,2424.5,2395.4228515625
835,2417.24,2389.649658203125
836,2340.18,2367.14013671875
837,2373.28,2293.384521484375
838,2342.16,2319.399658203125
839,2341.62,2287.657958984375
840,2319.89,2299.884033203125
841,2215.0,2282.173095703125
842,2154.42,2177.538330078125
843,2234.09,2120.2744140625
844,2188.46,2179.259521484375
845,2245.51,2129.247802734375
846,2241.13,2189.195068359375
847,2246.66,2216.427734375
848,2221.18,2207.7861328125
849,2164.67,2176.66455078125
850,2183.38,2135.65087890625
851,2203.97,2135.6962890625
852,2074.28,2160.658203125
853,2111.21,2032.53369140625
854,2222.78,2056.94921875
855,2243.47,2178.307861328125
856,2157.07,2175.939697265625
857,2012.4300000000003,2123.601318359375
858,1969.15,1975.0966796875
859,1983.84,1888.3408203125
860,1943.5200000000002,1894.766845703125
861,1885.4900000000002,1846.88427734375
862,1976.18,1820.7373046875
863,1944.7100000000003,1935.382568359375
864,1866.94,1912.27197265625
865,1861.01,1800.2047119140625
866,1895.92,1718.009033203125
867,1879.28,1828.9085693359375
868,2012.22,1807.72998046875
869,2005.36,1903.1964111328125
870,1991.54,1977.1270751953125
871,1974.67,1938.5999755859375
872,1916.52,1928.0274658203125
873,1968.14,1875.1861572265625
874,1905.01,1894.3890380859375
875,1919.49,1849.4044189453125
876,1965.25,1870.078369140625
877,1985.77,1916.967529296875
878,2011.58,1928.337646484375
879,1989.52,1951.6739501953125
880,1995.45,1941.75
881,1944.06,1942.9871826171875
882,1852.99,1899.530029296875
883,1827.07,1809.1832275390625
884,1851.4399999999998,1767.44091796875
885,1808.82,1780.4552001953125
886,1819.34,1752.5679931640625
887,1752.0,1769.036865234375
888,1802.17,1729.4012451171875
889,1779.0,1736.54833984375
890,1784.81,1707.6705322265625
891,1829.6400000000003,1708.57275390625
892,1882.48,1763.1265869140625
893,1867.33,1813.614501953125
894,1839.6,1815.8953857421875
895,1844.05,1800.2593994140625
896,1823.0,1801.8135986328125
897,1982.28,1767.270263671875
898,1967.62,1895.9765625
899,2048.99,1904.6483154296875
900,1999.84,1980.3035888671875
901,2117.39,1957.203369140625
902,2114.61,2041.0784912109375
903,2084.41,2035.561279296875
904,2104.0,2020.9237060546875
905,2130.86,2067.032470703125
906,2176.43,2090.01953125
907,2218.29,2116.043701171875
908,2221.56,2153.59521484375
909,2165.33,2174.429931640625
910,2126.58,2128.9990234375
911,2161.76,2103.067626953125
912,2156.24,2108.632568359375
913,2103.0,2088.690673828125
914,2242.37,2061.013671875
915,2275.68,2187.674560546875
916,2184.79,2215.994140625
917,2129.01,2154.8017578125
918,2139.14,2133.41259765625
919,2118.23,2089.702880859375
920,2100.18,2048.951171875
921,2106.41,2048.45068359375
922,2041.2,2082.759765625
923,2061.49,2032.921875
924,2038.9899999999998,2036.6605224609375
925,2124.15,2013.3505859375
926,2103.73,2063.90185546875
927,2154.13,2055.855712890625
928,2131.16,2113.446533203125
929,2195.95,2115.714599609375
930,2213.56,2162.304443359375
931,2224.75,2170.25634765625
932,2225.35,2180.85205078125
933,2226.99,2193.705322265625
934,2209.73,2187.386474609375
935,2334.96,2183.8642578125
936,2330.97,2290.14892578125
937,2330.77,2286.337158203125
938,2357.02,2293.903564453125
939,2322.69,2342.52978515625
940,2264.2,2302.38671875
941,2273.77,2229.53955078125
942,2194.91,2248.700927734375
943,2206.24,2171.203369140625
944,2245.3,2176.685546875
945,2196.53,2203.751953125
946,2238.17,2176.123779296875
947,2336.72,2219.814453125
948,2293.91,2299.4765625
949,2305.73,2237.571533203125
950,2327.67,2271.778564453125
951,2322.5,2300.729736328125
952,2339.47,2272.42333984375
953,2376.82,2291.8642578125
954,2384.33,2341.395263671875
955,2341.97,2351.515380859375
956,2366.28,2313.087646484375
957,2316.57,2345.522216796875
958,2253.36,2298.24267578125
959,2182.08,2217.27294921875
960,2168.59,2155.073974609375
961,2174.38,2123.435791015625
962,2157.75,2121.102783203125
963,2116.33,2118.267822265625
964,2121.42,2087.59912109375
965,2126.22,2080.226806640625
966,2081.03,2102.3896484375
967,2171.63,2045.0230712890625
968,2133.67,2115.883544921875
969,2146.99,2110.97607421875
970,2133.98,2119.88818359375
971,2121.91,2125.4130859375
972,2109.94,2091.576904296875
973,2118.8,2075.2177734375
974,2093.42,2083.6630859375
975,2110.69,2062.76220703125
976,2091.1,2082.335205078125
977,2099.84,2078.90087890625
978,2129.0,2072.175537109375
979,2145.01,2095.381103515625
980,2134.93,2104.0849609375
981,2140.45,2102.085205078125
982,2163.8,2120.462158203125
983,2146.17,2130.91064453125
984,2100.98,2115.025390625
985,2087.5,2076.84814453125
986,2020.31,2056.8662109375
987,2031.58,1982.215087890625
988,2030.01,1992.98681640625
989,2027.72,1996.13623046875
990,1997.43,1964.44482421875
991,1998.94,1975.7900390625
992,1924.3200000000002,1956.715576171875
993,1940.1500000000003,1893.1531982421875
994,1884.3299999999997,1913.2899169921875
995,1899.7,1842.343505859375
996,1949.0,1854.8553466796875
997,1995.8200000000002,1905.0438232421875
998,1980.22,1941.2265625
999,1994.58,1947.7755126953125
1000,1979.28,1974.979248046875
1001,1954.0200000000002,1961.3426513671875
1002,1912.97,1917.13037109375
1003,1913.79,1880.5599365234375
1004,1917.3799999999999,1866.447998046875
1005,1919.51,1866.849609375
1006,1949.04,1886.40869140625
1007,1912.47,1909.7781982421875
1008,1852.27,1888.42822265625
1009,1934.47,1825.422607421875
1010,1913.17,1887.5616455078125
1011,1876.26,1868.3040771484375
1012,1867.0,1834.1573486328125
1013,1877.9799999999998,1848.9385986328125
1014,1864.47,1856.1912841796875
1015,1886.86,1830.58056640625
1016,1908.0,1847.4810791015625
1017,1899.59,1869.84814453125
1018,1981.77,1863.6845703125
1019,1959.0,1937.6572265625
1020,1965.59,1927.017333984375
1021,1890.8600000000001,1930.0570068359375
1022,1901.04,1870.0726318359375
1023,1891.6399999999999,1870.0894775390625
1024,1885.59,1862.303466796875
1025,1891.56,1846.5555419921875
1026,1862.2,1872.412841796875
1027,1820.25,1841.721435546875
1028,1824.98,1780.330322265625
1029,1818.73,1799.6019287109375
1030,1728.59,1786.7427978515625
1031,1762.07,1681.9034423828125
1032,1755.9899999999998,1734.3255615234375
1033,1805.2900000000002,1715.4521484375
1034,1789.39,1745.0728759765625
1035,1786.03,1763.0274658203125
1036,1801.87,1757.9091796875
1037,1875.25,1767.3345947265625
1038,1906.84,1828.8765869140625
1039,1954.5,1845.9180908203125
1040,1937.23,1893.72216796875
1041,1995.5,1898.8756103515625
1042,1976.59,1952.229736328125
1043,1991.88,1945.3834228515625
1044,1983.99,1949.321533203125
1045,2033.56,1952.5244140625
1046,2029.14,1970.1612548828125
1047,2024.56,1992.2232666015625
1048,2059.91,1988.148193359375
1049,2064.95,2025.6513671875
1050,2054.49,2040.1805419921875
1051,2047.75,2018.8773193359375
1052,2020.5799999999997,2028.466552734375
1053,2124.25,1983.5106201171875
1054,2138.61,2073.205322265625
1055,2132.3,2093.974365234375
1056,2154.86,2092.6845703125
1057,2150.59,2135.900634765625
1058,2145.72,2130.54052734375
1059,2184.75,2118.488525390625
1060,2151.96,2150.604248046875
1061,2175.3,2124.98681640625
1062,2159.98,2149.7763671875
1063,2138.18,2144.740478515625
1064,2153.13,2101.672607421875
1065,2189.79,2130.71728515625
1066,2317.03,2162.58544921875
1067,2325.59,2222.677001953125
1068,2341.51,2283.582763671875
1069,2341.58,2310.193603515625
1070,2362.68,2305.47412109375
1071,2228.08,2343.745849609375
1072,2172.81,2180.697998046875
1073,2202.02,2136.49560546875
1074,2278.35,2178.065185546875
1075,2277.35,2218.343017578125
1076,2229.34,2225.337158203125
1077,2299.49,2212.911376953125
1078,2288.26,2289.47265625
1079,2296.14,2253.44384765625
1080,2330.42,2240.276611328125
1081,2292.3,2297.44775390625
1082,2309.76,2256.6181640625
1083,2300.9,2266.341064453125
1084,2277.71,2284.032958984375
1085,2295.13,2252.9951171875
1086,2293.9,2272.674560546875
1087,2323.91,2281.784423828125
1088,2311.41,2294.876708984375
1089,2382.92,2296.356201171875
1090,2422.21,2353.9599609375
1091,2404.3099999999995,2378.797607421875
1092,2334.84,2369.012939453125
1093,2346.66,2312.0341796875
1094,2378.91,2326.46533203125
1095,2461.81,2348.17236328125
1096,2463.18,2397.97705078125
1097,2442.16,2430.39501953125
1098,2458.58,2428.163330078125
1099,2458.01,2445.146484375
1100,2456.6,2435.545654296875
1101,2531.05,2425.2890625
1102,2616.5,2494.6826171875
1103,2586.18,2569.37548828125
1104,2587.01,2555.26025390625
1105,2583.21,2571.350341796875
1106,2655.56,2572.60595703125
1107,2555.69,2586.11083984375
1108,2560.0,2521.94189453125
1109,2617.74,2524.135498046875
1110,2590.6,2594.198486328125
1111,2633.26,2553.44677734375
1112,2602.07,2592.37060546875
1113,2606.93,2595.143798828125
1114,2533.69,2581.196044921875
1115,2493.2200000000003,2518.40234375
1116,2489.13,2453.87353515625
1117,2496.5699999999997,2460.814697265625
1118,2474.99,2454.078857421875
1119,2509.0400000000004,2437.379150390625
1120,2484.82,2491.7958984375
1121,2478.71,2475.120361328125
1122,2505.8,2458.5634765625
1123,2672.58,2473.4560546875
1124,2694.91,2583.986572265625
1125,2724.78,2617.568359375
1126,2712.0100000000007,2682.91064453125
1127,2681.7,2669.0517578125
1128,2622.22,2650.401611328125
1129,2755.08,2560.410888671875
1130,2796.73,2611.95361328125
1131,2826.99,2712.539794921875
1132,2760.87,2765.735595703125
1133,2767.67,2729.3818359375
1134,2736.26,2766.1171875
1135,2838.27,2709.423583984375
1136,2928.67,2754.90869140625
1137,2891.58,2833.52294921875
1138,2935.12,2839.346923828125
1139,2955.76,2895.90283203125
1140,3105.5,2917.203125
1141,3082.97,3004.23095703125
1142,3075.02,2981.19677734375
1143,3160.31,2972.827880859375
1144,3119.92,3095.5986328125
1145,3137.84,3045.02490234375
1146,3101.3,3073.01171875
1147,3030.77,3073.900146484375
1148,2984.44,2992.262451171875
1149,3011.85,2937.42041015625
1150,2948.31,2975.855224609375
1151,2944.11,2875.26123046875
1152,3133.42,2882.72412109375
1153,3166.61,3053.271484375
1154,3147.74,3047.61669921875
1155,3160.52,3081.3525390625
1156,3115.39,3090.10498046875
1157,3141.21,3068.099365234375
1158,3122.97,3084.023681640625
1159,3121.05,3071.458984375
1160,3142.71,3068.188232421875
1161,3141.66,3069.417236328125
1162,3159.11,3097.863037109375
1163,3231.74,3106.049072265625
1164,3214.39,3153.307861328125
1165,3245.22,3167.1806640625
1166,3249.65,3194.220947265625
1167,3160.5,3197.40576171875
1168,3211.9499999999994,3123.375732421875
1169,3141.63,3174.48291015625
1170,3094.34,3087.3291015625
1171,3029.76,3052.2529296875
1172,3048.55,2998.857421875
1173,3045.96,2976.60693359375
1174,3088.22,2993.7724609375
1175,3222.99,3043.514892578125
1176,3213.68,3170.379638671875
1177,3214.04,3169.950439453125
1178,3224.98,3166.885009765625
1179,3322.32,3199.607421875
1180,3295.49,3238.56884765625
1181,3307.3900000000003,3234.901611328125
1182,3244.76,3271.625
1183,3270.71,3199.58837890625
1184,3262.33,3219.141357421875
1185,3263.16,3227.567626953125
1186,3247.62,3206.829345703125
1187,3161.5,3225.22998046875
1188,3160.55,3150.66552734375
1189,3156.6999999999994,3119.8974609375
1190,3207.88,3121.154296875
1191,3307.09,3142.43115234375
1192,3260.94,3241.675048828125
1193,3276.16,3230.868408203125
1194,3290.26,3250.216552734375
1195,3223.84,3253.53466796875
1196,3176.85,3161.65283203125
1197,3146.5300000000007,3144.16943359375
1198,3194.69,3109.119140625
1199,3171.0,3134.80322265625
1200,3257.71,3133.707763671875
1201,3165.82,3207.14794921875
1202,3116.91,3132.462646484375
1203,3011.7199999999993,3076.43798828125
1204,3049.87,2957.791259765625
1205,3030.37,2957.2138671875
1206,2999.84,2982.3681640625
1207,3111.23,2950.7177734375
1208,3030.81,3052.259033203125
1209,3014.55,2999.61865234375
1210,2966.99,2964.712646484375
1211,2995.37,2922.4169921875
1212,2973.39,2922.561279296875
1213,3067.67,2925.66455078125
1214,3147.5799999999995,2999.921875
1215,3184.12,3072.500244140625
1216,3217.83,3120.869384765625
1217,3216.59,3154.6845703125
1218,3204.33,3161.667724609375
1219,3283.3800000000006,3154.12060546875
1220,3252.75,3209.961669921875
1221,3284.82,3193.62060546875
1222,3276.44,3233.402099609375
1223,3293.56,3228.24658203125
1224,3249.61,3242.169921875
1225,3271.22,3208.26123046875
1226,3217.41,3235.808349609375
1227,3223.4299999999994,3194.114013671875
1228,3226.01,3203.378662109375
1229,3261.8300000000004,3214.463134765625
1230,3255.71,3235.802001953125
1231,3181.54,3234.576416015625
1232,3175.25,3151.45166015625
1233,3238.0,3146.7998046875
1234,3340.22,3201.41455078125
1235,3323.86,3267.351318359375
1236,3342.98,3278.623779296875
1237,3325.98,3325.8203125
1238,3309.62,3298.603515625
1239,3321.28,3283.247314453125
1240,3324.33,3290.0966796875
1241,3346.6,3283.453125
1242,3323.01,3323.273193359375
1243,3211.54,3308.778564453125
1244,3217.44,3189.297119140625
1245,3170.62,3171.042236328125
1246,3175.0,3156.029296875
1247,3183.6000000000004,3152.83349609375
1248,3139.6799999999994,3172.5830078125
1249,3217.17,3109.530517578125
1250,3214.4999999999995,3173.58447265625
1251,3226.87,3193.713623046875
1252,3148.84,3188.08740234375
1253,3105.16,3154.669921875
1254,3087.54,3096.99267578125
1255,3104.77,3073.414306640625
1256,3108.72,3074.4638671875
1257,3093.2,3076.46630859375
1258,3094.26,3095.13427734375
1259,3127.11,3092.22509765625
1260,3154.73,3104.5634765625
1261,3238.97,3125.095703125
1262,3232.36,3175.890380859375
1263,3273.45,3196.96142578125
1264,3244.46,3243.41015625
1265,3230.16,3238.521484375
1266,3222.24,3223.987060546875
1267,3246.15,3216.214599609375
1268,3230.24,3222.361083984375
1269,3244.48,3222.05126953125
1270,3180.28,3246.498779296875
1271,3206.3,3184.204833984375
1272,3181.8299999999995,3189.599365234375
1273,3186.9900000000002,3184.739501953125
1274,3220.2300000000005,3173.623046875
1275,3223.47,3213.288330078125
1276,3161.64,3229.94921875
1277,3180.11,3154.851806640625
1278,3187.49,3168.03173828125
1279,3217.64,3175.83447265625
1280,3341.16,3171.87109375
1281,3229.64,3277.5458984375
1282,3237.78,3211.523681640625
1283,3358.12,3212.502197265625
1284,3429.95,3314.1220703125
1285,3386.63,3338.84375
1286,3414.3,3324.965087890625
1287,3429.1999999999994,3371.871337890625
1288,3442.15,3395.79736328125
1289,3516.86,3388.1787109375
1290,3530.99,3466.444091796875
1291,3580.56,3496.571044921875
1292,3713.11,3531.53759765625
1293,3826.8200000000006,3654.530517578125
1294,3763.3099999999995,3774.77392578125
1295,3733.41,3721.581787109375
1296,3760.62,3713.298583984375
1297,3756.31,3756.186279296875
1298,3783.8900000000003,3730.9560546875
1299,3785.82,3764.18115234375
1300,3806.83,3796.584716796875
1301,3797.9200000000005,3770.458984375
1302,3953.48,3789.9755859375
1303,3968.8,3896.541259765625
1304,3943.85,3924.59375
1305,3938.11,3940.4765625
1306,3917.76,3932.654296875
1307,3916.75,3934.765625
1308,3886.8899999999994,3928.0390625
1309,3917.72,3905.5595703125
1310,3858.41,3931.40771484375
1311,3885.52,3870.377197265625
1312,3845.0,3904.233154296875
1313,3870.71,3882.718505859375
1314,3924.56,3884.85595703125
1315,3907.6799999999994,3940.953369140625
1316,3928.4700000000003,3926.578369140625
1317,3950.29,3944.235107421875
1318,3904.98,3965.62939453125
1319,3943.76,3922.640869140625
1320,3904.77,3951.828125
1321,3924.98,3926.2607421875
1322,3937.8,3912.67138671875
1323,3926.77,3954.234130859375
1324,3913.67,3952.98193359375
1325,3883.85,3925.2548828125
1326,3749.18,3913.364990234375
1327,3452.7,3720.66796875
1328,3411.9,3322.928466796875
1329,3434.57,3409.603759765625
1330,3430.3200000000006,3384.72314453125
1331,3258.22,3388.169189453125
1332,3406.26,3312.120361328125
1333,3419.35,3394.847900390625
1334,3523.14,3375.10791015625
1335,3499.0,3444.3388671875
1336,3469.88,3456.08447265625
1337,3499.42,3435.5771484375
1338,3479.99,3483.194580078125
1339,3523.75,3454.052001953125
1340,3463.6799999999994,3426.608154296875
1341,3424.93,3436.809326171875
1342,3465.02,3404.8173828125
1343,3403.12,3437.495849609375
1344,3401.4200000000005,3387.67138671875
1345,3298.99,3347.982177734375
1346,3311.26,3236.92626953125
1347,3208.86,3275.652587890625
1348,3241.6299999999997,3159.00732421875
1349,3248.03,3202.659423828125
1350,3293.12,3231.536376953125
1351,3311.0,3237.966796875
1352,3298.35,3281.551025390625
1353,3267.21,3273.321044921875
1354,3327.54,3233.18408203125
1355,3320.98,3280.998291015625
1356,3438.06,3278.99951171875
1357,3416.55,3376.51171875
1358,3406.59,3387.670654296875
1359,3404.21,3379.400146484375
1360,3257.6999999999994,3362.5810546875
1361,3203.5700000000006,3247.75830078125
1362,3251.24,3172.3232421875
1363,3202.6200000000003,3192.94189453125
1364,3253.69,3149.700927734375
1365,3285.35,3204.343017578125
1366,3291.33,3257.787109375
1367,3311.86,3260.55419921875
1368,3330.01,3281.93994140625
1369,3388.3400000000006,3301.4716796875
1370,3350.11,3327.866943359375
1371,3434.37,3317.662109375
1372,3396.19,3387.990234375
1373,3404.19,3370.629150390625
1374,3410.76,3367.7255859375
1375,3498.1399999999994,3392.936767578125
1376,3534.46,3448.5087890625
1377,3613.5499999999997,3494.467529296875
1378,3542.91,3579.082763671875
1379,3634.08,3533.3125
1380,3619.29,3622.312744140625
1381,3618.2,3598.14599609375
1382,3562.9,3569.161376953125
1383,3567.98,3580.50634765625
1384,3563.03,3554.797119140625
1385,3520.13,3565.4541015625
1386,3449.03,3544.493408203125
1387,3450.78,3461.79736328125
1388,3424.05,3461.447265625
1389,3399.81,3422.38525390625
1390,3451.42,3390.24951171875
1391,3503.0100000000007,3453.72021484375
1392,3496.5000000000005,3514.174560546875
1393,3474.61,3524.96728515625
1394,3445.12,3511.424072265625
1395,3435.64,3475.91357421875
1396,3413.47,3437.107666015625
1397,3440.72,3423.694580078125
1398,3326.19,3461.381103515625
1399,3363.34,3361.22265625
1400,3337.93,3388.0703125
1401,3328.62,3373.543701171875
1402,3187.09,3328.579345703125
1403,3127.1499999999996,3212.61669921875
1404,3042.45,3157.121826171875
1405,3087.5499999999997,3054.6357421875
1406,3072.02,3011.0146484375
1407,2977.28,3042.995361328125
1408,2998.78,2980.347412109375
1409,3073.95,2943.444091796875
1410,3062.72,3067.28564453125
1411,3035.24,3057.5556640625
1412,2886.84,2996.035400390625
1413,2765.9,2911.876220703125
1414,2867.1200000000003,2729.125
1415,2942.07,2825.835205078125
1416,2894.48,2892.727294921875
1417,3007.22,2836.1708984375
1418,3023.73,2985.51171875
1419,3076.92,3010.06982421875
1420,3118.5,3018.083740234375
1421,3145.95,3054.990234375
1422,3060.24,3087.8095703125
1423,3092.37,3030.50146484375
1424,3147.87,3084.721435546875
1425,3152.5,3123.865966796875
1426,3074.93,3109.1904296875
1427,3087.82,3065.873046875
1428,2827.91,3072.812744140625
1429,2877.13,2771.53076171875
1430,2901.78,2822.37646484375
1431,2928.53,2874.162109375
1432,2912.15,2870.88916015625
1433,2887.38,2897.610595703125
1434,2913.12,2907.794189453125
1435,2922.23,2868.80908203125
1436,2916.77,2853.22998046875
1437,2921.73,2848.706298828125
1438,2866.52,2882.069091796875
1439,2772.77,2845.46630859375
1440,2974.28,2744.64501953125
1441,3053.17,2908.05419921875
1442,3057.62,2979.084716796875
1443,3059.37,2984.05712890625
1444,3131.9100000000003,3044.775146484375
1445,3091.29,3107.494873046875
1446,3092.79,3057.758544921875
1447,3059.13,3063.5576171875
1448,2992.96,3033.041259765625
1449,2925.59,2967.748291015625
1450,2948.97,2925.835693359375
1451,2894.34,2916.489990234375
1452,2926.8,2865.8232421875
1453,2844.4,2887.22216796875
1454,2838.71,2826.562744140625
1455,2804.91,2811.84716796875
1456,2895.95,2802.4609375
1457,2928.3299999999995,2851.390869140625
1458,2933.75,2889.30078125
1459,2861.19,2904.697265625
1460,2810.16,2855.528076171875
1461,2850.45,2805.838134765625
1462,3027.46,2818.7353515625
1463,3001.5899999999997,2962.194580078125
1464,2963.35,2962.95654296875
1465,2985.67,2944.497802734375
1466,2992.23,3004.945068359375
1467,3000.61,2991.564208984375
1468,3002.9799999999996,2964.575439453125
1469,3091.46,2994.586181640625
1470,3235.49,3073.31103515625
1471,3235.7,3178.989013671875
1472,3297.65,3195.791748046875
1473,3309.91,3278.150146484375
1474,3267.31,3300.1328125
1475,3279.9,3267.00341796875
1476,3296.54,3284.60546875
1477,3386.54,3299.551025390625
1478,3467.35,3358.0078125
1479,3387.76,3438.86474609375
1480,3404.97,3389.532470703125
1481,3393.07,3403.22900390625
1482,3413.9,3421.462890625
1483,3404.75,3411.370361328125
1484,3467.4299999999994,3417.747314453125
1485,3417.73,3477.64501953125
1486,3335.31,3427.358642578125
1487,3378.24,3360.155029296875
1488,3313.39,3393.546630859375
1489,3322.51,3323.46337890625
1490,3415.84,3330.538818359375
1491,3386.31,3414.5283203125
1492,3387.9600000000005,3382.53759765625
1493,3389.0,3391.299560546875
1494,3445.0200000000004,3401.718994140625
1495,3418.35,3432.48388671875
1496,3490.55,3417.3125
1497,3515.27,3479.60107421875
1498,3486.63,3514.5673828125
1499,3456.1200000000003,3489.81787109375
1500,3381.22,3468.1455078125
1501,3613.01,3376.16064453125
1502,3587.58,3538.386962890625
1503,3574.89,3552.807373046875
1504,3519.54,3546.81201171875
1505,3611.4,3528.233154296875
1506,3575.86,3602.938720703125
1507,3584.99,3548.00341796875
1508,3606.18,3553.16748046875
1509,3587.47,3610.31298828125
1510,3574.31,3600.58935546875
1511,3602.6999999999994,3587.934326171875
1512,3610.82,3609.013671875
1513,3620.96,3625.34912109375
1514,3625.25,3614.01708984375
1515,3563.13,3634.861572265625
1516,3579.48,3578.25830078125
1517,3606.3,3582.737060546875
1518,3596.98,3613.482421875
1519,3600.76,3583.552978515625
1520,3582.54,3602.64599609375
1521,3574.82,3591.127197265625
1522,3530.53,3566.26513671875
1523,3582.18,3507.71435546875
1524,3563.3,3559.138427734375
1525,3557.65,3551.006591796875
1526,3528.5,3532.38916015625
1527,3414.22,3526.237548828125
1528,3518.15,3426.6171875
1529,3577.07,3470.653564453125
1530,3558.71,3551.937255859375
1531,3593.57,3530.89013671875
1532,3515.0,3583.0009765625
1533,3542.12,3542.0517578125
1534,3486.21,3517.962646484375
1535,3481.59,3474.956298828125
1536,3456.95,3476.043701171875
1537,3505.02,3450.354736328125
1538,3465.67,3478.541015625
1539,3491.46,3470.69189453125
1540,3501.88,3472.54443359375
1541,3427.76,3497.91845703125
1542,3468.68,3427.8505859375
1543,3485.52,3447.51416015625
1544,3521.23,3462.568115234375
1545,3607.4199999999996,3489.383056640625
1546,3643.0,3572.316650390625
1547,3630.01,3613.81591796875
1548,3735.75,3617.9619140625
1549,3808.42,3705.320556640625
1550,3791.77,3748.218994140625
1551,3790.82,3744.159423828125
1552,3820.9199999999996,3778.228759765625
1553,3805.05,3790.778076171875
1554,3778.64,3791.48681640625
1555,3791.09,3756.12158203125
1556,3848.9,3784.1240234375
1557,3868.99,3842.467529296875
1558,3842.95,3850.837646484375
1559,3853.72,3842.603271484375
1560,3956.75,3869.6142578125
1561,3907.64,3932.686279296875
1562,3838.99,3898.050048828125
1563,3829.96,3860.21923828125
1564,3878.16,3855.551025390625
1565,3877.48,3883.259765625
1566,3858.79,3890.783447265625
1567,3788.2100000000005,3890.469970703125
1568,3766.35,3824.80224609375
1569,3846.8500000000004,3803.75732421875
1570,3852.77,3809.348388671875
1571,3837.52,3856.86865234375
1572,3745.45,3864.951171875
1573,3761.0,3767.942626953125
1574,3747.72,3779.14892578125
1575,3744.96,3752.820068359375
1576,3823.01,3736.634033203125
1577,3809.51,3830.237548828125
1578,3798.1299999999997,3825.51513671875
1579,3774.9799999999996,3812.154296875
1580,3816.48,3802.273681640625
1581,3877.03,3824.267333984375
1582,3844.24,3866.584228515625
1583,3858.27,3860.177001953125
1584,3861.01,3877.470947265625
1585,4080.9899999999993,3886.53857421875
1586,4100.93,4008.91162109375
1587,4161.15,4076.036376953125
1588,4185.82,4145.923828125
1589,4162.55,4179.68505859375
1590,4211.88,4162.77880859375
1591,4090.0,4227.12939453125
1592,4080.5499999999997,4071.64306640625
1593,4052.99,4079.898193359375
1594,4155.99,4094.561767578125
1595,4142.15,4151.50439453125
1596,4125.3,4157.43798828125
1597,3966.52,4154.0166015625
1598,3983.47,4008.802490234375
1599,3972.2,3967.50634765625
1600,4023.9,3984.154541015625
1601,4012.84,4026.66064453125
1602,4039.1999999999994,4044.3798828125
1603,4086.6,4054.90478515625
1604,4084.06,4106.42578125
1605,4167.12,4101.24853515625
1606,4132.89,4168.23193359375
1607,4094.13,4169.193359375
1608,4026.2,4129.65478515625
1609,4000.1100000000006,4082.993408203125
1610,4043.03,4034.648681640625
1611,4082.33,4040.429443359375
1612,4134.69,4094.95703125
1613,4149.33,4148.51123046875
1614,4126.4,4174.10107421875
1615,4210.11,4157.11279296875
1616,4184.47,4218.02197265625
1617,4220.37,4196.69677734375
1618,4224.89,4227.02197265625
1619,4198.76,4264.59814453125
1620,4213.92,4229.8603515625
1621,4187.64,4252.68896484375
1622,4211.68,4202.1826171875
1623,4131.52,4218.6025390625
1624,4209.72,4163.86328125
1625,4136.34,4222.2958984375
1626,3992.09,4161.43017578125
1627,3993.47,3959.259033203125
1628,3998.46,4003.981689453125
1629,3922.0,3987.201171875
1630,3995.64,3916.021484375
1631,4009.8599999999997,4004.675048828125
1632,4151.95,4019.681396484375
1633,4151.21,4116.42138671875
1634,4259.04,4155.138671875
1635,4286.02,4203.52783203125
1636,4379.83,4263.177734375
1637,4307.56,4348.0205078125
1638,4320.53,4311.31494140625
1639,4440.3,4337.99072265625
1640,4403.97,4429.22607421875
1641,4418.89,4398.37744140625
1642,4342.72,4439.60302734375
1643,4349.72,4401.62890625
1644,4333.35,4397.68017578125
1645,4282.45,4365.55224609375
1646,4336.63,4301.3134765625
1647,4322.68,4367.02880859375
1648,4370.49,4341.0234375
1649,4318.16,4394.046875
1650,4207.48,4374.15185546875
1651,4214.36,4249.84912109375
1652,4247.82,4237.42041015625
1653,4287.21,4272.931640625
1654,4190.66,4314.6484375
1655,4302.93,4246.52587890625
1656,4315.0,4328.00537109375
1657,4349.98,4350.45263671875
1658,4364.28,4355.99853515625
1659,4319.43,4365.294921875
1660,4318.83,4357.4970703125
1661,4340.81,4362.52685546875
1662,4413.09,4383.005859375
1663,4511.42,4432.86474609375
1664,4509.0,4508.13525390625
1665,4589.89,4517.4287109375
1666,4588.75,4595.130859375
1667,4610.62,4618.9345703125
1668,4577.27,4615.28564453125
1669,4545.68,4619.27099609375
1670,4623.46,4556.8447265625
1671,4603.35,4637.14404296875
1672,4556.41,4644.8857421875
1673,4516.16,4591.6123046875
1674,4509.29,4597.68798828125
1675,4480.33,4565.146484375
1676,4489.83,4538.43994140625
1677,4532.32,4527.4609375
1678,4542.4,4581.7490234375
1679,4529.35,4587.7236328125
1680,4473.58,4592.91455078125
1681,4462.04,4543.8828125
1682,4495.0,4538.91650390625
1683,4474.24,4556.509765625
1684,4491.01,4518.39892578125
1685,4471.72,4554.82666015625
1686,4369.52,4551.58544921875
1687,4398.57,4430.41748046875
1688,4493.73,4443.76220703125
1689,4518.0,4525.50830078125
1690,4549.99,4550.83251953125
1691,4541.5,4596.39697265625
1692,4592.95,4621.62109375
1693,4604.05,4648.05712890625
1694,4603.36,4661.62255859375
1695,4612.59,4666.2431640625
1696,4720.51,4688.13525390625
1697,4723.29,4762.55810546875
1698,4730.02,4782.833984375
1699,4763.77,4780.5439453125
1700,4752.0,4816.88134765625
1701,4807.98,4822.96630859375
1702,4814.0,4861.87939453125
1703,4783.96,4871.107421875
1704,4774.61,4863.28955078125
1705,4790.99,4864.57666015625
1706,4750.62,4868.4736328125
1707,4732.33,4823.455078125
1708,4691.48,4832.3037109375
1709,4714.6,4788.42822265625
1710,4729.67,4796.54931640625
1711,4846.71,4814.2998046875
1712,4705.37,4886.7333984375
1713,4628.78,4788.59912109375
1714,4636.68,4610.93408203125
1715,4691.34,4686.93798828125
1716,4721.95,4733.01220703125
1717,4719.81,4743.08935546875
1718,4758.98,4783.8486328125
1719,4719.0,4834.74267578125
1720,4774.35,4792.9287109375
1721,4711.39,4818.9345703125
1722,4600.85,4790.32763671875
1723,4571.06,4670.10986328125
1724,4654.21,4634.84033203125
1725,4665.46,4684.0771484375
1726,4639.5,4721.3017578125
1727,4645.55,4719.8291015625
1728,4609.31,4732.64599609375
1729,4680.23,4700.017578125
1730,4643.8,4747.029296875
1731,4644.28,4722.27978515625
1732,4628.63,4727.39404296875
1733,4598.4,4739.14501953125
1734,4612.45,4697.27587890625
1735,4583.91,4681.380859375
1736,4545.01,4676.3935546875
1737,4626.5,4610.54736328125
1738,4702.07,4692.41357421875
1739,4680.25,4772.19970703125
1740,4723.0,4749.595703125
1741,4648.08,4791.43701171875
1742,4600.54,4729.865234375
1743,4563.78,4665.779296875
1744,4309.58,4633.40478515625
1745,4312.11,4353.98583984375
1746,4292.43,4368.7158203125
1747,4285.82,4275.17822265625
1748,4265.03,4290.34326171875
1749,4209.76,4327.1806640625
1750,4122.11,4263.75537109375
1751,4183.67,4172.67529296875
1752,4252.4,4225.916015625
1753,4174.76,4239.45849609375
1754,4242.52,4200.53173828125
1755,4287.8,4293.56640625
1756,4279.5,4332.6376953125
1757,4247.99,4326.53466796875
1758,4189.65,4301.60693359375
1759,4071.77,4245.8486328125
1760,4065.41,4123.66552734375
1761,3996.9,4056.97314453125
1762,4010.67,4035.678466796875
1763,4062.04,4055.109375
1764,4141.2,4094.36962890625
1765,4216.17,4177.1318359375
1766,4290.07,4240.20068359375
1767,4294.76,4311.54150390625
1768,4280.55,4325.8154296875
1769,4279.99,4330.484375
1770,4317.83,4340.17578125
1771,4213.06,4364.6142578125
1772,4398.39,4279.16845703125
1773,4412.17,4408.55419921875
1774,4343.29,4458.7060546875
1775,4355.51,4389.126953125
