,date,open,high,low,close,volume,QAV,trades,TBAV,TQAV,Ignore
0,2021-06-23 23:00:00,33469.76,33473.91,33445.49,33445.49,99.71596400,3335849.74048868,950,3.32494700,111256.28807469,0
1,2021-06-23 23:01:00,33440.01,33446.08,33408.61,33445.41,29.53588600,987286.27501940,890,13.66164000,456664.04320151,0
2,2021-06-23 23:02:00,33445.42,33446.96,33405.5,33411.43,15.41154800,515013.21720528,443,4.82227800,161137.09749690,0
3,2021-06-23 23:03:00,33411.52,33446.84,33399.47,33441.74,21.72788100,726148.96162735,583,9.68829700,323817.75670872,0
4,2021-06-23 23:04:00,33441.74,33472.25,33412.78,33415.0,22.04794600,737423.95081420,556,9.21265800,308140.35009413,0
5,2021-06-23 23:05:00,33415.01,33429.15,33402.47,33402.68,13.68118500,457090.01538096,505,4.48646500,149896.02554586,0
6,2021-06-23 23:06:00,33402.68,33412.55,33379.81,33380.11,25.54303600,853049.66121904,505,10.75305600,359079.03556805,0
7,2021-06-23 23:07:00,33380.0,33399.91,33362.62,33386.13,31.93908500,1066010.00268724,638,6.92435700,231134.60174941,0
8,2021-06-23 23:08:00,33386.08,33388.72,33364.89,33378.87,25.67800600,857001.15149358,489,10.65236500,355521.50241306,0
9,2021-06-23 23:09:00,33378.88,33385.4,33333.76,33340.01,59.12853600,1972770.93687647,739,31.78873200,1060607.29501028,0
10,2021-06-23 23:10:00,33340.01,33356.94,33324.68,33340.0,38.59984800,1286955.41638971,739,20.63746800,688109.15725990,0
11,2021-06-23 23:11:00,33340.01,33349.49,33251.0,33282.87,83.14446700,2769184.89127304,1301,30.16823400,1004363.65498421,0
12,2021-06-23 23:12:00,33282.87,33317.8,33282.87,33308.91,20.71205300,689737.98029871,552,14.03512400,467396.98376890,0
13,2021-06-23 23:13:00,33308.9,33308.91,33282.31,33301.94,18.31661900,609852.40788361,411,7.07725600,235621.59688889,0
14,2021-06-23 23:14:00,33306.85,33306.86,33273.32,33300.0,18.87064300,628176.14022738,513,8.15580200,271495.23790834,0
15,2021-06-23 23:15:00,33300.0,33376.01,33300.0,33370.02,48.85017400,1628864.14651400,764,36.33613500,1211607.37795184,0
16,2021-06-23 23:16:00,33371.56,33386.09,33370.0,33376.89,21.36909700,713180.19208269,457,6.87248600,229359.66303691,0
17,2021-06-23 23:17:00,33376.89,33427.5,33370.16,33420.36,28.05143800,936868.62313814,603,17.15784700,573067.16993970,0
18,2021-06-23 23:18:00,33420.35,33452.74,33416.01,33419.72,37.46406500,1252846.07687366,598,29.28129700,979253.29388857,0
19,2021-06-23 23:19:00,33419.71,33450.0,33386.82,33450.0,18.86541400,630217.91348037,530,6.57706300,219730.75682110,0
20,2021-06-23 23:20:00,33450.0,33457.22,33405.0,33417.22,15.96522600,533747.20404318,441,7.82331500,261583.89253461,0
21,2021-06-23 23:21:00,33417.22,33427.92,33400.0,33427.92,9.89891200,330721.83236823,315,4.81207300,160769.66295073,0
22,2021-06-23 23:22:00,33429.08,33509.63,33429.08,33506.33,35.29914500,1181736.01941046,867,19.01497400,636448.10532896,0
23,2021-06-23 23:23:00,33506.34,33520.0,33477.27,33485.37,87.08328700,2918016.69277676,694,12.44429600,416832.06455340,0
24,2021-06-23 23:24:00,33485.37,33571.0,33485.37,33569.15,74.23188400,2489693.83100763,1093,39.64960700,1329322.88070175,0
25,2021-06-23 23:25:00,33569.16,33577.77,33525.01,33528.02,44.96893600,1508711.93523310,799,13.32950800,447219.00015383,0
26,2021-06-23 23:26:00,33528.02,33535.08,33504.87,33518.98,36.90705000,1237107.97829723,492,22.30935200,747772.44234902,0
27,2021-06-23 23:27:00,33518.98,33579.81,33480.29,33566.09,33.18081700,1112459.19740465,648,22.07450000,740179.62128351,0
28,2021-06-23 23:28:00,33566.09,33645.85,33531.99,33588.71,104.01792300,3494188.12130670,1798,60.42395700,2029762.85982212,0
29,2021-06-23 23:29:00,33588.71,33606.91,33571.42,33599.09,25.31599000,850330.39115375,528,15.14391500,508685.25008537,0
30,2021-06-23 23:30:00,33599.09,33599.09,33515.17,33522.73,29.09266800,975930.45343096,769,8.36829100,280672.22569677,0
31,2021-06-23 23:31:00,33518.96,33553.96,33510.9,33512.87,18.68665100,626586.50787766,542,6.27914900,210555.50041438,0
32,2021-06-23 23:32:00,33518.99,33532.99,33500.0,33532.99,28.67802100,961067.36810834,696,17.32681700,580677.26907974,0
33,2021-06-23 23:33:00,33532.99,33615.99,33522.0,33610.69,32.74276900,1099438.21344674,659,16.94079900,568784.90138853,0
34,2021-06-23 23:34:00,33610.7,33700.0,33610.69,33685.0,58.49437000,1970129.89625967,1549,40.97143700,1380006.16506957,0
35,2021-06-23 23:35:00,33685.01,33703.7,33633.56,33703.69,38.99899900,1312973.50361833,755,15.26978900,514098.54304486,0
36,2021-06-23 23:36:00,33703.69,33703.69,33637.65,33637.65,28.41886100,956597.78427989,739,8.82061200,296945.83835638,0
37,2021-06-23 23:37:00,33639.41,33688.71,33600.0,33611.86,24.47107300,822950.40994345,854,12.29885700,413667.85290399,0
38,2021-06-23 23:38:00,33611.85,33676.33,33596.59,33645.81,25.15422000,846142.24109181,769,12.09485300,406905.92292750,0
39,2021-06-23 23:39:00,33645.81,33722.99,33643.02,33719.35,43.84182000,1477276.16650468,826,17.50430000,589773.16992997,0
40,2021-06-23 23:40:00,33719.59,33734.68,33646.52,33706.19,130.75605100,4405520.92068850,1216,97.98553500,3301777.37233662,0
41,2021-06-23 23:41:00,33706.2,33749.11,33654.91,33665.32,68.76784400,2317431.23083249,955,42.29300600,1425345.19034408,0
42,2021-06-23 23:42:00,33665.3,33710.67,33650.72,33691.28,40.76381700,1372947.95521588,747,25.69621400,865417.00058714,0
43,2021-06-23 23:43:00,33690.95,33705.05,33661.89,33670.75,62.47140400,2104078.99889421,778,39.02118300,1314368.97780269,0
44,2021-06-23 23:44:00,33670.75,33710.67,33670.0,33673.1,28.34903200,954965.08613576,729,13.69447200,461307.84658972,0
45,2021-06-23 23:45:00,33673.09,33673.09,33627.09,33630.07,35.72367600,1202210.48432444,770,10.55577300,355212.52431771,0
46,2021-06-23 23:46:00,33630.07,33631.76,33592.87,33611.77,18.58460200,624629.43164371,659,4.97880300,167345.68362296,0
47,2021-06-23 23:47:00,33611.78,33622.75,33569.18,33570.02,22.09267500,742249.06862737,663,9.09775200,305666.55100163,0
48,2021-06-23 23:48:00,33572.23,33630.81,33570.55,33601.42,32.54661100,1093670.11996671,753,17.87828600,600829.20436701,0
49,2021-06-23 23:49:00,33601.43,33669.97,33600.01,33640.07,23.90880100,804150.56953427,988,11.93904300,401498.13980272,0
50,2021-06-23 23:50:00,33643.56,33732.16,33633.08,33716.26,54.50130700,1835999.08603609,1271,24.47149600,824085.11189410,0
51,2021-06-23 23:51:00,33716.26,33716.27,33672.08,33683.16,31.59216100,1064319.54103370,908,12.17604000,410185.21427609,0
52,2021-06-23 23:52:00,33683.17,33687.92,33643.87,33665.07,31.27508900,1052958.55816034,843,16.10375900,542158.32340734,0
53,2021-06-23 23:53:00,33665.06,33677.93,33650.9,33650.91,19.37877100,652350.29914449,725,8.03209700,270389.40148134,0
54,2021-06-23 23:54:00,33654.27,33677.54,33644.9,33666.71,20.45095500,688347.81106881,1006,9.13088300,307345.27389951,0
55,2021-06-23 23:55:00,33664.67,33664.68,33624.55,33624.55,14.27875700,480322.20179575,756,7.41742900,249504.39294566,0
56,2021-06-23 23:56:00,33624.56,33638.94,33607.49,33609.12,20.31627900,683040.45762887,903,11.35950900,381904.64383893,0
57,2021-06-23 23:57:00,33609.13,33639.76,33605.19,33619.78,29.67894800,997721.96963238,726,13.59100400,456933.14685497,0
58,2021-06-23 23:58:00,33624.88,33650.0,33620.45,33641.35,25.48160600,857081.68047721,718,16.42121700,552339.46078828,0
59,2021-06-23 23:59:00,33640.38,33678.08,33628.39,33678.07,29.89361800,1006294.84335280,857,18.08017700,608621.88893722,0
60,2021-06-24 00:00:00,33675.07,33696.79,33603.95,33665.72,102.53572400,3449452.26144886,1822,32.53001500,1094295.82929054,0
61,2021-06-24 00:01:00,33665.73,33879.99,33662.44,33767.51,223.25777400,7544404.76161670,4704,149.84035900,5063206.87646114,0
62,2021-06-24 00:02:00,33767.52,33768.51,33601.74,33606.99,112.11218000,3775882.00753971,2371,43.36596400,1461145.02278782,0
63,2021-06-24 00:03:00,33607.15,33631.99,33551.58,33590.74,66.86611700,2245869.84646449,1535,32.45617800,1090100.74509527,0
64,2021-06-24 00:04:00,33590.75,33661.59,33579.03,33635.15,34.09521000,1146262.03339378,879,18.15905600,610498.61969674,0
65,2021-06-24 00:05:00,33622.31,33628.7,33487.88,33501.77,83.63804400,2804719.01043903,1769,33.89833300,1136347.94284843,0
66,2021-06-24 00:06:00,33501.76,33620.62,33496.55,33559.37,69.46511500,2330564.16265300,1734,36.69655200,1230802.10308672,0
67,2021-06-24 00:07:00,33564.14,33592.02,33511.7,33590.66,98.44915900,3302121.07957168,1078,16.43193800,551312.84909758,0
68,2021-06-24 00:08:00,33590.67,33590.67,33457.15,33526.48,149.65756400,5016234.68368320,1666,56.63472200,1899218.22496383,0
69,2021-06-24 00:09:00,33526.49,33570.71,33500.0,33570.71,52.67967200,1766280.48553810,853,18.12503900,608027.45407456,0
70,2021-06-24 00:10:00,33570.7,33570.71,33502.37,33553.02,47.45709000,1591242.74885275,933,24.11868800,808675.04449186,0
71,2021-06-24 00:11:00,33553.01,33563.86,33518.3,33546.68,30.84219400,1034516.11781302,947,11.21669600,376209.48754711,0
72,2021-06-24 00:12:00,33546.67,33601.35,33527.55,33600.44,37.91984200,1272412.88008308,942,23.62503700,792724.43455084,0
73,2021-06-24 00:13:00,33600.44,33607.13,33582.86,33607.13,37.45366700,1258319.15159721,1003,16.41705500,551565.06923195,0
74,2021-06-24 00:14:00,33607.13,33806.72,33601.1,33743.23,130.85438000,4410561.35940257,2546,90.75738200,3058553.82257076,0
75,2021-06-24 00:15:00,33743.04,33748.82,33654.9,33686.3,94.26738600,3176693.95863657,1335,28.00568600,943688.57607474,0
76,2021-06-24 00:16:00,33686.29,33686.29,33605.26,33608.96,72.95421100,2453850.82261264,1315,35.33142100,1188390.79892508,0
77,2021-06-24 00:17:00,33608.97,33685.8,33603.77,33613.79,36.97955100,1244129.06515705,1102,20.65082100,694917.09080143,0
78,2021-06-24 00:18:00,33613.79,33625.5,33583.49,33612.77,39.73676200,1335369.41430656,894,16.63897300,559150.38002417,0
79,2021-06-24 00:19:00,33612.77,33659.98,33588.28,33644.17,22.16043300,744980.91370564,599,8.41259200,282764.31133569,0
80,2021-06-24 00:20:00,33644.16,33644.16,33582.13,33615.27,58.28284300,1958482.44763266,1143,17.75992700,596748.95171358,0
81,2021-06-24 00:21:00,33615.27,33630.71,33594.01,33630.71,24.61393500,827262.88622860,652,11.18346100,375878.58048719,0
82,2021-06-24 00:22:00,33626.36,33664.54,33603.84,33613.51,27.08181800,910814.44917164,837,12.48430800,419951.26212804,0
83,2021-06-24 00:23:00,33613.52,33627.22,33549.99,33571.9,176.85053400,5937775.09733638,1377,75.59408400,2537656.92284579,0
84,2021-06-24 00:24:00,33571.3,33582.83,33529.64,33563.68,70.39779600,2362299.20504260,813,17.21215700,577447.35876503,0
85,2021-06-24 00:25:00,33563.68,33575.68,33532.29,33562.13,61.10677000,2050025.23633173,758,35.41687500,1188120.93233298,0
86,2021-06-24 00:26:00,33563.84,33629.82,33545.56,33553.15,75.77563500,2544975.77046044,899,20.76524300,697287.79479158,0
87,2021-06-24 00:27:00,33551.23,33581.76,33525.46,33537.34,86.73952300,2910595.84903444,1006,34.44403300,1155630.80698299,0
88,2021-06-24 00:28:00,33534.39,33555.56,33513.01,33542.78,26.84868000,900322.99987083,648,7.82016900,262277.25425247,0
89,2021-06-24 00:29:00,33545.91,33554.1,33516.82,33516.84,18.68219700,626461.51210275,580,5.75305300,192922.64974752,0
90,2021-06-24 00:30:00,33516.83,33567.27,33515.32,33560.89,28.36729000,951626.94141537,661,10.02271300,336203.40842725,0
91,2021-06-24 00:31:00,33560.91,33560.91,33457.14,33512.33,77.35658300,2590989.44763595,1476,21.13982600,707917.99032683,0
92,2021-06-24 00:32:00,33512.33,33548.69,33488.78,33534.01,31.10977200,1042542.65696105,803,12.90109400,432379.97748407,0
93,2021-06-24 00:33:00,33534.01,33574.88,33503.79,33505.07,38.12690800,1279196.23453726,868,19.23449000,645420.07450695,0
94,2021-06-24 00:34:00,33505.07,33513.87,33467.36,33479.99,99.28658500,3325123.96408712,1094,17.82850000,597042.86353964,0
95,2021-06-24 00:35:00,33476.99,33543.29,33467.36,33485.21,144.36194800,4836677.40843463,1277,117.03968600,3921587.52317822,0
96,2021-06-24 00:36:00,33488.99,33494.07,33449.22,33449.22,48.21604200,1613844.91364432,823,11.24983200,376555.20696112,0
97,2021-06-24 00:37:00,33449.22,33455.18,33420.0,33446.0,87.07092100,2911021.85978233,1208,29.56752900,988544.51140440,0
98,2021-06-24 00:38:00,33445.99,33457.14,33430.5,33451.38,34.81958200,1164486.65999708,739,19.18469700,641640.46490021,0
99,2021-06-24 00:39:00,33451.38,33467.06,33444.45,33444.46,34.88289000,1166966.59539296,697,7.15244300,239289.58469207,0
100,2021-06-24 00:40:00,33444.45,33460.66,33319.42,33348.96,220.74944400,7372726.14580819,2922,36.19116100,1208060.03657335,0
101,2021-06-24 00:41:00,33348.95,33394.31,33318.19,33338.62,85.44152400,2850165.49406529,1732,24.35965500,812326.26628972,0
102,2021-06-24 00:42:00,33338.61,33381.67,33338.61,33371.17,46.77140900,1560383.76142839,1054,24.60220000,820796.28410339,0
103,2021-06-24 00:43:00,33371.17,33426.8,33369.24,33411.99,36.87892200,1231802.01250283,869,14.40902800,481278.68969807,0
104,2021-06-24 00:44:00,33413.31,33444.45,33366.89,33366.89,24.53681900,819609.77364007,745,9.63476300,321899.09802207,0
105,2021-06-24 00:45:00,33366.89,33436.95,33366.89,33432.5,48.84326800,1631472.24382215,746,25.06307000,837293.60666552,0
106,2021-06-24 00:46:00,33432.49,33458.58,33417.78,33444.99,21.31613900,712705.49908808,566,8.55753100,286141.92459306,0
107,2021-06-24 00:47:00,33445.0,33449.31,33400.78,33433.84,42.51269900,1421040.55197431,637,23.70808400,792410.77199263,0
108,2021-06-24 00:48:00,33433.83,33442.74,33410.97,33426.12,17.30071100,578423.24483352,507,7.78883300,260405.67619058,0
109,2021-06-24 00:49:00,33426.12,33437.98,33419.36,33434.26,17.12385400,572464.90542883,472,8.55591200,286026.61806031,0
110,2021-06-24 00:50:00,33434.26,33434.83,33363.0,33370.0,28.31996200,945825.08779771,815,12.85436900,429324.14429236,0
111,2021-06-24 00:51:00,33370.0,33379.42,33265.58,33356.57,78.28307900,2608420.29034161,1665,29.83799500,994024.77168136,0
112,2021-06-24 00:52:00,33356.57,33408.72,33348.92,33387.76,21.20060400,707679.21052113,616,12.99907100,433934.76741661,0
113,2021-06-24 00:53:00,33387.77,33393.07,33285.56,33291.97,23.47340000,782546.17879238,609,3.63722200,121288.98095779,0
114,2021-06-24 00:54:00,33291.97,33312.17,33162.51,33260.51,104.48418000,3472500.81217669,2315,42.25536800,1404782.03020524,0
115,2021-06-24 00:55:00,33260.51,33307.74,33250.07,33303.6,27.60679800,918626.30566989,660,12.47260900,415067.65460324,0
116,2021-06-24 00:56:00,33306.39,33306.39,33219.2,33230.67,28.07823500,933853.12307498,619,11.43183000,380092.76007794,0
117,2021-06-24 00:57:00,33230.66,33269.0,33162.51,33196.55,33.75689100,1121068.02318353,882,12.40707300,412003.39148906,0
118,2021-06-24 00:58:00,33196.54,33196.54,33162.12,33170.11,38.50013800,1277315.30533438,738,12.81076400,424998.47024499,0
119,2021-06-24 00:59:00,33170.12,33198.96,33170.11,33186.98,19.73581200,654994.38072888,543,9.69116100,321624.87692289,0
120,2021-06-24 01:00:00,33186.99,33192.28,33068.49,33129.79,123.97801400,4106898.21369177,2419,36.87248600,1221153.60037172,0
121,2021-06-24 01:01:00,33130.11,33136.35,33053.31,33073.09,103.79812500,3434080.03946371,1376,46.34977300,1533167.33045638,0
122,2021-06-24 01:02:00,33073.08,33126.13,33068.21,33126.13,48.15092800,1593568.33850318,1096,28.08788000,929551.43504127,0
123,2021-06-24 01:03:00,33124.49,33128.22,33086.94,33119.41,30.40424700,1006577.67743522,729,10.00194200,331141.41551962,0
124,2021-06-24 01:04:00,33120.72,33172.55,33106.98,33126.72,58.64808100,1943341.15770774,1394,28.89701200,957570.04508169,0
125,2021-06-24 01:05:00,33128.83,33229.33,33126.74,33214.77,84.91999300,2819060.37202408,1516,39.88437100,1323884.98359178,0
126,2021-06-24 01:06:00,33214.77,33234.65,33177.64,33234.15,42.71942800,1418489.14082256,983,21.47632200,713145.55399583,0
127,2021-06-24 01:07:00,33234.16,33238.8,33170.04,33200.94,54.23431300,1801131.97201766,1064,19.03799400,632197.64748760,0
128,2021-06-24 01:08:00,33201.11,33241.18,33187.26,33205.85,24.55127200,815386.86613588,671,10.57810100,351382.00058448,0
129,2021-06-24 01:09:00,33205.85,33207.53,33178.7,33200.03,18.25094300,605806.12801417,466,6.56922400,218008.36864767,0
130,2021-06-24 01:10:00,33201.91,33243.13,33201.9,33243.13,24.20574000,804213.29048392,560,14.46342400,480529.45316472,0
131,2021-06-24 01:11:00,33238.86,33250.49,33224.61,33244.7,20.38408300,677548.88071151,521,13.38276000,444840.18925957,0
132,2021-06-24 01:12:00,33244.7,33249.94,33220.51,33226.31,16.49734200,548266.69534754,327,4.45712600,148121.77934788,0
133,2021-06-24 01:13:00,33226.31,33311.13,33224.06,33263.72,34.49583000,1147948.14597543,863,21.13783000,703405.94639417,0
134,2021-06-24 01:14:00,33264.19,33310.75,33263.76,33277.5,20.63726900,686907.38772881,520,12.68949800,422378.73501483,0
135,2021-06-24 01:15:00,33274.6,33285.54,33228.21,33234.68,26.14076500,869280.28595035,668,8.29575300,275842.87852762,0
136,2021-06-24 01:16:00,33234.63,33332.1,33232.59,33313.96,35.16366800,1170444.95445918,789,25.74278500,856799.51198206,0
137,2021-06-24 01:17:00,33313.95,33353.16,33267.71,33313.2,95.89541100,3194105.13059706,1043,31.44896200,1048016.99656751,0
138,2021-06-24 01:18:00,33313.19,33319.96,33228.51,33249.51,39.28293200,1306691.55495325,703,15.83827300,526737.39817581,0
139,2021-06-24 01:19:00,33249.52,33271.76,33206.31,33232.71,34.79296900,1156396.19979203,767,18.87962600,627540.35775455,0
140,2021-06-24 01:20:00,33232.71,33232.71,33157.26,33190.96,34.35164200,1140276.23522025,848,18.96907400,629652.27624072,0
141,2021-06-24 01:21:00,33190.96,33233.8,33172.01,33226.99,86.94528500,2886811.61441081,844,36.83442300,1222953.18409314,0
142,2021-06-24 01:22:00,33227.0,33266.05,33221.38,33225.26,22.20659100,738263.70663454,636,15.91448000,529070.56827013,0
143,2021-06-24 01:23:00,33220.94,33227.78,33170.04,33195.36,17.43813700,578985.51376617,531,6.14731600,204118.85706939,0
144,2021-06-24 01:24:00,33195.35,33217.75,33161.01,33161.01,30.39766800,1008698.79439614,590,12.59007200,417919.85107193,0
145,2021-06-24 01:25:00,33161.0,33161.0,33110.01,33122.0,61.64678500,2042591.98310169,947,24.23481300,802935.03776803,0
146,2021-06-24 01:26:00,33122.01,33186.75,33122.0,33127.89,39.95657400,1324799.71692207,666,17.94131400,594924.47938220,0
147,2021-06-24 01:27:00,33127.89,33134.07,33081.63,33119.27,54.18837300,1793911.03827108,1040,19.72695100,653104.74801792,0
148,2021-06-24 01:28:00,33120.77,33136.23,33070.01,33121.71,50.37946800,1668270.82154237,823,28.76669100,952716.23767235,0
149,2021-06-24 01:29:00,33116.72,33173.1,33083.99,33085.17,54.65325800,1810900.13399761,907,39.38604200,1305354.01811836,0
150,2021-06-24 01:30:00,33085.17,33140.8,33085.17,33116.64,39.71458600,1314849.69180296,775,25.88232900,856846.52413547,0
151,2021-06-24 01:31:00,33116.65,33178.97,33116.65,33143.18,41.32750800,1370085.81380868,786,23.09315900,765592.97623740,0
152,2021-06-24 01:32:00,33143.18,33143.19,33032.48,33057.89,57.11520200,1888658.06722042,1615,23.31052500,770697.32783227,0
153,2021-06-24 01:33:00,33060.14,33092.23,33024.98,33057.17,29.03836100,959868.46078396,828,13.05056500,431403.62832787,0
154,2021-06-24 01:34:00,33055.63,33110.97,33000.0,33019.41,101.51781300,3354028.31954271,1655,29.59277400,977920.66932591,0
155,2021-06-24 01:35:00,33011.87,33012.98,32933.78,32959.29,217.18436100,7161716.22001539,2648,95.65054800,3153192.06042108,0
156,2021-06-24 01:36:00,32959.28,32992.09,32901.0,32908.97,54.98048500,1810937.73116696,1365,22.34367800,736085.78068376,0
157,2021-06-24 01:37:00,32908.97,32940.0,32853.44,32873.2,111.42695400,3665130.53180422,1976,45.62208200,1500727.11690731,0
158,2021-06-24 01:38:00,32873.2,32943.85,32824.0,32937.27,74.58978100,2452779.12201478,1686,39.06403800,1284905.72550591,0
159,2021-06-24 01:39:00,32932.64,32932.64,32802.0,32828.0,135.24527100,4441840.81031720,1994,61.36777100,2015358.39985312,0
160,2021-06-24 01:40:00,32820.07,32865.23,32804.05,32819.72,76.36959800,2506938.49243695,1094,41.62620100,1366554.01575553,0
161,2021-06-24 01:41:00,32819.72,32902.73,32811.57,32893.98,64.01610400,2103705.76944125,1413,42.24051100,1388308.15934251,0
162,2021-06-24 01:42:00,32893.98,32893.99,32817.15,32842.38,64.25328200,2110756.33900609,1403,30.96378500,1017289.99134378,0
163,2021-06-24 01:43:00,32842.39,32895.78,32842.39,32877.13,52.82736800,1736527.38917067,1360,26.82341900,881786.38763171,0
164,2021-06-24 01:44:00,32883.92,32935.27,32857.0,32886.0,56.30937600,1853046.53953849,1256,31.34096500,1031456.91416531,0
165,2021-06-24 01:45:00,32885.99,32930.0,32882.27,32915.91,49.91499600,1642578.67565915,1213,23.02546600,757832.45079094,0
166,2021-06-24 01:46:00,32915.94,32925.0,32874.48,32885.09,39.53302700,1300545.92080922,873,18.13020700,596439.03368284,0
167,2021-06-24 01:47:00,32883.73,32883.73,32808.59,32813.14,60.57432000,1989555.80821526,1108,23.30932900,765618.42398616,0
168,2021-06-24 01:48:00,32813.14,32853.27,32673.02,32689.57,287.59201500,9418598.17532961,4269,119.34162400,3907398.92809493,0
169,2021-06-24 01:49:00,32697.09,32702.53,32601.0,32660.64,289.89211700,9466309.17507144,4571,112.36857700,3669575.75710694,0
170,2021-06-24 01:50:00,32656.28,32737.98,32632.14,32724.26,170.57163300,5577516.01067060,1991,114.40416800,3741364.72750982,0
171,2021-06-24 01:51:00,32724.25,32770.0,32620.0,32629.82,90.34291000,2954157.55061041,1932,40.50258100,1324561.29296015,0
172,2021-06-24 01:52:00,32626.21,32691.47,32568.0,32667.78,141.54313500,4616452.04099832,2732,48.52593800,1583480.60342334,0
173,2021-06-24 01:53:00,32663.78,32713.55,32652.62,32692.3,53.63507100,1753055.55109349,1199,25.20565200,823834.86562001,0
174,2021-06-24 01:54:00,32692.68,32732.19,32655.71,32694.8,81.63961300,2668465.65504221,1296,36.32594800,1187304.97218924,0
175,2021-06-24 01:55:00,32694.8,32725.91,32675.0,32681.25,67.80057100,2217304.58569462,1217,28.60482600,935575.41588430,0
176,2021-06-24 01:56:00,32679.49,32694.44,32527.05,32611.2,175.73312600,5728939.10592197,2714,72.15861400,2353332.06646428,0
177,2021-06-24 01:57:00,32612.33,32655.51,32563.95,32604.15,84.24413400,2747009.70440880,1311,56.39512300,1839060.91099130,0
178,2021-06-24 01:58:00,32604.15,32678.96,32576.1,32612.46,85.75364200,2798186.99819634,1692,47.98196200,1565612.54180860,0
179,2021-06-24 01:59:00,32622.31,32652.81,32571.42,32650.0,85.79315700,2798135.05406188,1470,48.54585100,1583094.85063013,0
180,2021-06-24 02:00:00,32649.99,32670.0,32590.32,32663.48,115.63096300,3772495.89454011,1812,60.12474200,1961734.53673658,0
181,2021-06-24 02:01:00,32663.48,32752.15,32663.48,32710.0,147.04658900,4810668.85041248,2234,66.87210700,2187594.90965360,0
182,2021-06-24 02:02:00,32710.0,32715.16,32575.46,32620.69,122.43526800,3995028.25202958,2075,52.19389400,1702179.21824699,0
183,2021-06-24 02:03:00,32620.84,32623.37,32525.64,32552.21,84.90235400,2765712.96302116,1824,41.39978400,1348517.36044336,0
184,2021-06-24 02:04:00,32559.88,32621.76,32547.01,32612.98,49.26259300,1605057.52615696,1254,22.29638100,726490.07870455,0
185,2021-06-24 02:05:00,32612.98,32684.99,32608.64,32674.52,63.03086800,2057548.11771432,1326,37.62445700,1228237.52425512,0
186,2021-06-24 02:06:00,32674.52,32682.49,32580.07,32584.99,53.41921400,1741762.93617299,1060,19.34740600,630880.37036606,0
187,2021-06-24 02:07:00,32585.0,32650.0,32580.98,32611.26,38.79597200,1265276.99101886,1097,20.97608200,684065.78851325,0
188,2021-06-24 02:08:00,32613.48,32657.53,32593.57,32619.16,89.45947700,2917905.30306432,1132,37.77774000,1232512.51467266,0
189,2021-06-24 02:09:00,32619.16,32673.37,32616.55,32649.8,49.45866700,1614697.44847023,1051,23.19549400,757214.47758745,0
190,2021-06-24 02:10:00,32653.08,32658.65,32600.0,32652.8,66.50002800,2169146.66258799,989,47.94501700,1563862.25392448,0
191,2021-06-24 02:11:00,32652.85,32723.95,32651.69,32722.7,64.25025500,2100220.58896838,1119,28.09516000,918437.52146190,0
192,2021-06-24 02:12:00,32721.08,32766.44,32683.98,32739.52,71.00474800,2324359.54456018,1423,42.51270900,1391664.91606837,0
193,2021-06-24 02:13:00,32739.52,32744.09,32680.0,32680.0,70.92879800,2320888.49099021,1221,31.44877400,1029056.63736690,0
194,2021-06-24 02:14:00,32680.0,32745.6,32676.39,32713.31,42.33967100,1384901.51316357,907,22.39860700,732730.47869276,0
195,2021-06-24 02:15:00,32713.31,32800.0,32708.61,32790.48,58.05845700,1902143.44707803,1207,31.53262700,1033217.76128797,0
196,2021-06-24 02:16:00,32790.05,32793.85,32750.0,32773.85,90.45481900,2964029.19573304,1180,40.58843100,1330061.81300739,0
197,2021-06-24 02:17:00,32773.84,32852.99,32764.25,32852.83,105.69291300,3467248.04246975,1461,63.68327800,2089307.78429456,0
198,2021-06-24 02:18:00,32845.8,32870.34,32809.75,32863.98,101.55421100,3334960.96881804,1415,57.35888800,1883617.97340527,0
199,2021-06-24 02:19:00,32863.09,32863.09,32817.85,32847.64,44.81179500,1471649.82158031,1021,22.55833800,740834.68903312,0
200,2021-06-24 02:20:00,32847.64,32854.95,32810.68,32819.42,33.48602400,1099246.08770295,1018,11.60008400,380793.88179264,0
201,2021-06-24 02:21:00,32817.78,32817.78,32765.51,32790.11,33.91363700,1111970.84367535,858,13.79348900,452165.96346712,0
202,2021-06-24 02:22:00,32790.11,32794.61,32731.61,32734.53,30.45861700,997806.32982580,716,8.12194700,266066.51165095,0
203,2021-06-24 02:23:00,32732.29,32799.6,32711.76,32714.27,45.51229200,1490632.64421585,1009,21.08004000,690574.80093320,0
204,2021-06-24 02:24:00,32714.26,32715.97,32593.66,32609.75,84.21928500,2749540.68089322,1588,26.05819400,850677.78789985,0
205,2021-06-24 02:25:00,32610.93,32620.81,32562.76,32588.87,75.90713400,2474173.01288828,1310,41.48469600,1352227.54575724,0
206,2021-06-24 02:26:00,32588.88,32600.0,32450.52,32492.37,286.60826700,9317450.71223741,4232,73.96812900,2404488.20683811,0
207,2021-06-24 02:27:00,32492.37,32528.47,32450.52,32463.0,96.27536400,3127881.35699491,1645,31.75808900,1031865.83351912,0
208,2021-06-24 02:28:00,32463.0,32539.68,32441.86,32488.55,95.36416500,3097503.26601592,1241,46.81766700,1520995.80134626,0
209,2021-06-24 02:29:00,32488.56,32488.82,32426.0,32460.03,75.94961100,2464971.15726300,1346,30.06512200,975629.90239591,0
210,2021-06-24 02:30:00,32460.09,32525.24,32447.77,32494.63,78.03804200,2535596.11793111,956,55.08311200,1789682.09254610,0
211,2021-06-24 02:31:00,32494.63,32550.0,32487.63,32490.44,74.79380100,2432398.45210753,1011,21.64119300,703759.07484002,0
212,2021-06-24 02:32:00,32490.45,32515.87,32355.0,32411.56,162.11294800,5254125.86290289,2761,71.33974100,2311871.04565587,0
213,2021-06-24 02:33:00,32411.55,32422.43,32343.2,32362.44,107.58467800,3482017.45064306,1421,40.12475300,1298895.68722466,0
214,2021-06-24 02:34:00,32359.29,32466.48,32339.82,32403.02,93.30911300,3024026.04850180,1449,55.66609600,1804391.77405654,0
215,2021-06-24 02:35:00,32405.61,32469.32,32405.61,32430.02,37.63023300,1220908.04139588,883,24.70286800,801521.21128972,0
216,2021-06-24 02:36:00,32430.01,32430.02,32379.85,32386.93,43.26713900,1401829.17478316,851,21.24249200,688281.91669316,0
217,2021-06-24 02:37:00,32385.0,32421.97,32383.38,32415.12,49.21432700,1594746.92324704,752,30.12514400,976169.67204877,0
218,2021-06-24 02:38:00,32413.97,32461.23,32409.99,32421.44,43.32559100,1405408.26721451,833,15.14241000,491118.71526697,0
219,2021-06-24 02:39:00,32421.44,32425.0,32385.0,32389.6,37.41030100,1212636.84731973,661,13.38246300,433767.61388373,0
220,2021-06-24 02:40:00,32388.05,32482.96,32383.38,32454.47,56.30577600,1826565.64973406,1067,37.42637900,1214064.69386743,0
221,2021-06-24 02:41:00,32455.18,32493.27,32445.0,32465.83,48.78916700,1584291.31639676,849,24.62506800,799574.73673885,0
222,2021-06-24 02:42:00,32466.05,32532.07,32466.05,32528.48,65.29544300,2122243.66455747,1138,28.18107000,915943.04071876,0
223,2021-06-24 02:43:00,32528.48,32528.48,32457.0,32502.43,43.75412500,1421210.53377364,1003,14.59897700,474315.63449338,0
224,2021-06-24 02:44:00,32502.43,32507.47,32462.24,32464.45,40.17693600,1305187.93727406,673,24.13716000,784117.67193312,0
225,2021-06-24 02:45:00,32464.45,32561.51,32464.45,32553.63,81.91975500,2663790.39741911,1319,35.37563600,1150395.84576203,0
226,2021-06-24 02:46:00,32556.09,32563.59,32508.77,32530.67,33.24611500,1081903.50251782,841,12.79738500,416413.94492145,0
227,2021-06-24 02:47:00,32535.66,32573.25,32530.66,32545.46,35.77894400,1164884.18372432,787,12.20079400,397208.07513563,0
228,2021-06-24 02:48:00,32546.02,32580.64,32520.01,32577.37,27.07743600,881468.81236684,762,13.16042100,428421.12554672,0
229,2021-06-24 02:49:00,32571.86,32579.4,32494.12,32496.72,39.14902800,1274005.12342916,845,16.41126000,534150.98179374,0
230,2021-06-24 02:50:00,32499.29,32600.0,32499.29,32591.2,38.67957700,1259661.74447862,1045,23.57526200,767790.64131671,0
231,2021-06-24 02:51:00,32586.98,32653.28,32547.15,32592.31,77.04762000,2512030.73069022,1577,42.46381000,1384514.98373030,0
232,2021-06-24 02:52:00,32592.31,32638.77,32592.31,32636.15,24.26657400,791375.07976622,776,11.42129700,372470.90622961,0
233,2021-06-24 02:53:00,32637.46,32649.33,32592.09,32624.05,35.56837400,1160209.61112447,780,14.11385600,460414.97165747,0
234,2021-06-24 02:54:00,32624.05,32650.0,32608.01,32636.84,17.52064500,571689.26786808,576,8.81785000,287719.58149216,0
235,2021-06-24 02:55:00,32636.84,32649.45,32565.0,32570.65,63.23810700,2061880.11085032,1000,28.76328800,937672.45499917,0
236,2021-06-24 02:56:00,32570.66,32583.99,32518.93,32554.6,60.95077100,1983827.80867548,1108,25.98010800,845593.28618547,0
237,2021-06-24 02:57:00,32550.27,32555.44,32511.04,32535.95,29.72228800,967030.50477349,599,12.67314800,412315.54223166,0
238,2021-06-24 02:58:00,32534.82,32565.02,32521.13,32554.54,12.50981200,407093.41474037,473,6.39154400,207990.73194234,0
239,2021-06-24 02:59:00,32561.06,32574.43,32487.44,32495.26,28.99448800,943034.59487272,646,11.70935600,380858.03711038,0
240,2021-06-24 03:00:00,32495.25,32497.25,32434.31,32492.84,33.34670100,1082474.47919552,889,14.65206700,475656.19239761,0
241,2021-06-24 03:01:00,32493.79,32594.68,32493.79,32553.57,67.57844300,2199980.79825045,1204,25.38502400,826266.61092318,0
242,2021-06-24 03:02:00,32553.58,32649.27,32553.58,32607.02,67.49878500,2201104.00168130,1242,47.81621200,1559011.49203670,0
243,2021-06-24 03:03:00,32607.02,32664.52,32589.15,32656.89,41.26128000,1346489.80460406,840,27.93035900,911433.10375766,0
244,2021-06-24 03:04:00,32656.91,32659.11,32578.7,32624.18,41.78815400,1363331.07050847,795,16.78253600,547385.44081924,0
245,2021-06-24 03:05:00,32624.18,32624.19,32568.71,32578.11,19.99992300,651778.92896123,570,9.53797800,310823.38728475,0
246,2021-06-24 03:06:00,32578.1,32619.82,32574.74,32612.92,18.12454800,590819.89476633,435,12.49080500,407144.65874545,0
247,2021-06-24 03:07:00,32612.93,32620.0,32575.57,32577.07,11.37572200,370883.11919549,447,5.60015500,182588.41402364,0
248,2021-06-24 03:08:00,32577.07,32588.45,32562.81,32568.72,13.27968100,432596.20730823,481,4.02837000,131215.53824342,0
249,2021-06-24 03:09:00,32568.73,32650.0,32568.72,32623.74,39.90695700,1301971.53501226,760,25.70071300,838414.37848616,0
250,2021-06-24 03:10:00,32622.53,32639.64,32575.99,32588.36,29.87459900,973912.00215150,528,11.25891400,367038.60285584,0
251,2021-06-24 03:11:00,32588.36,32608.88,32568.72,32574.66,15.35951400,500507.68013741,439,5.44854800,177558.96986148,0
252,2021-06-24 03:12:00,32575.12,32586.91,32546.13,32546.13,18.93542800,616592.63011433,474,6.82119200,222143.98931905,0
253,2021-06-24 03:13:00,32551.14,32650.63,32545.61,32650.63,39.19371100,1277635.85411641,700,28.48953600,928740.42765493,0
254,2021-06-24 03:14:00,32651.0,32663.46,32600.78,32634.18,25.72186700,839369.97301870,506,12.79796600,417616.26849124,0
255,2021-06-24 03:15:00,32634.19,32634.19,32584.91,32622.95,40.65330400,1325533.99248859,794,24.88816600,811477.38267074,0
256,2021-06-24 03:16:00,32622.95,32628.82,32586.45,32620.48,24.79886900,808519.13939963,518,10.00620500,326267.45581661,0
257,2021-06-24 03:17:00,32617.92,32621.52,32590.01,32590.01,19.40151900,632435.02180104,400,3.96677200,129324.13079371,0
258,2021-06-24 03:18:00,32592.83,32593.37,32567.61,32591.85,17.15968300,559101.39798800,476,5.70276900,185806.47132070,0
259,2021-06-24 03:19:00,32591.84,32653.07,32588.93,32647.38,41.94611100,1368074.26923056,992,21.66809000,706600.66292660,0
260,2021-06-24 03:20:00,32644.47,32644.47,32575.34,32583.58,47.31661900,1542421.17913938,676,7.73916600,252371.44194341,0
261,2021-06-24 03:21:00,32583.59,32644.16,32568.0,32628.61,19.47483900,635041.25754585,663,12.24446100,399351.64368783,0
262,2021-06-24 03:22:00,32633.49,32635.97,32589.12,32592.12,20.79744500,678314.30215346,632,7.51494500,245099.20982798,0
263,2021-06-24 03:23:00,32592.11,32625.33,32569.73,32622.2,32.37649800,1055128.49718847,828,17.83399900,581295.72547058,0
264,2021-06-24 03:24:00,32624.69,32693.77,32609.36,32669.7,46.27007200,1511058.01226023,973,25.89853700,845836.88642722,0
265,2021-06-24 03:25:00,32669.7,32669.7,32625.4,32650.01,34.44511700,1124521.17903966,733,20.85836400,680920.40164496,0
266,2021-06-24 03:26:00,32650.0,32659.86,32603.48,32616.44,27.02649900,881835.68287699,712,7.22801600,235828.01407715,0
267,2021-06-24 03:27:00,32616.43,32664.89,32605.0,32645.34,23.84290100,777992.49702104,718,13.18989600,430387.68608776,0
268,2021-06-24 03:28:00,32645.36,32686.89,32639.5,32654.58,22.19482300,724889.59062455,696,11.34403000,370494.55368467,0
269,2021-06-24 03:29:00,32654.59,32694.76,32640.0,32679.55,31.74391300,1037057.34939460,619,21.56443100,704537.46343060,0
270,2021-06-24 03:30:00,32679.55,32819.0,32677.55,32776.18,176.94925100,5796302.18354202,3528,121.72948000,3987061.01761093,0
271,2021-06-24 03:31:00,32778.54,32778.54,32708.27,32768.36,51.29796500,1679842.93332762,1229,22.97983700,752638.31341780,0
272,2021-06-24 03:32:00,32768.36,32781.15,32722.8,32761.44,78.27007900,2563689.77607663,1142,28.30638200,927058.94439032,0
273,2021-06-24 03:33:00,32761.44,32817.96,32750.0,32815.02,42.71999800,1401072.14944655,1169,25.71425300,843352.57534365,0
274,2021-06-24 03:34:00,32814.94,32849.61,32800.0,32829.8,62.95471900,2065942.07809861,1270,22.92384000,752431.92551513,0
275,2021-06-24 03:35:00,32829.8,32829.86,32770.01,32793.54,75.69301500,2482128.10250040,1303,36.45564500,1195419.09045307,0
276,2021-06-24 03:36:00,32793.54,32841.7,32759.16,32766.67,74.05468200,2429292.04933331,1044,33.41779800,1096492.01894520,0
277,2021-06-24 03:37:00,32766.67,32785.96,32751.0,32766.75,25.06916700,821415.89307465,666,12.09361600,396265.97296901,0
278,2021-06-24 03:38:00,32766.75,32771.91,32725.95,32726.0,23.71640500,776754.83964713,623,6.70350800,219549.05187025,0
279,2021-06-24 03:39:00,32730.53,32759.35,32713.59,32718.98,30.81764400,1008768.99641630,1000,15.50136900,507465.30030663,0
280,2021-06-24 03:40:00,32720.16,32744.21,32677.59,32679.96,55.60357600,1818458.85939629,1248,18.32963500,599515.22296596,0
281,2021-06-24 03:41:00,32678.52,32697.26,32641.43,32661.4,42.65725700,1393606.69074833,928,19.88596000,649501.01436283,0
282,2021-06-24 03:42:00,32661.41,32674.81,32514.28,32575.01,170.11710700,5545767.92625174,2316,55.29006400,1803334.82459435,0
283,2021-06-24 03:43:00,32579.69,32616.62,32503.29,32503.29,92.88257200,3022768.02036071,1503,40.83896300,1329139.82832178,0
284,2021-06-24 03:44:00,32515.92,32554.03,32508.2,32538.01,54.46488600,1771415.07207116,826,30.21552200,982681.68556640,0
285,2021-06-24 03:45:00,32538.01,32613.42,32538.0,32610.01,30.05661000,979341.73113189,795,19.73144500,642944.43888050,0
286,2021-06-24 03:46:00,32610.01,32613.92,32441.86,32443.07,70.90362500,2304993.39782735,1687,28.82946100,937180.04581370,0
287,2021-06-24 03:47:00,32442.38,32445.09,32368.77,32419.0,102.22025800,3312700.54287162,1868,42.80737100,1387274.80144309,0
288,2021-06-24 03:48:00,32419.0,32484.1,32413.28,32442.54,64.91167200,2106436.13076816,1025,24.31670600,789046.46674245,0
289,2021-06-24 03:49:00,32442.54,32488.19,32430.01,32454.71,27.69556900,898819.58335398,574,15.95506200,517782.20106604,0
290,2021-06-24 03:50:00,32454.7,32506.63,32454.7,32499.96,30.32488300,984859.00200959,691,15.70824100,510209.38801793,0
291,2021-06-24 03:51:00,32499.6,32559.98,32496.06,32551.8,23.57419400,766838.66618447,685,14.54166600,473002.84521798,0
292,2021-06-24 03:52:00,32553.43,32572.08,32486.72,32530.84,56.65927900,1843620.92053199,970,27.74438600,902727.93282711,0
293,2021-06-24 03:53:00,32530.84,32565.7,32495.46,32496.13,40.88395700,1330332.95085391,696,21.77192000,708609.55352440,0
294,2021-06-24 03:54:00,32496.13,32543.73,32490.08,32536.53,30.40687600,988511.19243843,598,21.13297600,686983.49238155,0
295,2021-06-24 03:55:00,32536.54,32600.0,32536.52,32586.81,42.71094700,1391006.80455815,814,28.50306200,928219.51261133,0
296,2021-06-24 03:56:00,32586.0,32602.31,32555.11,32599.99,21.28170400,693550.86401040,492,13.05233800,425359.58806802,0
297,2021-06-24 03:57:00,32599.99,32600.0,32564.57,32591.08,27.84793800,907416.82064489,417,5.28247600,172168.40499412,0
298,2021-06-24 03:58:00,32591.09,32659.1,32564.45,32638.99,73.37746800,2393299.99219122,991,43.55180200,1420387.30449503,0
299,2021-06-24 03:59:00,32632.65,32669.94,32589.19,32589.2,40.09197400,1308044.33347731,764,16.36077100,533915.81865470,0
300,2021-06-24 04:00:00,32589.2,32655.66,32558.09,32634.61,39.28065100,1281458.08127104,955,18.15423700,592189.83818291,0
301,2021-06-24 04:01:00,32634.6,32634.6,32550.01,32582.5,30.83629000,1004690.67466284,870,15.23836700,496553.60229888,0
302,2021-06-24 04:02:00,32582.51,32700.0,32582.51,32699.99,71.87155600,2347037.76644530,1475,49.70369600,1623087.00780448,0
303,2021-06-24 04:03:00,32700.0,32732.18,32643.3,32691.58,56.20025500,1837177.79481547,1244,25.16626700,822720.51143364,0
304,2021-06-24 04:04:00,32691.59,32732.78,32689.6,32720.01,66.68921000,2181555.16384365,1368,45.29125900,1481581.33456369,0
305,2021-06-24 04:05:00,32723.22,32728.0,32688.0,32694.56,25.01685300,818299.83379191,829,9.54275800,312116.45544415,0
306,2021-06-24 04:06:00,32694.55,32725.0,32660.35,32662.05,33.04724400,1080650.12667874,903,10.78483900,352666.46768212,0
307,2021-06-24 04:07:00,32662.05,32742.22,32654.38,32716.0,56.83399600,1858524.25832244,1192,24.02140900,785567.97531771,0
308,2021-06-24 04:08:00,32723.73,32785.7,32719.68,32730.67,53.03017700,1736907.17912690,1332,25.01573100,819356.98539559,0
309,2021-06-24 04:09:00,32730.67,32750.0,32689.75,32706.47,36.14081200,1182285.94590291,887,15.55804500,508984.88239396,0
310,2021-06-24 04:10:00,32706.48,32707.38,32651.17,32677.94,49.28597000,1610335.80790735,1075,18.39082600,600909.26786521,0
311,2021-06-24 04:11:00,32678.96,32688.18,32615.6,32645.66,44.35542900,1447974.24015906,1035,22.04407700,719592.68534496,0
312,2021-06-24 04:12:00,32647.95,32662.97,32582.3,32589.47,33.71147900,1099648.59649396,1012,11.62350600,379123.36880197,0
313,2021-06-24 04:13:00,32585.31,32588.23,32538.82,32542.31,43.44343800,1414623.70908748,1146,27.19282400,885451.58359512,0
314,2021-06-24 04:14:00,32542.3,32595.14,32531.78,32594.32,37.75456200,1229192.97947229,790,21.39307600,696474.80657448,0
315,2021-06-24 04:15:00,32596.05,32645.58,32558.55,32563.96,45.94116500,1498274.24332478,900,28.80184200,939472.35841044,0
316,2021-06-24 04:16:00,32563.97,32563.97,32530.35,32530.35,18.22862600,593282.40882611,686,6.68878500,217694.53024023,0
317,2021-06-24 04:17:00,32530.36,32555.18,32473.18,32491.58,78.38317100,2547610.39745935,1362,22.65920700,736547.59616345,0
318,2021-06-24 04:18:00,32491.59,32529.59,32485.08,32487.64,44.57601100,1448908.16593786,818,21.03276800,683763.21269476,0
319,2021-06-24 04:19:00,32487.65,32545.2,32487.64,32525.66,33.36054300,1084990.17314025,658,24.67252300,802496.03934322,0
320,2021-06-24 04:20:00,32526.16,32561.5,32492.37,32505.4,27.28613400,887705.86877067,648,16.79936000,546594.69368377,0
321,2021-06-24 04:21:00,32505.4,32506.01,32467.8,32467.81,54.94459100,1784910.15935073,879,16.55044500,537626.35763656,0
322,2021-06-24 04:22:00,32467.81,32528.06,32450.0,32469.04,55.80296700,1812461.53688346,849,21.73855200,706406.00908957,0
323,2021-06-24 04:23:00,32474.58,32498.12,32452.94,32479.06,45.91076200,1490965.18594576,688,16.61080100,539481.50185625,0
324,2021-06-24 04:24:00,32476.9,32530.77,32473.0,32496.18,46.47395600,1510526.74783158,751,20.58065600,669034.77678358,0
325,2021-06-24 04:25:00,32496.19,32577.36,32496.19,32555.0,40.10973500,1305492.77034817,919,26.08433500,848952.01208245,0
326,2021-06-24 04:26:00,32555.01,32555.01,32503.84,32525.99,28.37359300,923084.59308589,778,11.13801000,362370.25579957,0
327,2021-06-24 04:27:00,32525.72,32573.55,32504.55,32573.55,37.57760800,1222539.06903559,627,31.44187100,1022937.31664932,0
328,2021-06-24 04:28:00,32570.76,32584.98,32540.71,32552.31,30.87235200,1005332.54748180,659,15.06765300,490692.07034668,0
329,2021-06-24 04:29:00,32552.3,32594.69,32544.91,32590.99,30.36168500,988923.08972361,799,17.86147400,581892.35378921,0
330,2021-06-24 04:30:00,32590.99,32590.99,32487.19,32525.0,82.55918400,2685086.18045599,1107,46.26423500,1504717.40029185,0
331,2021-06-24 04:31:00,32524.99,32524.99,32438.13,32473.22,59.97497300,1947410.56201182,1279,21.68038600,704026.46357894,0
332,2021-06-24 04:32:00,32473.23,32481.36,32375.53,32413.42,128.82529900,4175972.28119016,1882,43.12735400,1397818.21083278,0
333,2021-06-24 04:33:00,32413.42,32450.82,32347.98,32376.77,77.56135000,2513343.48689990,1370,26.78581300,868153.91253223,0
334,2021-06-24 04:34:00,32376.77,32462.66,32286.57,32408.34,203.97174900,6599237.11280522,3079,92.49631600,2993855.54229077,0
335,2021-06-24 04:35:00,32408.33,32491.81,32408.33,32468.0,62.10675100,2016337.08705655,1306,36.67568000,1190676.70969858,0
336,2021-06-24 04:36:00,32469.22,32556.75,32468.01,32541.75,56.07322300,1823194.15055747,1064,44.49450800,1446762.98774935,0
337,2021-06-24 04:37:00,32541.75,32558.68,32492.0,32505.88,53.33027900,1734553.10947218,1076,32.16052800,1046023.59589292,0
338,2021-06-24 04:38:00,32505.88,32540.0,32447.67,32510.7,66.15184700,2150416.20372283,937,40.65355800,1321470.12522941,0
339,2021-06-24 04:39:00,32510.7,32532.22,32455.61,32504.14,70.11063900,2278473.97497430,944,46.08619500,1497993.03411058,0
340,2021-06-24 04:40:00,32504.73,32539.57,32504.73,32522.27,63.75176500,2073284.73760306,749,43.52171500,1415394.21068420,0
341,2021-06-24 04:41:00,32522.27,32550.44,32518.83,32550.43,92.11022300,2996580.60102684,923,72.94472300,2373051.84348803,0
342,2021-06-24 04:42:00,32550.43,32564.35,32480.01,32489.51,63.39923800,2062114.59182946,1169,34.90654200,1135423.31122411,0
343,2021-06-24 04:43:00,32488.66,32509.03,32448.1,32505.02,75.25294800,2444204.17486513,1331,33.45956600,1086882.64363776,0
344,2021-06-24 04:44:00,32501.39,32552.75,32481.05,32486.15,33.86378000,1101284.75885517,1038,19.93519900,648398.01954207,0
345,2021-06-24 04:45:00,32484.78,32551.14,32480.0,32539.91,24.54700100,798408.93498648,771,16.30260000,530259.34120875,0
346,2021-06-24 04:46:00,32539.92,32561.32,32520.01,32556.36,28.31285800,921517.75627782,800,15.15156000,493130.97083930,0
347,2021-06-24 04:47:00,32556.35,32562.81,32508.31,32562.8,41.68221500,1356047.96089823,876,23.14192600,752943.78018361,0
348,2021-06-24 04:48:00,32562.8,32624.31,32562.8,32602.98,38.67328300,1260827.90646938,1268,27.16095100,885495.13056309,0
349,2021-06-24 04:49:00,32603.0,32644.57,32603.0,32631.36,56.25587200,1835490.69695908,1102,35.24573700,1149964.12798075,0
350,2021-06-24 04:50:00,32630.01,32646.91,32600.33,32646.34,46.62912100,1520997.58610306,854,27.22205400,887912.55043843,0
351,2021-06-24 04:51:00,32645.73,32666.43,32601.97,32611.05,66.96620000,2185780.62260528,1103,37.27278500,1216659.04023101,0
352,2021-06-24 04:52:00,32611.04,32645.77,32595.42,32645.77,37.92855200,1237047.36099112,758,25.23835700,823102.76380020,0
353,2021-06-24 04:53:00,32645.77,32679.18,32639.24,32653.37,35.13073500,1147306.50080648,884,26.14133600,853703.87080118,0
354,2021-06-24 04:54:00,32653.37,32673.52,32622.94,32644.66,28.27579400,923157.60273484,817,16.63479200,543099.41274471,0
355,2021-06-24 04:55:00,32644.66,32673.67,32614.24,32617.23,45.75730300,1493659.45054647,842,30.32926400,990126.34853437,0
356,2021-06-24 04:56:00,32617.22,32634.98,32562.8,32622.44,91.38434900,2979321.29324184,1339,39.17307700,1276934.92833231,0
357,2021-06-24 04:57:00,32622.43,32626.37,32544.15,32578.56,43.85213600,1428811.81156203,816,17.47571600,569628.57581187,0
358,2021-06-24 04:58:00,32578.57,32610.72,32548.0,32577.52,41.16670700,1340834.54555973,858,20.74350200,675618.57251357,0
359,2021-06-24 04:59:00,32577.52,32600.0,32516.52,32546.38,34.05321400,1108511.90531470,961,19.57997700,637422.15762509,0
360,2021-06-24 05:00:00,32546.39,32558.95,32480.0,32512.38,75.46674300,2453024.32380857,1637,41.07916500,1335104.64012342,0
361,2021-06-24 05:01:00,32512.91,32632.61,32512.31,32617.09,79.54909500,2592189.46465454,1715,60.65105800,1976329.89124835,0
362,2021-06-24 05:02:00,32617.09,32677.13,32606.01,32641.98,36.35880100,1186640.19766510,1322,18.80773500,613877.03465516,0
363,2021-06-24 05:03:00,32641.98,32698.9,32614.66,32686.54,57.70570300,1884863.83461638,1324,26.37001000,861593.55349509,0
364,2021-06-24 05:04:00,32686.54,32750.77,32618.9,32618.91,276.72806400,9046601.41498763,2584,164.38755900,5374606.57561720,0
365,2021-06-24 05:05:00,32618.91,32630.53,32582.88,32619.01,44.82377200,1461818.78956527,916,25.77104700,840473.64674064,0
366,2021-06-24 05:06:00,32622.16,32679.0,32581.12,32663.74,73.08435400,2384191.46856901,968,39.39968100,1284862.23665631,0
367,2021-06-24 05:07:00,32663.75,32704.08,32640.0,32642.59,35.06354000,1145738.38274075,653,11.33689100,370457.64370253,0
368,2021-06-24 05:08:00,32642.59,32701.0,32642.59,32651.01,28.99822500,947415.25583614,518,17.03805200,556697.85042151,0
369,2021-06-24 05:09:00,32651.02,32658.59,32582.81,32599.1,35.03721700,1142962.79986824,668,17.34360800,565792.06193804,0
370,2021-06-24 05:10:00,32599.09,32628.45,32583.87,32626.57,15.99905000,521537.68198694,555,8.77977100,286212.28032281,0
371,2021-06-24 05:11:00,32628.2,32659.79,32620.85,32651.65,15.11696000,493483.76191517,513,10.14538800,331170.26686082,0
372,2021-06-24 05:12:00,32651.65,32660.99,32628.86,32647.17,18.90112600,617012.61584572,509,10.86839200,354796.88820782,0
373,2021-06-24 05:13:00,32645.63,32648.95,32601.28,32625.64,23.03287700,751421.90055000,568,7.80443900,254659.36020311,0
374,2021-06-24 05:14:00,32629.35,32646.51,32600.0,32603.68,26.10975200,851786.04905645,447,13.88909100,453091.52627094,0
375,2021-06-24 05:15:00,32603.68,32685.0,32603.68,32668.81,38.40841300,1254544.05146934,811,25.64119000,837544.24519816,0
376,2021-06-24 05:16:00,32668.8,32681.64,32661.7,32671.17,40.73565700,1331036.30317201,640,21.90115500,715608.77210424,0
377,2021-06-24 05:17:00,32671.17,32696.8,32671.17,32694.94,57.76451000,1888038.00843035,852,48.03626500,1570043.94360705,0
378,2021-06-24 05:18:00,32694.93,32728.0,32676.11,32726.4,64.18218300,2098416.89300776,907,46.30403600,1513886.17891469,0
379,2021-06-24 05:19:00,32723.92,32723.92,32672.99,32702.29,53.35252500,1744752.82055373,937,34.88285900,1140710.78838316,0
380,2021-06-24 05:20:00,32702.29,32725.03,32700.0,32700.45,60.52381500,1979500.06135477,846,30.19735100,987720.80139413,0
381,2021-06-24 05:21:00,32700.44,32704.14,32640.8,32697.37,56.79538600,1855527.85493594,876,32.80995500,1071914.03148881,0
382,2021-06-24 05:22:00,32697.38,32697.38,32652.0,32657.17,30.62304400,1000622.66194674,488,16.58951900,542099.18959576,0
383,2021-06-24 05:23:00,32657.03,32711.38,32652.39,32696.66,36.44126800,1191263.62959016,583,28.49604700,931524.71455319,0
384,2021-06-24 05:24:00,32696.85,32724.42,32691.88,32701.28,31.95209000,1045097.16580952,673,15.30734100,500688.42188518,0
385,2021-06-24 05:25:00,32701.35,32708.21,32666.92,32700.0,44.18469200,1444258.41814862,726,20.44109500,668113.11969905,0
386,2021-06-24 05:26:00,32700.0,32719.99,32690.24,32718.29,29.11838400,952319.01432554,597,18.93426600,619248.96221721,0
387,2021-06-24 05:27:00,32718.3,32725.0,32686.91,32686.91,24.01637500,785560.64742486,520,10.03539600,328269.40177994,0
388,2021-06-24 05:28:00,32686.91,32711.06,32673.58,32705.05,25.41720100,830928.15186300,539,14.34250600,468858.58985498,0
389,2021-06-24 05:29:00,32705.91,32715.0,32675.88,32678.35,22.21549700,726403.35049047,441,8.11578000,265377.13831705,0
390,2021-06-24 05:30:00,32678.35,32728.0,32672.59,32727.99,39.69163600,1298471.18886385,675,28.60384700,935786.74164906,0
391,2021-06-24 05:31:00,32727.99,32790.0,32727.99,32779.28,137.74413400,4513179.07121338,1482,77.07574000,2525275.27230834,0
392,2021-06-24 05:32:00,32779.28,32826.1,32737.71,32763.55,123.40835700,4046225.29253678,1895,71.44904000,2342821.19250375,0
393,2021-06-24 05:33:00,32763.55,32793.01,32748.28,32792.81,59.17868100,1939240.59652367,816,30.25824800,991504.00833967,0
394,2021-06-24 05:34:00,32792.82,32811.29,32758.08,32762.0,37.14632500,1217991.22195427,759,18.13350300,594546.30143589,0
395,2021-06-24 05:35:00,32762.01,32774.48,32731.2,32745.56,36.34107300,1190241.96439880,530,16.66139000,545669.18149038,0
396,2021-06-24 05:36:00,32745.56,32774.39,32731.07,32766.74,29.88155400,978856.73466931,529,15.23058700,498949.40644135,0
397,2021-06-24 05:37:00,32766.74,32811.13,32758.18,32787.95,40.28364100,1320561.52530676,649,29.87872600,979407.26172863,0
398,2021-06-24 05:38:00,32792.87,32809.35,32769.22,32784.25,45.95039000,1506535.35054821,716,21.59077400,707829.90423818,0
399,2021-06-24 05:39:00,32784.25,32801.36,32763.71,32793.28,51.43483100,1686169.60229336,701,18.61309700,610202.52696399,0
400,2021-06-24 05:40:00,32793.29,32794.58,32751.01,32753.0,46.14849100,1512822.80315846,649,18.09896000,593260.91804228,0
401,2021-06-24 05:41:00,32752.04,32779.99,32730.46,32744.24,59.69771900,1955030.20958814,735,18.58207200,608532.85128791,0
402,2021-06-24 05:42:00,32744.25,32763.72,32736.07,32758.64,54.79251400,1794214.11453220,431,44.49764800,1457064.84331013,0
403,2021-06-24 05:43:00,32758.64,32778.21,32747.08,32747.08,28.00384000,917516.64396289,573,10.31395500,337961.24624316,0
404,2021-06-24 05:44:00,32746.53,32776.4,32732.0,32737.85,48.34357700,1583066.94555474,703,23.59657100,772645.74540752,0
405,2021-06-24 05:45:00,32737.85,32793.77,32724.14,32774.5,49.38361300,1618437.95295164,583,37.36642100,1224665.28961383,0
406,2021-06-24 05:46:00,32775.3,32790.31,32769.41,32769.59,103.44988800,3391049.34743895,605,99.32879900,3255967.50939179,0
407,2021-06-24 05:47:00,32769.59,32794.5,32766.68,32793.62,21.98869200,720780.96599039,468,14.84186000,486514.03534823,0
408,2021-06-24 05:48:00,32793.61,32798.91,32775.23,32784.85,26.65878200,874100.66608373,465,13.90658200,455959.68297796,0
409,2021-06-24 05:49:00,32784.85,32794.46,32775.9,32794.45,24.17203000,792435.68123640,578,13.35938200,437978.12231118,0
410,2021-06-24 05:50:00,32794.46,33023.95,32794.45,32964.7,372.98225100,12287240.57700671,5174,237.87318600,7834030.90539815,0
411,2021-06-24 05:51:00,32962.32,32994.18,32913.97,32920.12,64.42125300,2123038.98436147,1575,32.88903100,1084052.76244894,0
412,2021-06-24 05:52:00,32924.02,32941.0,32824.45,32850.98,112.03405600,3683973.65009121,1853,39.43241200,1296547.93642101,0
413,2021-06-24 05:53:00,32850.98,32900.0,32844.44,32868.98,34.02946700,1118914.53347588,714,14.91183000,490275.33031625,0
414,2021-06-24 05:54:00,32868.98,32900.04,32839.49,32881.22,70.97095600,2332578.26876034,931,46.69634900,1534824.83359011,0
415,2021-06-24 05:55:00,32881.25,32881.26,32861.54,32875.03,30.65057700,1007515.22166817,473,14.78464000,485982.70654597,0
416,2021-06-24 05:56:00,32875.03,32880.41,32860.11,32874.73,40.38984500,1327616.73744177,458,26.59263000,874121.88810383,0
417,2021-06-24 05:57:00,32874.73,32919.68,32874.73,32913.67,58.08697900,1910588.94820295,727,42.95495900,1412803.39201602,0
418,2021-06-24 05:58:00,32913.66,33012.21,32910.0,32971.19,76.78032600,2531957.19060950,1291,49.18845300,1622013.90330377,0
419,2021-06-24 05:59:00,32971.2,32991.31,32953.28,32982.01,46.94429700,1547812.18643171,770,33.49905800,1104470.70476475,0
420,2021-06-24 06:00:00,32982.0,33020.89,32934.76,32938.88,125.60424900,4143549.47970578,1455,46.05975800,1519525.67659675,0
421,2021-06-24 06:01:00,32943.0,32957.64,32900.49,32917.79,60.56484200,1994075.03979150,1144,26.48940400,872165.85457288,0
422,2021-06-24 06:02:00,32917.8,32921.51,32861.2,32878.1,104.98286900,3453064.21636041,1091,51.74803300,1702256.38698854,0
423,2021-06-24 06:03:00,32878.11,32917.81,32857.58,32895.6,46.73454100,1536797.27853594,823,28.15828900,925924.65690703,0
424,2021-06-24 06:04:00,32895.6,32921.49,32874.14,32907.38,27.23632700,895918.65279876,621,17.68745800,581786.71007859,0
425,2021-06-24 06:05:00,32910.43,32922.16,32862.01,32870.65,34.55457100,1136581.78213535,736,17.84239800,586970.91128540,0
426,2021-06-24 06:06:00,32870.64,32883.17,32850.01,32854.91,27.11446300,891068.18046548,596,13.16066600,432508.18407711,0
427,2021-06-24 06:07:00,32854.9,32873.93,32840.01,32853.47,28.38003700,932447.67255731,681,12.36032700,406126.55036710,0
428,2021-06-24 06:08:00,32852.37,32859.86,32828.96,32842.46,34.83886800,1144123.91575694,592,12.63774100,415012.40924441,0
429,2021-06-24 06:09:00,32842.46,32848.0,32790.19,32813.05,94.78013500,3110374.38206728,1211,49.49154600,1624140.95668346,0
430,2021-06-24 06:10:00,32813.05,32862.84,32800.0,32850.82,74.07554700,2431964.19772125,645,47.12488500,1547225.85754708,0
431,2021-06-24 06:11:00,32854.36,32860.51,32830.18,32840.0,18.38960500,604017.44292090,420,8.44175100,277265.00693837,0
432,2021-06-24 06:12:00,32839.99,32839.99,32793.61,32808.17,46.26398800,1518157.95686308,663,16.74016800,549347.71912327,0
433,2021-06-24 06:13:00,32808.17,32809.98,32751.12,32798.82,72.10743300,2362905.82695442,1112,38.96341400,1276796.46133672,0
434,2021-06-24 06:14:00,32797.26,32799.96,32778.79,32793.04,15.93268800,522467.03920132,348,8.35236200,273898.02094795,0
435,2021-06-24 06:15:00,32793.04,32805.72,32724.38,32743.94,45.74457200,1498580.68137948,877,16.15136300,529148.51123068,0
436,2021-06-24 06:16:00,32750.03,32786.91,32747.15,32762.57,26.26370900,860590.15396027,580,13.06946000,428267.24500691,0
437,2021-06-24 06:17:00,32762.57,32770.01,32746.39,32762.2,20.02368400,655980.94830059,411,8.32858800,272859.72224870,0
438,2021-06-24 06:18:00,32762.22,32806.68,32762.22,32790.12,32.10371200,1052540.70755157,579,18.45009700,604855.29178371,0
439,2021-06-24 06:19:00,32790.12,32845.47,32778.37,32829.99,24.25918900,796037.61268679,598,12.06089300,395802.57301968,0
440,2021-06-24 06:20:00,32829.99,32830.3,32780.02,32799.61,68.22390400,2237669.52280098,668,31.97303300,1048762.15726117,0
441,2021-06-24 06:21:00,32798.72,32798.72,32764.95,32774.68,18.56519600,608537.20248977,453,7.14675800,234263.06028407,0
442,2021-06-24 06:22:00,32774.68,32802.0,32769.77,32792.25,16.41753400,538368.21396361,379,11.18878800,366899.65935800,0
443,2021-06-24 06:23:00,32792.26,32829.06,32792.25,32820.8,17.61022100,577828.50205182,415,11.43864100,375280.38110009,0
444,2021-06-24 06:24:00,32820.79,32840.0,32801.31,32831.51,20.70025400,679377.58973769,507,8.76820400,287744.76710043,0
445,2021-06-24 06:25:00,32832.68,32877.86,32826.62,32854.81,53.49284600,1757580.08456393,668,31.65933100,1040178.91296845,0
446,2021-06-24 06:26:00,32854.8,32854.81,32821.59,32843.28,16.97789700,557574.40229771,360,8.79733900,288902.58620215,0
447,2021-06-24 06:27:00,32843.27,32843.28,32794.02,32824.48,60.16978900,1974558.55817931,557,11.17579900,366836.70630186,0
448,2021-06-24 06:28:00,32823.62,32841.83,32802.26,32838.0,67.44517600,2213903.39740214,560,9.83837200,323018.22649154,0
449,2021-06-24 06:29:00,32838.0,32843.69,32768.92,32777.0,21.07502700,691538.54999825,442,8.61019700,282478.82179051,0
450,2021-06-24 06:30:00,32777.07,32815.41,32748.0,32815.41,53.74213000,1761621.20824046,839,27.76354400,910116.15036653,0
451,2021-06-24 06:31:00,32815.4,32844.44,32812.09,32835.88,31.82770400,1045052.38750487,503,25.64393400,842022.16256246,0
452,2021-06-24 06:32:00,32841.32,32867.02,32836.1,32847.2,25.85521400,849366.17300108,465,15.35482800,504419.81182816,0
453,2021-06-24 06:33:00,32847.74,32941.56,32847.74,32925.38,60.83405900,2001233.93262358,900,44.15263000,1452469.85790194,0
454,2021-06-24 06:34:00,32922.7,32956.9,32900.42,32933.84,28.53592300,939765.51201416,641,18.14277200,597500.19916897,0
455,2021-06-24 06:35:00,32933.84,32935.77,32890.85,32923.43,31.20142000,1026921.85438176,519,12.17857000,400820.72185740,0
456,2021-06-24 06:36:00,32923.44,32935.56,32905.2,32911.5,23.14773800,762040.87962472,414,14.67779900,483212.72723353,0
457,2021-06-24 06:37:00,32911.49,32911.49,32870.34,32893.16,38.86080000,1278208.42678362,560,12.81105500,421359.74145652,0
458,2021-06-24 06:38:00,32893.16,32960.0,32893.16,32950.72,67.71798500,2228963.68868303,674,58.77561400,1934426.16860721,0
459,2021-06-24 06:39:00,32950.72,32950.72,32898.12,32905.71,30.52723300,1004894.44323956,680,12.89095600,424293.26912587,0
460,2021-06-24 06:40:00,32905.72,32906.25,32860.02,32900.96,35.50207200,1167642.81597488,617,21.45962900,705787.75584256,0
461,2021-06-24 06:41:00,32900.96,32923.63,32884.34,32889.68,24.44887400,804593.57405371,497,12.14692700,399742.57705472,0
462,2021-06-24 06:42:00,32889.67,32907.7,32853.99,32877.64,22.18613500,729320.99224795,578,11.75793900,386570.31930740,0
463,2021-06-24 06:43:00,32877.64,32912.93,32873.14,32888.94,21.97899000,722874.79427183,406,8.77405000,288586.15876918,0
464,2021-06-24 06:44:00,32885.31,32900.04,32853.56,32900.04,27.89878900,917127.85463866,409,11.09419800,364799.46888147,0
465,2021-06-24 06:45:00,32900.03,32975.0,32900.03,32974.99,37.65730800,1240696.38204881,882,20.39925600,672082.51297549,0
466,2021-06-24 06:46:00,32974.99,33010.0,32974.99,32991.0,102.53477300,3383415.53816421,1058,38.76825200,1279252.47199220,0
467,2021-06-24 06:47:00,32991.01,33178.0,32991.0,33083.98,328.23357900,10863658.97592576,4545,175.67270100,5813360.21108019,0
468,2021-06-24 06:48:00,33083.96,33206.79,33079.56,33133.6,108.39290900,3593688.96965227,1914,56.86811100,1885679.51260507,0
469,2021-06-24 06:49:00,33133.59,33173.29,33091.19,33108.73,130.66753000,4328155.04348340,1485,60.89627400,2017462.81030541,0
470,2021-06-24 06:50:00,33108.74,33113.0,33061.23,33073.93,52.11011400,1723951.68011277,981,25.72716200,850995.91061201,0
471,2021-06-24 06:51:00,33069.84,33072.1,33026.01,33039.35,44.81310500,1480996.22539565,807,30.69593200,1014494.68238694,0
472,2021-06-24 06:52:00,33039.35,33043.71,32984.2,33018.13,47.05936500,1553690.93794925,899,14.49497900,478614.32366719,0
473,2021-06-24 06:53:00,33018.13,33059.99,33014.33,33059.99,33.50419800,1106951.96611974,624,20.98766500,693459.12538064,0
474,2021-06-24 06:54:00,33060.0,33085.62,33041.67,33073.38,44.92196300,1485656.19449290,703,28.59588900,945775.00862044,0
475,2021-06-24 06:55:00,33073.37,33078.65,33033.01,33050.79,23.56553100,778963.99008225,595,11.57798100,382707.04139755,0
476,2021-06-24 06:56:00,33050.2,33071.45,33036.17,33049.97,25.86372300,854963.99657359,619,9.69302000,320393.84544716,0
477,2021-06-24 06:57:00,33049.96,33054.79,33026.82,33043.35,24.03997200,794292.40018846,555,16.16671100,534143.14297069,0
478,2021-06-24 06:58:00,33043.35,33059.99,33014.14,33024.1,61.18825900,2021323.11380776,969,21.33686900,704838.54952792,0
479,2021-06-24 06:59:00,33026.98,33036.93,33000.07,33005.23,41.34491500,1365100.48285774,890,19.53222500,644899.76592828,0
480,2021-06-24 07:00:00,33005.23,33046.14,33000.0,33001.94,61.25303800,2022755.64508570,930,45.60682200,1506217.23168051,0
481,2021-06-24 07:01:00,33003.7,33004.14,32967.0,32975.85,56.66527200,1869427.33724230,870,15.47463000,510429.25268122,0
482,2021-06-24 07:02:00,32974.37,32981.54,32943.02,32955.24,43.09536000,1420557.39261694,838,22.92096600,755522.91849202,0
483,2021-06-24 07:03:00,32955.25,32992.57,32938.4,32992.57,40.41344800,1332575.54185195,591,23.80064100,784972.16180024,0
484,2021-06-24 07:04:00,32992.57,32995.59,32903.03,32930.21,63.02227100,2075711.67488497,1257,24.26775800,799310.31234449,0
485,2021-06-24 07:05:00,32933.11,32966.99,32930.0,32940.01,93.94069500,3094670.52826103,975,46.61865500,1535721.07317809,0
486,2021-06-24 07:06:00,32940.01,32959.05,32909.74,32941.12,87.00874200,2865801.49332885,850,56.09263200,1847607.80933221,0
487,2021-06-24 07:07:00,32941.12,32955.35,32926.77,32944.01,26.47683000,872284.53622160,545,12.02900800,396298.64612421,0
488,2021-06-24 07:08:00,32944.02,32985.19,32944.0,32960.6,41.61482600,1371746.71580658,610,23.15252700,763137.09717305,0
489,2021-06-24 07:09:00,32960.59,32985.45,32957.78,32978.83,23.07397200,760876.87938441,554,10.59336400,349322.48442578,0
490,2021-06-24 07:10:00,32978.83,33063.72,32978.83,33055.73,48.61064400,1605029.72202807,890,25.29359900,834864.75895578,0
491,2021-06-24 07:11:00,33055.37,33100.0,33050.0,33053.34,72.41387200,2395400.57633042,1060,43.77088100,1447920.04006274,0
492,2021-06-24 07:12:00,33050.0,33122.99,33027.7,33111.93,50.62930700,1675059.02941116,1009,33.87972100,1120933.60085189,0
493,2021-06-24 07:13:00,33111.51,33112.87,33070.44,33087.86,36.91574500,1221673.96911950,825,18.01850500,596330.40207986,0
494,2021-06-24 07:14:00,33087.87,33123.8,33087.86,33100.06,51.68227900,1711150.51399065,704,17.28402300,572282.04077178,0
495,2021-06-24 07:15:00,33099.67,33100.79,33034.0,33036.54,34.16439000,1129547.86961257,854,11.16870000,369257.93334223,0
496,2021-06-24 07:16:00,33036.54,33037.25,32998.0,33013.64,47.32775000,1562694.77075402,879,8.77720300,289840.97575866,0
497,2021-06-24 07:17:00,33013.65,33041.13,32980.0,32999.3,40.11008600,1323995.41858315,753,21.98015500,725527.53975507,0
498,2021-06-24 07:18:00,32994.11,32995.88,32937.61,32958.01,55.73819100,1837367.84358015,841,25.06949000,826348.16704370,0
499,2021-06-24 07:19:00,32958.0,32980.19,32953.01,32974.72,8.22842800,271295.88392697,119,1.72963500,57034.81435502,0
500,2021-06-24 07:19:00,32958.0,32996.16,32953.01,32971.07,50.06143100,1651008.13198033,664,15.92201400,525160.29101518,0
501,2021-06-24 07:20:00,32971.07,33050.0,32967.09,33006.04,49.45919100,1633184.51305694,711,17.67287000,583511.54050690,0
