,date,open,high,low,close,volume,QAV,trades,TBAV,TQAV,Ignore,detect
1,2021-06-29 06:04:00,34641.17000000,34669.61000000,34636.51000000,34657.49000000,13.25386400,459302.37081657,428,7.99561500,277078.66946748,0,0
2,2021-06-29 06:05:00,34657.49000000,34667.76000000,34635.46000000,34635.46000000,10.84546500,375826.72600313,419,4.74838600,164538.29342908,0,0
3,2021-06-29 06:06:00,34635.47000000,34643.85000000,34600.00000000,34605.98000000,22.82507100,790380.59126476,562,8.27844500,286654.47373468,0,0
4,2021-06-29 06:07:00,34605.97000000,34646.70000000,34595.73000000,34599.99000000,36.00150400,1245905.41113502,679,7.49083900,259288.46337985,0,0
5,2021-06-29 06:08:00,34599.99000000,34619.39000000,34575.62000000,34585.67000000,30.79024800,1065065.73435179,574,12.42686400,429918.18102530,0,1
6,2021-06-29 06:09:00,34585.65000000,34638.25000000,34585.64000000,34624.28000000,14.48845100,501508.47026885,462,7.58917000,262733.72801350,0,1
7,2021-06-29 06:10:00,34624.28000000,34670.41000000,34624.27000000,34648.29000000,24.63421900,853583.38436941,505,16.28415400,564292.99033116,0,1
8,2021-06-29 06:11:00,34648.29000000,34678.94000000,34648.28000000,34664.63000000,13.82362600,479229.67970385,355,5.58454100,193617.64025085,0,0
9,2021-06-29 06:12:00,34664.62000000,34669.77000000,34641.83000000,34651.92000000,14.34369700,497054.28628460,360,4.56645500,158251.25472371,0,1
10,2021-06-29 06:13:00,34651.91000000,34691.00000000,34645.48000000,34667.27000000,18.13721100,628822.36824334,426,12.11136500,419893.10762399,0,1
11,2021-06-29 06:14:00,34667.28000000,34700.01000000,34664.09000000,34696.82000000,37.01745200,1284053.73763452,589,23.88798800,828650.78042144,0,1
12,2021-06-29 06:15:00,34696.81000000,34811.71000000,34696.24000000,34799.74000000,72.85216400,2531678.57724393,1594,56.96131400,1979262.37263588,0,1
13,2021-06-29 06:16:00,34798.34000000,34857.14000000,34781.12000000,34823.85000000,86.53172700,3014412.23382175,1592,34.16199900,1189697.88774865,0,0
14,2021-06-29 06:17:00,34823.85000000,34834.17000000,34785.72000000,34789.50000000,30.70428500,1068697.73943871,557,10.61717700,369531.77809121,0,1
15,2021-06-29 06:18:00,34789.50000000,34838.42000000,34786.46000000,34815.15000000,25.87720400,900910.46462653,592,17.69627000,616081.77010361,0,0
16,2021-06-29 06:19:00,34816.67000000,34830.00000000,34810.00000000,34810.01000000,42.33024700,1473928.77431126,644,32.15585400,1119674.52386127,0,1
17,2021-06-29 06:20:00,34812.39000000,34896.33000000,34800.48000000,34881.62000000,55.84188500,1946025.48865043,1129,29.03739000,1012024.62408156,0,0
18,2021-06-29 06:21:00,34881.61000000,34912.00000000,34853.39000000,34860.67000000,56.74114100,1979432.94218333,1191,34.75827200,1212631.77195036,0,0
19,2021-06-29 06:22:00,34860.67000000,34869.01000000,34830.04000000,34845.17000000,25.53745500,889858.45653629,717,6.59786300,229924.99214628,0,0
20,2021-06-29 06:23:00,34842.56000000,34842.56000000,34811.08000000,34812.06000000,23.87802100,831569.59436668,902,9.81248600,341748.76559384,0,1
21,2021-06-29 06:24:00,34812.06000000,34843.98000000,34810.00000000,34842.38000000,23.41128800,815165.50610155,655,8.40321100,292632.54683545,0,0
22,2021-06-29 06:25:00,34841.22000000,34845.03000000,34815.38000000,34822.97000000,20.62730400,718383.62907541,556,10.81691100,376713.16007480,0,1
23,2021-06-29 06:26:00,34820.01000000,34853.99000000,34814.83000000,34844.93000000,16.24047900,565737.61795470,506,8.53775400,297407.36834184,0,1
24,2021-06-29 06:27:00,34844.94000000,34875.59000000,34844.94000000,34866.55000000,13.30669800,463894.95578629,510,6.80660400,237284.51026530,0,0
25,2021-06-29 06:28:00,34866.55000000,34866.55000000,34842.23000000,34852.27000000,16.64520700,580136.15790741,549,8.73940100,304603.83220785,0,1
26,2021-06-29 06:29:00,34852.27000000,34950.00000000,34842.46000000,34934.22000000,120.50455700,4206753.36597362,1690,93.92915400,3278954.39993642,0,0
27,2021-06-29 06:30:00,34934.21000000,34967.55000000,34894.70000000,34904.80000000,115.55586300,4035936.94329098,1514,70.26387300,2454216.83830317,0,0
28,2021-06-29 06:31:00,34904.80000000,34904.80000000,34826.37000000,34861.56000000,58.10661100,2025439.67761732,914,30.16665700,1051600.43195024,0,0
29,2021-06-29 06:32:00,34859.80000000,34863.32000000,34814.15000000,34850.00000000,30.47253600,1061519.33768672,630,15.40968400,536817.39242830,0,1
30,2021-06-29 06:33:00,34849.99000000,34890.58000000,34839.75000000,34870.38000000,25.23886800,879949.03673077,672,13.55695600,472666.72384851,0,1
31,2021-06-29 06:34:00,34870.38000000,34992.08000000,34852.99000000,34992.07000000,98.12310800,3430058.68031157,1681,69.59739000,2433102.35502757,0,0
32,2021-06-29 06:35:00,34992.08000000,34992.08000000,34946.00000000,34955.98000000,37.16906200,1299518.36411508,983,14.28295800,499352.98927215,0,1
33,2021-06-29 06:36:00,34951.53000000,35017.18000000,34950.07000000,35001.55000000,283.29914700,9914328.13693043,2633,205.23253800,7182317.79102167,0,1
34,2021-06-29 06:37:00,35001.55000000,35050.00000000,34980.00000000,35014.99000000,158.98474200,5566464.84652180,2301,88.69781000,3105758.59382035,0,0
35,2021-06-29 06:38:00,35014.99000000,35030.48000000,34847.40000000,34866.95000000,174.72985600,6107413.66673442,2348,44.99340700,1572707.85304781,0,1
36,2021-06-29 06:39:00,34866.95000000,34998.65000000,34866.95000000,34963.84000000,159.89789100,5589107.16463867,1979,91.67076600,3203464.43526455,0,1
37,2021-06-29 06:40:00,34963.86000000,35044.51000000,34957.46000000,35030.68000000,120.12609600,4205328.58977949,1632,61.25672800,2144452.48138426,0,0
38,2021-06-29 06:41:00,35029.27000000,35050.00000000,34998.52000000,35029.99000000,73.39754400,2571039.27582904,973,36.79237800,1288643.16918817,0,0
39,2021-06-29 06:42:00,35029.98000000,35140.00000000,35000.03000000,35001.39000000,234.64728700,8231294.18033001,3544,175.26350400,6149661.00849088,0,1
40,2021-06-29 06:43:00,35004.41000000,35059.91000000,34985.00000000,35027.58000000,79.40856400,2780425.76063645,1220,36.26780900,1270121.86874892,0,0
41,2021-06-29 06:44:00,35027.59000000,35036.45000000,34996.09000000,34999.99000000,57.34822300,2007869.93939800,858,13.80351300,483347.10150307,0,1
42,2021-06-29 06:45:00,35000.00000000,35047.67000000,34999.99000000,35020.87000000,104.48572100,3659576.01627617,989,84.64337800,2964745.71585508,0,1
43,2021-06-29 06:46:00,35020.86000000,35056.42000000,35020.86000000,35044.18000000,39.36224800,1379203.15951627,800,21.48617500,752882.38600814,0,1
44,2021-06-29 06:47:00,35044.08000000,35139.79000000,35041.82000000,35101.45000000,84.26068400,2956257.30777448,1574,45.44063200,1594307.12325780,0,0
45,2021-06-29 06:48:00,35101.44000000,35163.87000000,35067.58000000,35079.16000000,163.98198800,5757730.64911074,2802,101.54705600,3565885.37865574,0,1
46,2021-06-29 06:49:00,35079.16000000,35118.46000000,35065.26000000,35086.71000000,46.33557700,1626176.31493015,918,22.00563800,772312.03603074,0,0
47,2021-06-29 06:50:00,35086.71000000,35097.65000000,35052.22000000,35073.02000000,51.93151200,1821498.50441605,1050,21.56038900,756298.01295297,0,0
48,2021-06-29 06:51:00,35067.51000000,35078.48000000,35037.83000000,35037.84000000,44.88678600,1573539.01612304,761,8.48826900,297614.70234631,0,1
49,2021-06-29 06:52:00,35037.83000000,35077.00000000,35037.83000000,35066.40000000,51.79374700,1815841.64055757,750,22.51841100,789507.78223180,0,0
50,2021-06-29 06:53:00,35066.40000000,35074.99000000,35032.81000000,35045.06000000,37.37533900,1310200.07603583,624,8.01682100,281019.91815307,0,1
51,2021-06-29 06:54:00,35049.37000000,35086.70000000,35033.05000000,35083.71000000,47.35917800,1660256.30942141,698,26.90878300,943412.76823247,0,1
52,2021-06-29 06:55:00,35083.70000000,35400.00000000,35083.70000000,35370.34000000,534.83901800,18846229.95971525,10608,402.03525300,14168797.57785652,0,0
53,2021-06-29 06:56:00,35370.34000000,35399.86000000,35272.12000000,35307.90000000,297.68645700,10518929.76156993,5995,114.69373100,4053540.83192489,0,0
54,2021-06-29 06:57:00,35307.68000000,35334.09000000,35237.61000000,35265.78000000,109.91043800,3877975.69879760,2177,31.97373100,1128226.62324895,0,1
55,2021-06-29 06:58:00,35265.77000000,35381.51000000,35255.55000000,35297.04000000,182.25304600,6437994.39738894,2322,119.70609900,4228741.98764334,0,1
56,2021-06-29 06:59:00,35291.56000000,35350.00000000,35280.88000000,35332.62000000,214.12314700,7558979.86713273,1565,178.58863000,6304421.31998370,0,0
57,2021-06-29 07:00:00,35332.51000000,35448.00000000,35262.29000000,35278.26000000,343.79899200,12161062.04277835,5386,143.55723300,5077860.65521028,0,0
58,2021-06-29 07:01:00,35282.08000000,35320.00000000,35195.00000000,35231.51000000,163.84708000,5776931.05277486,2423,59.43603600,2095565.84926947,0,1
59,2021-06-29 07:02:00,35231.51000000,35249.14000000,35160.16000000,35241.27000000,94.66477700,3332473.66138040,1511,37.65972000,1325818.85052546,0,0
60,2021-06-29 07:03:00,35241.27000000,35244.41000000,35193.94000000,35222.57000000,61.70965300,2173075.45333358,1172,28.49188000,1003341.18088725,0,1
61,2021-06-29 07:04:00,35220.39000000,35246.24000000,35200.00000000,35223.25000000,69.03006700,2431330.77842666,1056,27.86174900,981382.37932449,0,1
62,2021-06-29 07:05:00,35223.25000000,35247.99000000,35213.26000000,35244.00000000,51.82761800,1826182.37918346,1079,31.43082800,1107549.21611152,0,1
63,2021-06-29 07:06:00,35243.99000000,35277.00000000,35233.52000000,35263.53000000,63.59141300,2241976.20827049,1070,39.55244200,1394378.50461842,0,1
64,2021-06-29 07:07:00,35265.00000000,35320.49000000,35263.54000000,35305.24000000,65.81029300,2322489.30923189,1106,46.52160200,1641635.40353129,0,0
65,2021-06-29 07:08:00,35305.23000000,35335.00000000,35278.45000000,35284.39000000,88.68870300,3131330.82263006,1271,34.28734700,1210820.10579044,0,0
66,2021-06-29 07:09:00,35285.28000000,35291.01000000,35220.00000000,35220.01000000,65.47954200,2308795.88517184,1031,29.02740600,1023444.20955472,0,1
67,2021-06-29 07:10:00,35220.01000000,35277.03000000,35220.01000000,35258.37000000,51.70473800,1822675.16000542,878,27.67592200,975644.97173647,0,1
68,2021-06-29 07:11:00,35258.61000000,35350.00000000,35258.61000000,35344.92000000,145.27982200,5132367.14868827,1575,56.23625700,1986479.36173197,0,0
69,2021-06-29 07:12:00,35344.92000000,35349.25000000,35270.00000000,35301.81000000,62.28597800,2199069.59596397,1105,31.70125600,1119241.10441947,0,0
70,2021-06-29 07:13:00,35301.81000000,35312.62000000,35283.08000000,35285.93000000,42.66483000,1505909.84815892,765,19.01424900,671146.67755595,0,1
71,2021-06-29 07:14:00,35285.93000000,35318.57000000,35280.01000000,35308.22000000,28.30472100,999242.84820288,761,16.10064100,568389.01045632,0,0
72,2021-06-29 07:15:00,35308.22000000,35311.46000000,35224.00000000,35242.00000000,78.05333700,2752219.17885791,1219,18.46035600,651159.79485027,0,0
73,2021-06-29 07:16:00,35242.00000000,35294.54000000,35220.08000000,35236.72000000,51.71196700,1822903.80586342,1078,25.07652800,884045.40555922,0,0
74,2021-06-29 07:17:00,35236.72000000,35236.72000000,35183.86000000,35203.05000000,88.13355400,3102521.94009333,1276,50.27332200,1769685.61888816,0,0
75,2021-06-29 07:18:00,35203.06000000,35211.29000000,35200.00000000,35200.78000000,36.34441800,1279402.33752640,612,17.09549800,601804.77087076,0,1
76,2021-06-29 07:19:00,35200.78000000,35232.59000000,35200.00000000,35202.12000000,54.62230600,1923550.83291613,732,16.16770700,569279.38717101,0,0
77,2021-06-29 07:20:00,35202.13000000,35211.61000000,35184.48000000,35184.49000000,54.00215800,1900863.97939942,750,27.66392300,973775.52197564,0,1
78,2021-06-29 07:21:00,35184.49000000,35220.00000000,35178.95000000,35200.00000000,110.16394800,3878132.61408781,897,36.98326600,1301845.35759866,0,1
79,2021-06-29 07:22:00,35200.00000000,35232.59000000,35196.06000000,35222.65000000,32.84084400,1156456.41504848,648,17.59527100,619670.94610989,0,1
80,2021-06-29 07:23:00,35222.65000000,35250.00000000,35208.38000000,35239.34000000,33.81730300,1191475.73589344,637,14.97978700,527739.22719190,0,0
81,2021-06-29 07:24:00,35239.35000000,35244.94000000,35193.36000000,35208.45000000,42.47429700,1495691.51691412,740,13.55323500,477237.49969627,0,1
82,2021-06-29 07:25:00,35208.45000000,35240.00000000,35200.77000000,35237.00000000,43.45381300,1530615.50872165,785,20.30158500,715069.11468040,0,1
83,2021-06-29 07:26:00,35237.00000000,35300.00000000,35230.00000000,35246.59000000,92.04212400,3245941.19654465,1291,42.62304700,1503063.75870138,0,1
84,2021-06-29 07:27:00,35246.58000000,35295.34000000,35245.17000000,35270.03000000,44.82861600,1581265.17776443,978,28.63381400,1009967.73453313,0,0
85,2021-06-29 07:28:00,35270.02000000,35282.74000000,35236.00000000,35236.00000000,43.28980000,1526215.92004235,845,17.38047700,612799.48409414,0,0
86,2021-06-29 07:29:00,35236.01000000,35240.00000000,35220.00000000,35220.67000000,33.47441700,1179184.45479882,767,13.93882200,491009.80317836,0,1
87,2021-06-29 07:30:00,35220.67000000,35234.88000000,35205.54000000,35221.39000000,35.01899100,1233256.02456522,866,17.34001900,610577.97447525,0,0
88,2021-06-29 07:31:00,35221.39000000,35236.29000000,35185.18000000,35202.01000000,104.33260700,3673045.06865054,1278,34.95767100,1230687.38030844,0,0
89,2021-06-29 07:32:00,35202.00000000,35210.00000000,35122.82000000,35142.34000000,86.59328900,3045069.25928354,1487,28.21887800,992392.87169103,0,0
90,2021-06-29 07:33:00,35142.35000000,35149.57000000,35107.22000000,35112.02000000,70.16626900,2464085.40472274,1159,29.99695500,1053434.31560663,0,0
91,2021-06-29 07:34:00,35112.01000000,35134.92000000,35065.72000000,35077.14000000,98.74125500,3465389.42204877,1428,32.90338100,1154908.05309229,0,1
92,2021-06-29 07:35:00,35079.66000000,35126.50000000,35066.36000000,35107.09000000,101.10253900,3548823.56127906,1060,43.06859400,1511840.16212967,0,1
93,2021-06-29 07:36:00,35107.10000000,35120.00000000,35107.09000000,35111.69000000,39.10367600,1372949.12860662,802,10.32979800,362695.63841899,0,1
94,2021-06-29 07:37:00,35111.69000000,35144.75000000,35103.28000000,35115.46000000,43.00232600,1510133.79666289,856,23.61645500,829384.71824246,0,0
95,2021-06-29 07:38:00,35115.46000000,35135.00000000,35108.59000000,35109.78000000,41.09560100,1443154.98139110,808,18.50743000,649921.23052756,0,0
96,2021-06-29 07:39:00,35108.77000000,35108.77000000,35057.22000000,35058.17000000,65.70969300,2304803.10000782,1003,27.38104300,960322.06944512,0,0
97,2021-06-29 07:40:00,35058.01000000,35095.74000000,35038.46000000,35040.60000000,75.36919700,2642423.81650467,1222,28.68087100,1005631.61657456,0,1
98,2021-06-29 07:41:00,35040.59000000,35056.23000000,35001.01000000,35048.52000000,68.07262400,2384572.82067617,1528,32.18688900,1127618.37595153,0,1
99,2021-06-29 07:42:00,35048.51000000,35088.44000000,35048.51000000,35088.43000000,50.96783200,1787255.44981646,956,22.40813100,785736.08591932,0,1
100,2021-06-29 07:43:00,35088.43000000,35100.00000000,35076.85000000,35089.84000000,40.71561100,1428619.16117822,835,17.67285300,619994.55501403,0,0
101,2021-06-29 07:44:00,35087.88000000,35089.55000000,35050.00000000,35050.52000000,23.45725000,822454.10642055,712,7.24329100,253972.88908967,0,0
102,2021-06-29 07:45:00,35050.02000000,35057.58000000,34900.02000000,34915.04000000,182.82673900,6394488.10253459,2946,40.71257200,1423660.49977479,0,1
103,2021-06-29 07:46:00,34915.04000000,34977.12000000,34915.04000000,34950.02000000,124.68560500,4357844.64470843,1311,70.59251400,2467002.87303713,0,0
104,2021-06-29 07:47:00,34950.01000000,34974.11000000,34878.12000000,34896.86000000,113.55892300,3965073.54313845,1523,58.54681200,2044479.89060696,0,0
105,2021-06-29 07:48:00,34896.86000000,34901.47000000,34845.13000000,34855.86000000,137.27963700,4786293.72926562,1789,66.06070400,2303399.02787899,0,0
106,2021-06-29 07:49:00,34855.86000000,34862.95000000,34767.09000000,34813.28000000,253.48863100,8824693.10855828,3111,100.00264400,3481868.42668875,0,1
107,2021-06-29 07:50:00,34813.28000000,34881.20000000,34811.55000000,34866.22000000,98.42639000,3430285.52021142,1508,64.14889900,2235383.68028328,0,0
108,2021-06-29 07:51:00,34867.19000000,34881.20000000,34839.77000000,34866.02000000,70.54219400,2459666.37703316,924,53.85078300,1877705.42098401,0,0
109,2021-06-29 07:52:00,34860.65000000,34870.00000000,34842.29000000,34844.99000000,41.03284900,1430445.41868907,763,24.02447300,837514.51895614,0,1
110,2021-06-29 07:53:00,34844.99000000,34864.47000000,34834.18000000,34857.10000000,34.60314000,1205910.53909868,589,15.66834400,546056.32466374,0,1
111,2021-06-29 07:54:00,34857.12000000,34905.47000000,34857.12000000,34882.76000000,82.36117700,2873229.34756357,1134,36.41611200,1270343.77538955,0,1
112,2021-06-29 07:55:00,34882.76000000,34908.32000000,34871.51000000,34904.00000000,41.63222200,1452681.16945968,647,18.19257700,634760.56222095,0,1
113,2021-06-29 07:56:00,34903.33000000,34999.99000000,34903.30000000,34930.70000000,323.78802900,11319207.40034990,1844,112.72763300,3939352.36545389,0,0
114,2021-06-29 07:57:00,34930.71000000,34930.71000000,34890.96000000,34930.69000000,60.35651500,2106638.90199298,774,36.89625400,1287726.07890281,0,0
115,2021-06-29 07:58:00,34930.70000000,34940.10000000,34893.98000000,34907.53000000,65.25046500,2277839.20897235,725,14.08099800,491604.02969989,0,0
116,2021-06-29 07:59:00,34907.52000000,34917.16000000,34836.81000000,34849.27000000,52.94744900,1847053.41039885,949,10.11316700,352852.11547415,0,1
117,2021-06-29 08:00:00,34849.20000000,34890.25000000,34842.36000000,34880.28000000,67.59766500,2357352.91127003,1106,44.94963800,1567585.32382868,0,1
118,2021-06-29 08:01:00,34880.28000000,34950.00000000,34880.28000000,34949.97000000,60.89653400,2126189.36995354,1323,21.02553200,734095.14463228,0,0
119,2021-06-29 08:02:00,34949.97000000,34979.08000000,34867.76000000,34867.76000000,134.07198900,4683118.20418162,1816,62.33113800,2177565.00399304,0,0
120,2021-06-29 08:03:00,34867.75000000,34869.36000000,34740.00000000,34747.09000000,142.25698700,4949327.66733659,2147,61.47997400,2139255.12053035,0,1
121,2021-06-29 08:04:00,34747.09000000,34811.31000000,34733.59000000,34781.86000000,89.33492400,3107033.12637425,1309,57.52974100,2000776.18404880,0,0
122,2021-06-29 08:05:00,34785.24000000,34790.39000000,34741.05000000,34768.27000000,57.14769600,1986741.18447036,1019,16.50436700,573743.43769175,0,1
123,2021-06-29 08:06:00,34768.26000000,34823.36000000,34730.01000000,34790.99000000,107.24550200,3729309.92030929,1393,55.06702600,1914634.46099524,0,0
124,2021-06-29 08:07:00,34790.99000000,34818.57000000,34734.87000000,34739.36000000,50.80435200,1767523.02299598,965,23.92588000,832538.55270192,0,1
125,2021-06-29 08:08:00,34739.36000000,34799.44000000,34730.00000000,34798.51000000,47.12400700,1637889.70056516,881,23.18581400,805950.07092141,0,0
126,2021-06-29 08:09:00,34798.52000000,34803.33000000,34776.92000000,34790.00000000,29.86055000,1039003.37465468,682,16.41092000,571031.12328468,0,1
127,2021-06-29 08:10:00,34790.00000000,34800.00000000,34753.81000000,34800.00000000,31.09018000,1081224.56541967,719,14.85902700,516793.13614588,0,1
128,2021-06-29 08:11:00,34800.00000000,34839.99000000,34775.73000000,34807.20000000,64.91112800,2259506.34246456,989,37.30552200,1298654.14938209,0,1
129,2021-06-29 08:12:00,34807.17000000,34825.00000000,34791.30000000,34824.99000000,28.19236400,981208.64157846,544,10.69713900,372321.76905654,0,1
130,2021-06-29 08:13:00,34825.00000000,34875.80000000,34812.29000000,34846.41000000,48.63874700,1694500.95883601,794,27.75553900,966902.42002156,0,1
131,2021-06-29 08:14:00,34846.41000000,34885.28000000,34842.03000000,34871.02000000,41.38632200,1442480.44458976,723,23.77995000,828830.88052146,0,1
132,2021-06-29 08:15:00,34871.02000000,34887.99000000,34841.95000000,34880.87000000,55.02944700,1918051.06260880,645,30.93004400,1078093.94539124,0,1
133,2021-06-29 08:16:00,34884.65000000,34920.18000000,34880.85000000,34906.52000000,77.74178400,2713393.06246454,978,37.92493700,1323472.14479145,0,1
134,2021-06-29 08:17:00,34906.52000000,34955.82000000,34905.30000000,34948.25000000,83.13076000,2904210.43646127,1281,52.07047100,1819133.09855685,0,1
135,2021-06-29 08:18:00,34948.25000000,34959.65000000,34921.51000000,34948.37000000,48.78706300,1704635.12713223,905,23.85747200,833641.70705496,0,1
136,2021-06-29 08:19:00,34948.36000000,34974.78000000,34925.49000000,34968.26000000,36.58854900,1278449.25896259,965,19.08781800,666953.11249364,0,1
137,2021-06-29 08:20:00,34968.25000000,35008.07000000,34950.01000000,34979.27000000,81.46307600,2849533.49877883,1424,39.68415700,1388075.30211214,0,0
138,2021-06-29 08:21:00,34979.27000000,34985.83000000,34950.10000000,34975.51000000,33.60877800,1175279.23466067,757,19.14421900,669490.22214902,0,1
139,2021-06-29 08:22:00,34975.50000000,35032.01000000,34975.50000000,35024.13000000,53.56290000,1875180.20442465,1098,34.29303000,1200622.19152964,0,1
140,2021-06-29 08:23:00,35024.12000000,35065.25000000,35018.44000000,35029.41000000,68.38057800,2396127.99848615,1331,32.82408500,1150176.02112716,0,0
141,2021-06-29 08:24:00,35029.41000000,35029.41000000,34992.85000000,34992.85000000,37.91155900,1327323.31622941,888,13.02818500,456120.09886203,0,1
142,2021-06-29 08:25:00,34992.75000000,35028.11000000,34942.77000000,35028.11000000,61.12597700,2137486.08651140,942,32.91497200,1150968.30099110,0,0
143,2021-06-29 08:26:00,35028.10000000,35032.13000000,35006.43000000,35020.02000000,36.24719500,1269200.91658151,637,20.99845700,735251.74452192,0,0
144,2021-06-29 08:27:00,35020.01000000,35027.42000000,35004.57000000,35015.16000000,36.89557300,1291870.65695019,566,16.23240100,568384.78642779,0,1
145,2021-06-29 08:28:00,35013.51000000,35032.13000000,35013.14000000,35022.02000000,27.20369200,952706.25757277,527,12.28614200,430275.84652748,0,1
146,2021-06-29 08:29:00,35022.02000000,35048.06000000,35019.56000000,35029.92000000,41.27941500,1446277.17570704,766,14.81967200,519213.95457922,0,0
147,2021-06-29 08:30:00,35029.92000000,35029.92000000,34929.44000000,34987.00000000,83.22211800,2910438.71964897,1224,18.18387200,635754.57431097,0,1
148,2021-06-29 08:31:00,34986.99000000,35112.00000000,34980.03000000,35107.92000000,121.73487100,4270892.94637155,1765,75.82507600,2660420.90912639,0,1
149,2021-06-29 08:32:00,35107.93000000,35170.00000000,35073.49000000,35138.54000000,105.10886500,3692531.25167756,1787,57.28523700,2012194.57656764,0,0
150,2021-06-29 08:33:00,35138.55000000,35150.00000000,35086.18000000,35130.00000000,52.12397000,1830311.76636320,1048,23.27007300,817122.00752188,0,0
151,2021-06-29 08:34:00,35129.99000000,35149.75000000,35089.23000000,35090.91000000,42.99393000,1509783.37733202,902,16.84849900,591678.24009735,0,1
152,2021-06-29 08:35:00,35090.16000000,35149.61000000,35082.21000000,35136.52000000,50.76983000,1783122.83140226,808,27.34130900,960196.68506199,0,1
153,2021-06-29 08:36:00,35137.03000000,35244.33000000,35125.21000000,35221.16000000,121.90491600,4289436.17696841,2258,85.54527800,3010002.85754430,0,0
154,2021-06-29 08:37:00,35221.17000000,35240.29000000,35180.00000000,35191.69000000,73.54045800,2589122.60762809,1122,31.34153500,1103419.48795616,0,1
155,2021-06-29 08:38:00,35191.68000000,35207.57000000,35162.77000000,35194.94000000,63.08298100,2219768.28997366,882,25.97815100,914120.94375649,0,1
156,2021-06-29 08:39:00,35194.93000000,35216.97000000,35189.75000000,35198.91000000,77.82284400,2739474.00953227,954,42.13601900,1483271.44486352,0,0
157,2021-06-29 08:40:00,35198.91000000,35205.23000000,35170.78000000,35174.01000000,48.32056200,1700151.44855173,1069,20.35918000,716369.54461771,0,0
158,2021-06-29 08:41:00,35174.02000000,35174.02000000,35134.43000000,35168.97000000,45.04333900,1583515.86083486,1027,16.19286500,569286.91186427,0,1
159,2021-06-29 08:42:00,35168.98000000,35222.62000000,35168.98000000,35206.00000000,47.17059900,1660482.42578815,923,27.04050600,951872.34225326,0,0
160,2021-06-29 08:43:00,35206.01000000,35220.00000000,35065.11000000,35073.38000000,156.90504300,5514291.38567025,2015,39.72357400,1395751.21234911,0,1
161,2021-06-29 08:44:00,35073.38000000,35149.32000000,35069.08000000,35095.64000000,66.73240000,2343493.12376626,1139,35.43706900,1244467.36816848,0,0
162,2021-06-29 08:45:00,35099.68000000,35135.80000000,35024.84000000,35024.85000000,159.08438600,5584562.61093974,1621,135.19275200,4746155.15286379,0,0
163,2021-06-29 08:46:00,35025.86000000,35046.26000000,34955.01000000,35016.16000000,100.21729700,3508061.30108345,1812,42.62550400,1492108.76233542,0,1
164,2021-06-29 08:47:00,35018.00000000,35113.39000000,35017.99000000,35107.86000000,42.88997600,1503771.27972115,1262,27.44720300,962441.29221772,0,0
165,2021-06-29 08:48:00,35108.31000000,35116.14000000,35067.73000000,35090.87000000,40.75614800,1430293.36412653,835,14.19394800,498129.37107935,0,1
166,2021-06-29 08:49:00,35090.87000000,35121.67000000,35090.87000000,35121.66000000,27.16351600,953670.76497522,606,14.98459800,526078.90530493,0,0
167,2021-06-29 08:50:00,35121.66000000,35159.99000000,35091.01000000,35091.02000000,40.58120900,1425941.86344070,920,19.81015600,696108.96297792,0,0
168,2021-06-29 08:51:00,35091.01000000,35118.71000000,35059.45000000,35082.19000000,53.79158000,1887601.50942347,904,25.64295400,899908.20342418,0,1
169,2021-06-29 08:52:00,35083.80000000,35126.38000000,35072.03000000,35091.91000000,27.25101300,956461.08897738,738,13.44799600,472010.14130397,0,1
170,2021-06-29 08:53:00,35091.92000000,35129.92000000,35091.01000000,35099.06000000,29.33557300,1029904.26566623,745,15.07423800,529228.20566356,0,0
171,2021-06-29 08:54:00,35099.06000000,35108.96000000,35050.69000000,35067.88000000,67.03866100,2351746.73453445,979,25.26894300,886464.58252136,0,0
172,2021-06-29 08:55:00,35067.88000000,35067.89000000,34975.01000000,34995.22000000,80.38596100,2814666.23611088,1199,29.02677300,1016666.48185999,0,1
173,2021-06-29 08:56:00,34995.22000000,35078.85000000,34937.46000000,35070.92000000,121.39323600,4247187.17676242,1783,86.01624200,3010214.26229468,0,1
174,2021-06-29 08:57:00,35070.87000000,35080.00000000,35036.90000000,35074.04000000,51.97020000,1822142.78590189,928,27.68755000,970722.25799117,0,1
175,2021-06-29 08:58:00,35074.04000000,35116.34000000,35073.36000000,35081.25000000,59.25605100,2079567.65822334,772,39.26635800,1378027.61904826,0,0
176,2021-06-29 08:59:00,35084.12000000,35088.12000000,35046.35000000,35052.88000000,22.26390000,780561.40826670,613,8.19422700,287290.76897957,0,0
177,2021-06-29 09:00:00,35052.88000000,35124.88000000,34994.21000000,35001.46000000,54.06212100,1896094.17164850,1273,27.47493900,963556.77399520,0,1
178,2021-06-29 09:01:00,35005.10000000,35018.30000000,34939.57000000,35012.43000000,56.61915300,1980577.50379745,1261,22.94382100,802599.46943289,0,0
179,2021-06-29 09:02:00,35013.51000000,35040.00000000,34975.17000000,34992.17000000,66.22365100,2317664.19709927,856,26.81125700,938326.72266019,0,1
180,2021-06-29 09:03:00,34992.24000000,35025.00000000,34985.02000000,35002.62000000,23.22013500,812813.80451550,682,12.29986900,430545.32939710,0,0
181,2021-06-29 09:04:00,35000.00000000,35013.67000000,34966.81000000,34966.81000000,87.90386900,3076356.39030943,752,9.82815100,343900.20891116,0,1
182,2021-06-29 09:05:00,34966.80000000,35006.00000000,34966.80000000,35001.93000000,30.98191000,1084071.23558233,651,20.28617500,709842.16233740,0,0
183,2021-06-29 09:06:00,35001.93000000,35001.94000000,34946.00000000,34974.14000000,65.73178200,2298219.47269317,832,20.24751600,707906.27241866,0,0
184,2021-06-29 09:07:00,34968.00000000,34975.74000000,34910.01000000,34934.83000000,82.02621800,2865992.66859866,1026,32.05694300,1119918.27700947,0,0
185,2021-06-29 09:08:00,34934.83000000,34963.37000000,34901.09000000,34911.62000000,49.09994500,1715279.06609730,939,20.73011300,724241.58235453,0,0
186,2021-06-29 09:09:00,34911.62000000,34927.72000000,34870.01000000,34900.00000000,106.39967000,3712486.73512586,1486,65.52517800,2286211.67444268,0,1
187,2021-06-29 09:10:00,34899.99000000,34938.13000000,34884.90000000,34905.43000000,43.98385600,1535655.22144219,985,27.47476000,959230.69136342,0,0
188,2021-06-29 09:11:00,34905.42000000,34909.53000000,34881.33000000,34890.02000000,148.72508300,5190341.62813126,1110,127.92825900,4464614.67204763,0,1
189,2021-06-29 09:12:00,34890.01000000,34956.85000000,34886.06000000,34937.71000000,64.45997400,2250830.02681770,1230,41.34729700,1443486.51786482,0,0
190,2021-06-29 09:13:00,34937.71000000,34949.99000000,34893.79000000,34916.97000000,20.36229600,711127.19134327,780,10.29161000,359453.03830165,0,0
191,2021-06-29 09:14:00,34916.97000000,34921.65000000,34884.72000000,34912.97000000,58.98016400,2058288.95256477,816,49.58881100,1730517.58820679,0,1
192,2021-06-29 09:15:00,34912.97000000,34954.50000000,34912.97000000,34947.52000000,39.42076200,1377278.67356714,795,28.24057700,986628.95780498,0,0
193,2021-06-29 09:16:00,34947.52000000,34947.52000000,34885.10000000,34890.00000000,24.43048600,852551.30340765,769,10.15369300,354287.93928113,0,0
194,2021-06-29 09:17:00,34889.99000000,34890.00000000,34850.00000000,34882.83000000,43.51041500,1517227.96339239,1041,10.82186700,377353.81234341,0,1
195,2021-06-29 09:18:00,34885.95000000,34929.98000000,34880.00000000,34906.36000000,30.46484800,1063325.33796045,826,16.51044600,576290.31510533,0,0
196,2021-06-29 09:19:00,34906.35000000,34932.52000000,34886.76000000,34901.29000000,36.82954000,1285717.64808225,954,23.51871100,821038.45004563,0,1
197,2021-06-29 09:20:00,34896.58000000,34940.41000000,34896.39000000,34938.99000000,29.45446800,1028482.14146686,780,12.99418100,453726.48600467,0,1
198,2021-06-29 09:21:00,34939.00000000,34988.85000000,34927.43000000,34977.57000000,23.95919400,837405.96429513,867,13.71340100,479332.14065484,0,1
199,2021-06-29 09:22:00,34977.57000000,35053.50000000,34970.01000000,35004.09000000,47.73257200,1671346.31949025,1277,33.16610400,1161155.58564462,0,1
200,2021-06-29 09:23:00,35004.09000000,35053.50000000,35004.09000000,35046.25000000,38.35249900,1343803.70423055,810,25.39229300,889657.39398721,0,1
201,2021-06-29 09:24:00,35046.26000000,35079.09000000,35033.71000000,35058.90000000,57.84809100,2027692.69720793,942,21.78547100,763619.57117224,0,1
202,2021-06-29 09:25:00,35058.90000000,35097.99000000,35051.50000000,35062.00000000,63.67790600,2233352.36511510,935,48.16134300,1689124.23394669,0,1
203,2021-06-29 09:26:00,35062.00000000,35119.00000000,35037.65000000,35096.87000000,55.45761600,1945519.19630556,1168,35.51285100,1246046.14923402,0,1
204,2021-06-29 09:27:00,35096.87000000,35160.00000000,35096.87000000,35119.06000000,97.49503700,3425744.74121917,1274,44.76361000,1572624.34492783,0,1
205,2021-06-29 09:28:00,35119.05000000,35150.67000000,35119.05000000,35135.01000000,40.87212900,1436115.33182349,750,14.31123600,502852.62417601,0,1
206,2021-06-29 09:29:00,35135.01000000,35168.00000000,35130.50000000,35159.93000000,92.72568200,3258839.48250078,883,50.20944200,1764588.23643391,0,1
207,2021-06-29 09:30:00,35159.94000000,35337.71000000,35159.88000000,35324.43000000,311.30528100,10976547.13435903,4426,249.30562300,8791103.90869510,0,0
208,2021-06-29 09:31:00,35325.62000000,35356.30000000,35238.14000000,35280.00000000,458.37969700,16192362.13286288,3849,144.26729300,5094932.70970277,0,0
209,2021-06-29 09:32:00,35280.00000000,35336.91000000,35203.09000000,35230.41000000,143.36188100,5056172.82877709,1836,54.19744400,1911525.85865205,0,0
210,2021-06-29 09:33:00,35233.66000000,35277.19000000,35211.54000000,35215.45000000,49.81473600,1755835.56407395,875,18.03740200,635817.64569588,0,0
211,2021-06-29 09:34:00,35215.45000000,35221.69000000,35178.07000000,35186.40000000,65.45890000,2304047.40045810,1329,32.49124500,1143654.71208475,0,1
212,2021-06-29 09:35:00,35186.39000000,35203.39000000,35148.14000000,35190.01000000,48.48428100,1705386.87600861,1006,15.64387200,550274.32096514,0,0
213,2021-06-29 09:36:00,35190.01000000,35190.01000000,35111.44000000,35137.20000000,34.33813900,1206904.53701843,926,6.92693200,243401.02198917,0,1
214,2021-06-29 09:37:00,35137.20000000,35193.63000000,35137.20000000,35142.54000000,20.61618800,724951.49318683,673,16.20701700,569902.28399990,0,1
215,2021-06-29 09:38:00,35142.55000000,35186.79000000,35142.55000000,35169.98000000,26.91960100,946632.77702125,585,10.84043200,381226.31670615,0,1
216,2021-06-29 09:39:00,35169.98000000,35209.32000000,35167.94000000,35206.21000000,28.40453400,999713.14007366,634,21.08788200,742188.68380264,0,0
217,2021-06-29 09:40:00,35206.21000000,35243.00000000,35167.00000000,35198.23000000,61.86294600,2178185.59323459,841,34.61142500,1218784.82263478,0,1
218,2021-06-29 09:41:00,35198.22000000,35216.12000000,35181.43000000,35208.48000000,37.60231400,1323542.87930662,692,14.68726300,516968.64794838,0,0
219,2021-06-29 09:42:00,35208.48000000,35219.99000000,35187.56000000,35199.97000000,28.98463700,1020411.29990680,733,11.79053600,415060.05136148,0,1
220,2021-06-29 09:43:00,35199.98000000,35229.31000000,35190.00000000,35214.67000000,33.38434200,1175357.37513133,712,24.14943100,850233.43420780,0,1
221,2021-06-29 09:44:00,35214.68000000,35249.28000000,35213.31000000,35236.88000000,27.73530900,977201.74891008,576,18.73013000,659907.20854534,0,1
222,2021-06-29 09:45:00,35236.89000000,35341.51000000,35236.89000000,35313.91000000,136.42097600,4815730.67627090,2129,75.61692300,2669049.54041846,0,0
223,2021-06-29 09:46:00,35310.78000000,35310.78000000,35265.12000000,35268.08000000,25.08567200,885034.08844444,816,13.05761600,460673.47260991,0,0
224,2021-06-29 09:47:00,35273.66000000,35276.83000000,35200.00000000,35204.48000000,59.90186600,2111307.64477903,1157,33.21119600,1170799.95184986,0,1
225,2021-06-29 09:48:00,35204.48000000,35228.19000000,35169.16000000,35216.87000000,55.09702400,1939487.05926717,1225,18.93587700,666627.88047169,0,1
226,2021-06-29 09:49:00,35216.87000000,35272.46000000,35216.86000000,35252.70000000,40.39050800,1423666.20053800,901,25.62305300,903010.90438042,0,0
227,2021-06-29 09:50:00,35252.70000000,35285.99000000,35223.93000000,35236.32000000,60.25119500,2124263.79998193,1057,22.82686400,804725.88946007,0,1
228,2021-06-29 09:51:00,35234.51000000,35275.00000000,35233.34000000,35242.05000000,23.64983000,833924.86958632,779,11.05970100,389977.16737553,0,0
229,2021-06-29 09:52:00,35242.06000000,35242.06000000,35200.26000000,35204.66000000,49.87094600,1756764.46628218,1005,17.70298100,623599.87970893,0,0
230,2021-06-29 09:53:00,35204.67000000,35216.14000000,35174.83000000,35187.35000000,40.70101100,1432550.64055230,968,21.68994700,763429.26054231,0,1
231,2021-06-29 09:54:00,35187.36000000,35232.79000000,35187.35000000,35204.68000000,32.66694700,1150142.88174352,756,19.44931400,684760.12620539,0,1
232,2021-06-29 09:55:00,35206.56000000,35227.21000000,35186.30000000,35204.72000000,29.27612500,1030601.38741844,739,12.87143600,453116.63895574,0,1
233,2021-06-29 09:56:00,35204.73000000,35277.99000000,35200.00000000,35249.46000000,53.37379300,1880741.54364250,967,31.65258200,1115357.59974740,0,1
234,2021-06-29 09:57:00,35249.45000000,35279.01000000,35221.02000000,35277.97000000,28.04981600,988507.24413616,709,14.90826000,525457.26206328,0,0
235,2021-06-29 09:58:00,35277.98000000,35285.72000000,35241.83000000,35245.96000000,51.06335300,1800713.33716310,885,22.16982200,781823.34108329,0,0
236,2021-06-29 09:59:00,35245.96000000,35252.38000000,35208.94000000,35226.27000000,30.40248400,1071149.90879281,780,9.43272100,332313.28832447,0,0
237,2021-06-29 10:00:00,35226.26000000,35282.74000000,35150.61000000,35171.76000000,111.34987200,3924321.66432233,1699,32.93790600,1160339.35611745,0,0
238,2021-06-29 10:01:00,35172.75000000,35194.51000000,35148.42000000,35159.00000000,61.38479800,2158969.86900410,1077,31.98462100,1124834.56070093,0,0
239,2021-06-29 10:02:00,35156.06000000,35160.24000000,35086.34000000,35123.11000000,104.46896400,3669719.45707400,1511,46.59591700,1636891.46199781,0,1
240,2021-06-29 10:03:00,35120.53000000,35146.61000000,35086.20000000,35146.60000000,41.50726100,1457605.42497471,838,16.59536200,582795.31375922,0,1
241,2021-06-29 10:04:00,35146.60000000,35184.99000000,35111.32000000,35168.77000000,50.02716800,1757544.46309614,758,30.65826600,1076976.78598903,0,0
242,2021-06-29 10:05:00,35171.87000000,35202.73000000,35137.48000000,35153.18000000,32.35464800,1137950.08180804,695,17.20102300,605021.97305330,0,1
243,2021-06-29 10:06:00,35153.18000000,35159.43000000,35123.77000000,35159.41000000,51.49347400,1809643.10993819,696,9.56784900,336268.15826573,0,0
244,2021-06-29 10:07:00,35159.41000000,35170.00000000,35119.28000000,35133.95000000,38.73681500,1361225.93388215,677,8.63095400,303328.24638867,0,0
245,2021-06-29 10:08:00,35131.93000000,35151.17000000,35106.39000000,35128.95000000,50.53350600,1774962.78625034,659,13.12964500,461208.61301005,0,1
246,2021-06-29 10:09:00,35128.95000000,35159.42000000,35115.52000000,35151.35000000,32.91466900,1156282.22441702,685,16.03454900,563347.25406025,0,1
247,2021-06-29 10:10:00,35151.34000000,35219.40000000,35139.55000000,35200.20000000,24.89909200,876169.13717389,717,19.32265400,679940.45460682,0,0
248,2021-06-29 10:11:00,35200.21000000,35200.21000000,35174.88000000,35184.86000000,16.77075600,590127.49230295,490,6.85669400,241282.42370210,0,0
249,2021-06-29 10:12:00,35185.99000000,35187.15000000,35130.56000000,35149.92000000,30.55166700,1074220.62582461,603,14.97148000,526383.26556780,0,1
250,2021-06-29 10:13:00,35149.92000000,35176.38000000,35140.76000000,35151.31000000,72.47153800,2547486.38688450,628,59.46219100,2090171.20175911,0,0
251,2021-06-29 10:14:00,35151.31000000,35161.25000000,35140.76000000,35140.76000000,21.39045500,751846.31117894,530,15.17687800,533449.92509116,0,0
252,2021-06-29 10:15:00,35140.77000000,35156.04000000,35107.28000000,35114.20000000,22.08930500,775948.81908769,697,9.29327200,326435.61063225,0,0
253,2021-06-29 10:16:00,35114.21000000,35114.21000000,35056.58000000,35075.63000000,53.90090500,1890989.43268133,1098,21.13792500,741579.42893316,0,1
254,2021-06-29 10:17:00,35075.62000000,35113.34000000,35041.93000000,35109.45000000,82.87228900,2906369.18981838,1118,54.33056500,1905456.53184886,0,1
255,2021-06-29 10:18:00,35109.46000000,35142.59000000,35096.00000000,35128.34000000,47.01049700,1651098.45997027,736,28.78876000,1011169.31287234,0,1
256,2021-06-29 10:19:00,35128.34000000,35164.50000000,35122.67000000,35164.50000000,78.88481600,2772393.01286248,950,59.09151200,2076819.86286195,0,1
257,2021-06-29 10:20:00,35164.50000000,35220.00000000,35138.86000000,35220.00000000,46.00269900,1617991.18163885,1118,34.25049900,1204718.05498710,0,0
258,2021-06-29 10:21:00,35216.12000000,35244.42000000,35188.03000000,35193.87000000,106.00279100,3733304.79703863,1278,41.01926600,1444501.66154481,0,0
259,2021-06-29 10:22:00,35193.86000000,35206.78000000,35155.15000000,35181.71000000,31.99723700,1125698.11299285,699,16.85567300,593003.21498121,0,1
260,2021-06-29 10:23:00,35181.71000000,35232.94000000,35170.63000000,35217.23000000,23.39643600,823733.55960299,651,13.60793000,479135.58197204,0,0
261,2021-06-29 10:24:00,35217.22000000,35234.00000000,35199.49000000,35212.92000000,23.40317600,824026.86937422,590,9.55559000,336480.56253127,0,1
262,2021-06-29 10:25:00,35208.31000000,35239.04000000,35201.56000000,35235.49000000,19.42882000,684378.44738688,564,11.44732900,403217.82506602,0,1
263,2021-06-29 10:26:00,35235.49000000,35288.52000000,35219.65000000,35264.88000000,50.98504800,1797354.10028194,1087,31.55535100,1112316.71362883,0,1
264,2021-06-29 10:27:00,35260.02000000,35300.41000000,35257.02000000,35289.50000000,91.84276100,3241001.85003741,1273,42.16645200,1487929.91119210,0,0
265,2021-06-29 10:28:00,35291.11000000,35300.41000000,35240.64000000,35273.37000000,45.82859800,1616175.24465283,804,12.43129800,438371.48215419,0,0
266,2021-06-29 10:29:00,35273.37000000,35279.49000000,35245.24000000,35267.99000000,23.16892200,817038.02346944,555,9.66098500,340679.22150866,0,0
267,2021-06-29 10:30:00,35268.00000000,35285.00000000,35233.62000000,35242.09000000,28.78192100,1014860.22877174,653,15.40631700,543266.73651791,0,1
268,2021-06-29 10:31:00,35242.09000000,35329.00000000,35237.02000000,35320.44000000,61.22332400,2161177.61909364,1074,41.02803800,1448338.18716172,0,0
269,2021-06-29 10:32:00,35322.02000000,35325.35000000,35272.45000000,35312.25000000,75.46238500,2664153.79110946,853,26.99029000,952755.98531527,0,0
270,2021-06-29 10:33:00,35309.80000000,35311.19000000,35272.00000000,35282.29000000,23.72680700,837310.08338303,655,14.08243000,496972.93378977,0,1
271,2021-06-29 10:34:00,35282.30000000,35307.93000000,35275.05000000,35293.39000000,20.00369900,706000.94323627,567,13.80247100,487146.77356112,0,1
272,2021-06-29 10:35:00,35293.40000000,35677.00000000,35293.34000000,35606.92000000,1092.82940200,38819305.41492464,19839,762.07185700,27058069.56131744,0,1
273,2021-06-29 10:36:00,35607.60000000,35677.00000000,35543.43000000,35628.67000000,286.08176300,10188642.87288048,3758,156.49565600,5574181.37254268,0,0
274,2021-06-29 10:37:00,35628.66000000,35768.90000000,35588.00000000,35622.11000000,497.06141900,17732841.34229619,7536,238.65726700,8516990.33756089,0,0
275,2021-06-29 10:38:00,35622.13000000,35659.44000000,35580.23000000,35620.09000000,128.75904600,4586590.91052477,2173,49.29790700,1756159.96448742,0,1
276,2021-06-29 10:39:00,35621.09000000,35685.32000000,35620.09000000,35650.46000000,143.50529800,5115429.10633488,1619,70.56746600,2515674.84817643,0,0
277,2021-06-29 10:40:00,35650.43000000,35671.07000000,35575.00000000,35590.71000000,122.89472700,4377035.16457237,2138,52.45436100,1868203.00608791,0,0
278,2021-06-29 10:41:00,35590.71000000,35610.23000000,35558.84000000,35590.26000000,78.44875100,2791753.57963658,1326,42.24140600,1503303.08550980,0,0
279,2021-06-29 10:42:00,35590.26000000,35628.95000000,35580.01000000,35584.04000000,64.60122800,2299460.03306201,1111,28.00862300,997004.52374511,0,0
280,2021-06-29 10:43:00,35584.04000000,35600.40000000,35562.15000000,35577.54000000,78.51475100,2794068.65092715,1178,39.70192200,1412857.65771751,0,0
281,2021-06-29 10:44:00,35577.54000000,35590.88000000,35555.00000000,35555.24000000,60.75303600,2161002.96690922,1105,30.77987500,1095027.61031304,0,1
282,2021-06-29 10:45:00,35555.23000000,35627.57000000,35555.23000000,35602.72000000,93.48754500,3328341.12184485,1274,41.46291700,1476012.29809351,0,0
283,2021-06-29 10:46:00,35602.71000000,35602.71000000,35416.84000000,35443.73000000,302.54215400,10741482.35129105,3352,81.73443900,2901639.51048072,0,1
284,2021-06-29 10:47:00,35447.21000000,35509.69000000,35440.85000000,35500.86000000,166.54159200,5908123.88017276,1642,72.47562500,2571295.97031046,0,1
285,2021-06-29 10:48:00,35500.79000000,35514.66000000,35480.00000000,35507.84000000,36.32443900,1289314.01904378,826,21.89044800,776956.32894484,0,0
286,2021-06-29 10:49:00,35508.72000000,35535.44000000,35450.00000000,35492.42000000,95.30855000,3383038.19013213,1462,38.59825300,1370319.51852436,0,1
287,2021-06-29 10:50:00,35492.42000000,35514.71000000,35483.39000000,35508.42000000,40.22019600,1427864.37056025,765,24.01899000,852687.41934427,0,1
288,2021-06-29 10:51:00,35508.43000000,35539.72000000,35490.00000000,35539.69000000,65.55515900,2328634.29248976,1031,48.78736600,1733140.87960605,0,1
289,2021-06-29 10:52:00,35534.36000000,35585.92000000,35530.61000000,35576.79000000,81.56711600,2900777.68449357,1295,46.25365300,1644877.17861659,0,0
290,2021-06-29 10:53:00,35571.68000000,35592.38000000,35522.08000000,35550.34000000,91.70941600,3261149.60696036,1123,24.81862200,882760.18095258,0,0
291,2021-06-29 10:54:00,35558.02000000,35559.99000000,35522.20000000,35544.48000000,108.92572400,3871599.15417080,1329,69.29626000,2463033.10117315,0,1
292,2021-06-29 10:55:00,35544.47000000,35599.84000000,35543.58000000,35587.12000000,59.33045000,2110905.68297514,903,36.78127900,1308659.92473462,0,1
293,2021-06-29 10:56:00,35587.12000000,35599.84000000,35573.18000000,35599.83000000,51.20355000,1822149.90016127,839,23.61305700,840272.10902835,0,1
294,2021-06-29 10:57:00,35599.83000000,35656.55000000,35594.26000000,35644.11000000,123.63877800,4404977.19869428,1697,86.92880300,3097322.97005588,0,1
295,2021-06-29 10:58:00,35644.11000000,35656.54000000,35632.73000000,35650.00000000,69.36714400,2472618.59447528,1061,32.52830900,1159510.86842872,0,0
296,2021-06-29 10:59:00,35650.00000000,35656.53000000,35600.00000000,35632.62000000,75.82206300,2701496.62424233,1144,42.46394600,1512982.14226138,0,0
297,2021-06-29 11:00:00,35632.61000000,35632.62000000,35563.61000000,35576.87000000,133.54220800,4754324.53462781,1687,47.02226900,1674199.42204949,0,1
298,2021-06-29 11:01:00,35576.87000000,35650.00000000,35566.83000000,35638.27000000,102.26203200,3643297.02624634,1404,51.63066100,1839694.12763418,0,0
299,2021-06-29 11:02:00,35635.57000000,35650.00000000,35597.71000000,35622.64000000,108.75665700,3874642.70684856,1179,62.53855300,2228154.54435387,0,1
300,2021-06-29 11:03:00,35622.65000000,35650.00000000,35600.48000000,35642.89000000,68.43189400,2438224.05231003,897,35.41805200,1262034.95009833,0,1
301,2021-06-29 11:04:00,35641.80000000,35694.43000000,35626.68000000,35686.84000000,404.49066700,14421696.55974738,2689,339.75049800,12113069.33457496,0,0
302,2021-06-29 11:05:00,35686.84000000,35748.52000000,35672.91000000,35684.96000000,341.60512700,12199362.98358776,2723,124.96288000,4462109.92797025,0,0
303,2021-06-29 11:06:00,35684.99000000,35700.00000000,35631.07000000,35635.26000000,119.87251500,4276938.31879871,1817,58.73563800,2095597.32489311,0,1
304,2021-06-29 11:07:00,35638.19000000,35670.00000000,35600.63000000,35638.17000000,73.51398200,2619946.37322370,1437,30.69077800,1093809.74859339,0,0
305,2021-06-29 11:08:00,35640.55000000,35647.91000000,35590.01000000,35599.14000000,107.87156800,3840730.53483656,1219,15.63248000,556702.41215756,0,0
306,2021-06-29 11:09:00,35599.15000000,35614.23000000,35550.00000000,35559.98000000,209.04308500,7439823.50988626,1682,39.21341300,1395227.13801863,0,1
307,2021-06-29 11:10:00,35559.99000000,35584.30000000,35501.89000000,35573.62000000,126.31089900,4490092.11128972,1963,64.52881200,2294299.46819436,0,0
308,2021-06-29 11:11:00,35573.63000000,35588.98000000,35522.55000000,35565.10000000,67.09790000,2385946.32463388,1100,25.22078700,896792.10074217,0,1
309,2021-06-29 11:12:00,35565.10000000,35594.08000000,35548.10000000,35580.00000000,65.98137400,2346682.55515736,1057,33.30883000,1184649.54681297,0,0
310,2021-06-29 11:13:00,35580.00000000,35585.69000000,35555.04000000,35555.04000000,42.49178600,1511502.01096154,784,14.45122300,514074.18239697,0,1
311,2021-06-29 11:14:00,35555.05000000,35574.71000000,35551.03000000,35560.01000000,52.32070100,1860617.68971242,838,28.00335600,995839.01391148,0,0
312,2021-06-29 11:15:00,35560.01000000,35578.07000000,35530.00000000,35543.86000000,82.89905800,2947565.67898765,1076,40.36463700,1435274.97151347,0,0
313,2021-06-29 11:16:00,35543.86000000,35558.55000000,35500.74000000,35502.49000000,107.25264600,3808919.61254062,1186,55.72177900,1978791.74017326,0,1
314,2021-06-29 11:17:00,35502.49000000,35540.33000000,35500.00000000,35530.71000000,96.55207900,3428902.32941542,1074,45.09643800,1601592.35917905,0,0
315,2021-06-29 11:18:00,35530.71000000,35530.72000000,35503.89000000,35523.76000000,36.49984500,1296341.62653653,867,13.39701800,475789.00506804,0,0
316,2021-06-29 11:19:00,35523.76000000,35526.79000000,35500.01000000,35502.11000000,54.83430300,1947365.90200960,947,21.87255700,776779.64455980,0,1
317,2021-06-29 11:20:00,35502.10000000,35550.00000000,35500.00000000,35540.76000000,68.99338000,2450100.02908301,1007,34.20605100,1214824.20584146,0,0
318,2021-06-29 11:21:00,35540.76000000,35540.77000000,35505.00000000,35513.41000000,29.15863300,1035607.68135297,672,11.17960300,397064.19948477,0,0
319,2021-06-29 11:22:00,35513.41000000,35519.99000000,35503.00000000,35504.90000000,32.95722800,1170278.88573492,626,15.41871700,547514.15772648,0,0
320,2021-06-29 11:23:00,35504.99000000,35520.00000000,35501.01000000,35503.92000000,42.86621100,1522129.71099507,704,17.42464100,618734.82842971,0,1
321,2021-06-29 11:24:00,35503.92000000,35538.92000000,35483.67000000,35530.54000000,56.08546700,1991365.79986088,1075,30.59983300,1086451.41032835,0,1
322,2021-06-29 11:25:00,35530.55000000,35538.03000000,35504.03000000,35533.39000000,29.56539300,1050085.94070698,634,13.84392500,491739.04635135,0,1
323,2021-06-29 11:26:00,35533.39000000,35567.87000000,35523.10000000,35559.20000000,51.88361800,1844934.26794996,860,26.79431100,952717.28592778,0,1
324,2021-06-29 11:27:00,35559.20000000,35645.00000000,35559.19000000,35620.01000000,200.38360900,7135155.34638582,1558,52.73483800,1878064.86053659,0,0
325,2021-06-29 11:28:00,35620.01000000,35640.47000000,35586.83000000,35606.01000000,88.95173000,3167409.18008643,980,67.06295300,2387949.32252684,0,0
326,2021-06-29 11:29:00,35606.02000000,35622.07000000,35598.04000000,35605.42000000,63.69886800,2268022.25805101,800,37.32672400,1329025.46814041,0,1
327,2021-06-29 11:30:00,35608.75000000,35666.00000000,35608.72000000,35657.58000000,94.16318000,3356199.19715158,993,56.50603300,2013942.14760115,0,1
328,2021-06-29 11:31:00,35657.58000000,35678.56000000,35647.22000000,35660.00000000,121.63824600,4338244.03737718,1216,36.75749800,1310825.36262153,0,1
329,2021-06-29 11:32:00,35660.00000000,35693.86000000,35660.00000000,35670.00000000,102.09216600,3642591.25048688,1209,52.81002600,1884142.93233764,0,1
330,2021-06-29 11:33:00,35670.01000000,35709.36000000,35667.24000000,35709.35000000,112.40218700,4010563.92738601,1235,66.86952600,2385981.88954235,0,0
331,2021-06-29 11:34:00,35709.72000000,35717.06000000,35679.34000000,35689.45000000,119.04719200,4249469.32307044,1310,53.34525200,1904147.29132454,0,0
332,2021-06-29 11:35:00,35689.44000000,35689.45000000,35622.39000000,35623.49000000,84.27921800,3003816.92986067,1220,22.44632400,799908.28906602,0,0
333,2021-06-29 11:36:00,35623.49000000,35650.80000000,35573.98000000,35596.56000000,89.35100800,3183028.18011957,1168,26.56438500,946294.57328747,0,1
334,2021-06-29 11:37:00,35596.56000000,35638.00000000,35587.46000000,35618.18000000,39.83983500,1418855.42692205,856,20.50598600,730286.99660649,0,1
335,2021-06-29 11:38:00,35618.17000000,35633.48000000,35590.58000000,35629.68000000,29.77331100,1060309.44144827,689,13.75014500,489694.97880811,0,1
336,2021-06-29 11:39:00,35629.69000000,35686.71000000,35620.52000000,35647.90000000,52.94489400,1887582.37395871,915,36.12562800,1288144.49357201,0,0
337,2021-06-29 11:40:00,35648.61000000,35661.00000000,35610.00000000,35610.00000000,35.01607100,1247746.07889676,770,22.40530200,798356.64447682,0,1
338,2021-06-29 11:41:00,35610.01000000,35643.60000000,35610.00000000,35638.75000000,40.45863000,1441353.73956207,704,31.37304500,1117677.71672918,0,0
339,2021-06-29 11:42:00,35638.74000000,35652.73000000,35620.81000000,35623.05000000,21.98865500,783525.85616414,702,12.60523400,449161.70250229,0,1
340,2021-06-29 11:43:00,35623.05000000,35638.74000000,35621.53000000,35630.00000000,21.71472400,773692.04285460,634,12.34532100,439839.14155527,0,1
341,2021-06-29 11:44:00,35630.01000000,35669.00000000,35630.00000000,35653.59000000,36.74496800,1310080.11948130,901,24.08832300,858863.12462162,0,0
342,2021-06-29 11:45:00,35653.59000000,35660.93000000,35615.61000000,35632.99000000,37.77510300,1345970.68258303,939,16.98174200,605051.86740126,0,0
343,2021-06-29 11:46:00,35632.99000000,35633.00000000,35580.00000000,35580.00000000,63.68125100,2266988.99778262,1108,13.61407400,484507.89690762,0,0
344,2021-06-29 11:47:00,35580.00000000,35580.01000000,35551.00000000,35572.20000000,37.61434000,1337891.75902432,869,15.42583400,548631.88222334,0,1
345,2021-06-29 11:48:00,35572.21000000,35630.00000000,35572.20000000,35596.72000000,37.78670100,1345424.99055487,926,24.68609300,878964.66364964,0,0
346,2021-06-29 11:49:00,35596.72000000,35596.73000000,35555.00000000,35555.27000000,37.60900900,1337710.14529158,868,9.21803300,327843.77186746,0,1
347,2021-06-29 11:50:00,35555.27000000,35581.51000000,35550.00000000,35577.50000000,45.09151800,1603509.37844089,874,16.36911600,582170.01500412,0,1
348,2021-06-29 11:51:00,35581.49000000,35599.99000000,35570.02000000,35579.88000000,35.58465500,1266180.41538866,905,19.12931200,680626.28455925,0,1
349,2021-06-29 11:52:00,35579.87000000,35618.72000000,35565.94000000,35600.01000000,45.23726100,1610125.46171152,931,29.26889200,1041793.39367412,0,1
350,2021-06-29 11:53:00,35602.77000000,35616.93000000,35584.25000000,35611.45000000,84.06070400,2992906.10213244,885,56.84549100,2023929.51313627,0,0
351,2021-06-29 11:54:00,35611.45000000,35613.26000000,35570.00000000,35597.54000000,48.82387200,1737528.36893122,1119,24.41783400,868886.39587566,0,0
352,2021-06-29 11:55:00,35597.53000000,35649.85000000,35588.00000000,35591.09000000,52.54292200,1871266.82706761,1087,35.31536800,1257768.22577664,0,0
353,2021-06-29 11:56:00,35591.09000000,35599.93000000,35577.23000000,35585.96000000,49.93242100,1777062.40147972,919,32.97651500,1173602.02692104,0,0
354,2021-06-29 11:57:00,35585.96000000,35599.00000000,35582.21000000,35582.79000000,32.54767100,1158359.85202949,840,18.62778700,662953.27048550,0,1
355,2021-06-29 11:58:00,35582.80000000,35599.00000000,35582.21000000,35596.98000000,36.86765300,1312208.94840572,896,19.89303300,708028.58053130,0,0
356,2021-06-29 11:59:00,35597.00000000,35599.00000000,35551.22000000,35555.62000000,59.74742800,2125851.22469833,1091,29.20284700,1039086.67602030,0,1
357,2021-06-29 12:00:00,35555.64000000,35636.19000000,35510.29000000,35633.80000000,123.33525200,4386418.85102199,1992,76.95162700,2737363.59149392,0,0
358,2021-06-29 12:01:00,35632.36000000,35687.71000000,35596.82000000,35618.62000000,204.19983800,7275558.28572179,2601,106.97404100,3811560.12536066,0,0
359,2021-06-29 12:02:00,35618.62000000,35618.62000000,35370.67000000,35401.75000000,470.13540800,16674812.42065840,5557,152.63449100,5411639.59879307,0,1
360,2021-06-29 12:03:00,35401.75000000,35460.04000000,35354.64000000,35423.72000000,122.71295800,4344358.88492354,2362,66.92650400,2369573.97543110,0,1
361,2021-06-29 12:04:00,35423.72000000,35447.96000000,35378.68000000,35436.16000000,114.91021700,4069922.74713191,1788,57.40225700,2033103.95125049,0,1
362,2021-06-29 12:05:00,35422.13000000,35482.77000000,35343.12000000,35472.57000000,206.95648100,7328442.75413237,2912,143.98684700,5099101.17259426,0,1
363,2021-06-29 12:06:00,35472.57000000,35500.00000000,35450.00000000,35490.01000000,50.63442300,1796649.71460544,1237,24.08800600,854699.83280388,0,1
364,2021-06-29 12:07:00,35490.01000000,35798.00000000,35467.50000000,35722.65000000,1016.92507400,36291611.95504026,8280,287.41056100,10249480.48336642,0,1
365,2021-06-29 12:08:00,35722.66000000,35855.00000000,35722.66000000,35817.40000000,632.41376700,22636786.16797370,6987,236.64603300,8469792.00282269,0,0
366,2021-06-29 12:09:00,35817.40000000,35824.37000000,35725.00000000,35779.57000000,323.77421000,11587571.61290097,3913,91.44969300,3272010.18694391,0,0
367,2021-06-29 12:10:00,35779.57000000,35779.58000000,35700.30000000,35711.04000000,123.02882600,4396529.12963095,2061,70.60318700,2522997.88040523,0,0
368,2021-06-29 12:11:00,35711.04000000,35766.33000000,35700.00000000,35707.02000000,90.56044200,3235257.03167739,1529,44.99132800,1607567.10139364,0,0
369,2021-06-29 12:12:00,35707.01000000,35707.02000000,35613.25000000,35650.01000000,83.57191300,2979688.63052663,1823,36.52704500,1302103.42684607,0,0
370,2021-06-29 12:13:00,35650.00000000,35656.95000000,35599.31000000,35612.49000000,57.71030500,2055852.60457586,1094,21.17301200,754351.95799729,0,0
371,2021-06-29 12:14:00,35612.50000000,35644.66000000,35574.63000000,35574.63000000,59.84233800,2131248.09807281,1156,21.17746900,754186.98161345,0,0
372,2021-06-29 12:15:00,35574.63000000,35656.96000000,35470.00000000,35501.48000000,224.56060500,7981119.14015125,3088,105.33426600,3745313.02837797,0,1
373,2021-06-29 12:16:00,35498.97000000,35555.99000000,35498.97000000,35531.31000000,96.89857600,3442649.31626905,1255,43.00902100,1527812.78562319,0,1
374,2021-06-29 12:17:00,35531.30000000,35644.77000000,35529.03000000,35616.17000000,131.43220600,4680397.04134982,1924,65.81563300,2343268.78914955,0,0
375,2021-06-29 12:18:00,35616.17000000,35616.17000000,35578.62000000,35610.51000000,64.49697400,2296165.38386016,1053,22.43625200,798726.08801943,0,1
376,2021-06-29 12:19:00,35610.50000000,35697.73000000,35574.19000000,35666.56000000,82.27036900,2930463.28787083,1620,58.18415500,2072775.66846735,0,1
377,2021-06-29 12:20:00,35665.04000000,35768.06000000,35635.94000000,35717.08000000,149.21700600,5326522.54501908,2188,103.41523700,3691435.78039601,0,0
378,2021-06-29 12:21:00,35717.08000000,35717.08000000,35674.97000000,35690.58000000,44.18865500,1577464.52102860,1168,16.78716200,599307.50742766,0,1
379,2021-06-29 12:22:00,35690.57000000,35804.89000000,35689.63000000,35695.83000000,295.76577200,10575233.44394607,2298,130.22407700,4653031.47915522,0,0
380,2021-06-29 12:23:00,35695.87000000,35721.99000000,35694.55000000,35694.56000000,62.55220800,2233273.23270336,991,46.95159000,1676308.29736203,0,1
381,2021-06-29 12:24:00,35694.55000000,35710.00000000,35694.55000000,35699.11000000,43.44816200,1551058.09323534,944,23.06958100,823570.54610050,0,1
382,2021-06-29 12:25:00,35699.12000000,35807.00000000,35682.02000000,35723.97000000,136.87074100,4893119.79916678,2014,71.36508600,2551354.67324473,0,1
383,2021-06-29 12:26:00,35723.96000000,35819.58000000,35690.33000000,35801.84000000,116.36149000,4159071.83516917,1799,77.29227600,2762971.33285462,0,0
384,2021-06-29 12:27:00,35800.01000000,35819.58000000,35755.98000000,35765.15000000,83.79423500,2998102.81211685,1333,48.75842200,1744522.88493864,0,1
385,2021-06-29 12:28:00,35765.15000000,35790.04000000,35750.90000000,35766.57000000,72.82560100,2605109.28483234,1019,22.45177100,803151.84027472,0,1
386,2021-06-29 12:29:00,35766.56000000,35814.67000000,35754.07000000,35789.00000000,92.25873500,3302730.80318159,1216,40.99454000,1467346.30799852,0,1
387,2021-06-29 12:30:00,35789.00000000,35850.00000000,35769.61000000,35809.94000000,140.78830300,5041873.06792984,2140,77.41713000,2772724.06206457,0,1
388,2021-06-29 12:31:00,35809.94000000,35843.12000000,35776.51000000,35828.09000000,92.67433200,3318258.93383304,1539,39.16868200,1402630.35679728,0,0
389,2021-06-29 12:32:00,35828.08000000,35939.00000000,35802.50000000,35828.08000000,305.63210100,10963591.98886219,6880,163.78935300,5876438.75503594,0,1
390,2021-06-29 12:33:00,35828.09000000,35900.00000000,35828.08000000,35859.70000000,103.88014200,3725068.21579867,1970,63.28343100,2269533.29461390,0,1
391,2021-06-29 12:34:00,35858.01000000,35940.00000000,35856.08000000,35902.81000000,403.13846300,14475118.51016155,2894,96.50890500,3464866.00762637,0,0
392,2021-06-29 12:35:00,35902.82000000,35924.53000000,35860.14000000,35863.68000000,262.59927300,9426021.62562182,2214,61.55972900,2209309.07549714,0,1
393,2021-06-29 12:36:00,35863.68000000,35888.00000000,35846.54000000,35872.99000000,58.33372500,2092275.46905405,1344,32.79794600,1176383.73055456,0,0
394,2021-06-29 12:37:00,35872.98000000,35920.51000000,35858.71000000,35872.69000000,73.10939200,2623917.40427735,1429,40.89120800,1467594.54935023,0,0
395,2021-06-29 12:38:00,35872.68000000,35899.00000000,35860.00000000,35863.68000000,54.51365000,1955822.83414892,1137,26.02842300,933888.65288551,0,0
396,2021-06-29 12:39:00,35863.67000000,35871.11000000,35834.88000000,35854.82000000,102.95739300,3691721.79860253,1615,47.96895200,1719905.70945417,0,1
397,2021-06-29 12:40:00,35854.82000000,35899.00000000,35851.19000000,35881.01000000,42.05668100,1508817.27043659,1033,18.70433200,671058.05349525,0,0
398,2021-06-29 12:41:00,35881.01000000,35947.59000000,35872.80000000,35880.30000000,91.51061600,3286072.95506697,1726,56.95933400,2045206.58536517,0,0
399,2021-06-29 12:42:00,35880.30000000,35896.79000000,35863.79000000,35867.72000000,58.17873100,2087040.25701396,1029,34.83999700,1249770.06676686,0,0
400,2021-06-29 12:43:00,35867.72000000,35889.26000000,35845.01000000,35859.71000000,89.91015800,3223872.46957172,1171,32.56904400,1167937.59809290,0,1
401,2021-06-29 12:44:00,35859.71000000,35976.24000000,35825.51000000,35912.81000000,393.67055500,14124872.14317184,3532,288.34505500,10343019.82354615,0,0
402,2021-06-29 12:45:00,35912.81000000,35999.87000000,35903.33000000,35909.00000000,214.22737000,7704358.43784121,3191,118.47607500,4261161.96206926,0,1
403,2021-06-29 12:46:00,35908.99000000,35960.00000000,35905.43000000,35930.89000000,79.27638900,2848721.03495383,1522,41.31422700,1484556.62990103,0,0
404,2021-06-29 12:47:00,35930.89000000,35961.14000000,35920.00000000,35925.06000000,84.14343100,3023965.23256392,1250,48.13114600,1729677.00808423,0,0
405,2021-06-29 12:48:00,35925.07000000,35927.76000000,35884.00000000,35886.99000000,108.32434500,3889440.30544408,1585,36.17360200,1298944.15897394,0,0
406,2021-06-29 12:49:00,35886.99000000,35902.03000000,35872.33000000,35880.07000000,107.32770900,3851472.92497091,1596,81.41712700,2921621.73432200,0,0
407,2021-06-29 12:50:00,35880.06000000,35882.00000000,35825.50000000,35825.51000000,74.49692000,2670279.67841101,1634,29.22618500,1047633.11007621,0,1
408,2021-06-29 12:51:00,35825.51000000,35887.10000000,35825.46000000,35851.26000000,61.85181900,2217734.32745610,1223,36.04082400,1292311.71968133,0,0
409,2021-06-29 12:52:00,35851.26000000,35902.01000000,35830.35000000,35838.87000000,109.34479100,3921398.02138994,1249,50.16604200,1799580.09468299,0,1
410,2021-06-29 12:53:00,35838.86000000,35930.00000000,35834.45000000,35858.00000000,103.82640100,3723181.09172540,1240,66.58353400,2388053.81762373,0,0
411,2021-06-29 12:54:00,35857.99000000,35864.95000000,35842.06000000,35848.20000000,32.87480600,1178677.83516674,910,19.16715700,687188.81387448,0,1
412,2021-06-29 12:55:00,35848.20000000,35886.88000000,35848.20000000,35856.10000000,26.58179300,953380.35921993,814,14.16458100,508025.64607459,0,0
413,2021-06-29 12:56:00,35856.10000000,35856.11000000,35810.75000000,35843.88000000,135.67184000,4862299.99845255,1135,56.15091000,2012609.58825030,0,0
414,2021-06-29 12:57:00,35843.88000000,35844.99000000,35810.43000000,35816.36000000,80.62153800,2888251.83064990,1164,36.48077500,1306930.01673816,0,0
415,2021-06-29 12:58:00,35817.51000000,35821.25000000,35800.00000000,35811.49000000,63.61640200,2277787.70768543,1205,24.97613100,894313.59905738,0,1
416,2021-06-29 12:59:00,35811.49000000,35832.61000000,35788.25000000,35822.33000000,118.73706100,4251583.36213642,1251,37.14875600,1330235.85352840,0,0
417,2021-06-29 13:00:00,35822.33000000,35839.98000000,35755.93000000,35772.57000000,107.68679100,3854172.18255864,1481,42.73709200,1529616.03043508,0,0
418,2021-06-29 13:01:00,35772.05000000,35779.85000000,35724.72000000,35756.53000000,94.98221800,3395695.39018320,1833,39.45479100,1410573.96438614,0,1
419,2021-06-29 13:02:00,35762.11000000,35839.00000000,35750.27000000,35839.00000000,103.42235800,3703319.12269238,1508,63.02232600,2256791.47226346,0,1
420,2021-06-29 13:03:00,35838.99000000,35914.93000000,35833.00000000,35890.74000000,141.00606200,5059295.80123398,1738,92.47532800,3317855.76370831,0,0
421,2021-06-29 13:04:00,35890.00000000,35905.81000000,35863.71000000,35888.09000000,82.37684400,2956147.65063401,1099,23.66289900,849077.30256498,0,1
422,2021-06-29 13:05:00,35888.09000000,35950.00000000,35877.47000000,35900.43000000,107.68965400,3867316.65312276,1584,75.13280400,2698274.49815679,0,1
423,2021-06-29 13:06:00,35900.43000000,35919.50000000,35880.47000000,35908.30000000,60.33936500,2166414.83577697,1064,26.28277800,943675.19769447,0,1
424,2021-06-29 13:07:00,35906.02000000,35939.51000000,35900.00000000,35926.03000000,70.73551800,2540612.86477369,1169,22.87344900,821655.71085702,0,1
425,2021-06-29 13:08:00,35926.02000000,35950.00000000,35890.00000000,35935.77000000,68.47202000,2459731.70342483,1158,40.01618000,1437648.91362676,0,0
426,2021-06-29 13:09:00,35935.77000000,35939.99000000,35900.00000000,35921.05000000,37.37300200,1342395.04708113,945,14.60999400,524784.29380888,0,1
427,2021-06-29 13:10:00,35921.04000000,35975.00000000,35915.46000000,35966.76000000,109.65866100,3942250.79195229,1717,62.98490400,2264345.61984267,0,1
428,2021-06-29 13:11:00,35971.19000000,36036.00000000,35954.60000000,36004.01000000,339.33342600,12215565.36236360,5864,263.77706800,9495495.59976938,0,1
429,2021-06-29 13:12:00,36011.29000000,36099.10000000,35978.60000000,36034.48000000,278.02515400,10022554.98447296,5428,146.97921500,5297634.83100706,0,1
430,2021-06-29 13:13:00,36034.48000000,36056.48000000,35980.00000000,36039.98000000,133.40017200,4803572.18478437,2873,75.78615200,2729108.35382289,0,1
431,2021-06-29 13:14:00,36039.98000000,36058.56000000,36022.22000000,36043.10000000,97.49805100,3514176.61936967,1633,46.79530300,1686666.34623760,0,1
432,2021-06-29 13:15:00,36043.11000000,36095.00000000,36000.29000000,36090.43000000,87.52539300,3153609.67833939,1493,35.05534300,1263232.29204329,0,1
433,2021-06-29 13:16:00,36090.43000000,36179.00000000,36070.25000000,36110.62000000,294.63429300,10644082.38934989,5354,188.41355200,6806811.12239256,0,1
434,2021-06-29 13:17:00,36110.63000000,36143.99000000,36075.02000000,36125.00000000,94.65369000,3417883.63162607,1751,43.63464600,1575693.90043007,0,0
435,2021-06-29 13:18:00,36124.99000000,36149.97000000,36090.01000000,36090.01000000,128.96162700,4658387.12667551,1583,45.86060100,1656923.66858883,0,1
436,2021-06-29 13:19:00,36090.01000000,36130.00000000,36090.00000000,36123.59000000,62.59846600,2260956.29307593,1111,31.94162300,1153668.95224430,0,0
437,2021-06-29 13:20:00,36123.58000000,36129.94000000,36022.32000000,36039.70000000,116.80753700,4215012.03616662,3207,36.70662500,1324500.71912378,0,1
438,2021-06-29 13:21:00,36039.70000000,36107.66000000,36036.08000000,36069.08000000,100.11616700,3610850.12114236,1992,54.30364100,1958724.62025572,0,1
439,2021-06-29 13:22:00,36069.08000000,36100.00000000,36031.92000000,36100.00000000,101.48643700,3660400.31415930,1639,57.53858000,2075597.35657847,0,1
440,2021-06-29 13:23:00,36100.00000000,36204.00000000,36067.80000000,36192.09000000,394.97720500,14270994.39833862,3597,216.86462600,7837536.88139945,0,0
441,2021-06-29 13:24:00,36192.09000000,36204.00000000,36115.66000000,36157.35000000,212.70631400,7691992.53268377,2653,110.07935100,3980595.50930511,0,1
442,2021-06-29 13:25:00,36160.79000000,36202.89000000,36125.96000000,36185.31000000,226.56996000,8194267.02544378,2433,120.54120100,4359584.91098666,0,1
443,2021-06-29 13:26:00,36185.31000000,36300.16000000,36179.02000000,36234.36000000,445.60296400,16149483.69484119,5576,268.32674000,9724495.28018518,0,0
444,2021-06-29 13:27:00,36234.36000000,36270.00000000,36217.00000000,36230.02000000,127.50608700,4620661.17984835,1874,44.99463300,1630470.47406161,0,1
445,2021-06-29 13:28:00,36230.01000000,36310.00000000,36226.66000000,36295.64000000,130.59793300,4735310.04774663,2225,81.10056700,2940638.19249467,0,1
446,2021-06-29 13:29:00,36301.24000000,36354.71000000,36283.02000000,36350.59000000,354.25652400,12867592.93302021,3915,253.35131400,9202560.47605680,0,0
447,2021-06-29 13:30:00,36350.60000000,36381.08000000,36252.45000000,36290.00000000,257.79519900,9360562.82176052,4682,101.83718800,3698883.00711989,0,0
448,2021-06-29 13:31:00,36284.72000000,36298.91000000,36223.22000000,36224.44000000,173.94536400,6307343.60657155,2456,57.16067200,2072249.01726747,0,1
449,2021-06-29 13:32:00,36224.43000000,36269.99000000,36224.43000000,36230.04000000,81.22907100,2944220.67039705,1683,38.41443300,1392398.97232984,0,0
450,2021-06-29 13:33:00,36239.44000000,36269.99000000,36219.00000000,36229.98000000,74.03388800,2682874.40976368,1275,33.08648300,1198888.03652592,0,1
451,2021-06-29 13:34:00,36229.98000000,36250.00000000,36225.00000000,36238.04000000,51.65871800,1871931.58981907,1069,25.40204200,920469.15873425,0,1
452,2021-06-29 13:35:00,36238.02000000,36264.00000000,36233.41000000,36261.04000000,45.28372000,1641387.73468875,1050,27.35643600,991602.42477507,0,1
453,2021-06-29 13:36:00,36261.03000000,36349.98000000,36259.91000000,36317.82000000,145.11302300,5268568.18326371,1855,107.30245700,3895665.77538711,0,1
454,2021-06-29 13:37:00,36317.81000000,36372.25000000,36316.28000000,36370.35000000,81.29963100,2954788.33160383,1612,37.53649500,1364268.82214823,0,1
455,2021-06-29 13:38:00,36370.35000000,36400.00000000,36339.03000000,36394.33000000,318.24820300,11579354.43511247,2635,230.87440200,8401604.33948868,0,1
456,2021-06-29 13:39:00,36394.32000000,36400.00000000,36379.27000000,36399.99000000,328.61287600,11960753.04106084,2454,236.89830500,8622719.73745227,0,0
457,2021-06-29 13:40:00,36400.00000000,36400.00000000,36340.02000000,36366.93000000,188.53536400,6858579.88380890,2255,125.43564000,4564103.95127268,0,0
458,2021-06-29 13:41:00,36366.93000000,36370.00000000,36311.00000000,36341.21000000,144.78311000,5261518.74739134,1679,51.26253600,1862798.68030303,0,0
459,2021-06-29 13:42:00,36341.21000000,36356.41000000,36319.83000000,36320.01000000,66.79350900,2426791.24416706,1329,27.19059300,987875.55014791,0,1
460,2021-06-29 13:43:00,36320.02000000,36383.57000000,36319.99000000,36361.58000000,93.67541300,3404631.95643635,1364,47.33392600,1720396.28649979,0,0
461,2021-06-29 13:44:00,36361.57000000,36389.24000000,36330.02000000,36344.89000000,62.58653400,2276100.59298099,1316,33.22954900,1208504.09885825,0,0
462,2021-06-29 13:45:00,36344.89000000,36350.00000000,36262.98000000,36320.08000000,160.08567600,5811945.11207148,2613,87.11365500,3162649.64472905,0,0
463,2021-06-29 13:46:00,36317.26000000,36317.26000000,36266.71000000,36280.01000000,68.22720600,2475637.76348027,1492,28.00201400,1016160.70088314,0,1
464,2021-06-29 13:47:00,36280.01000000,36300.00000000,36275.82000000,36285.20000000,64.51800600,2341090.02905010,1271,30.16519400,1094628.34016501,0,0
465,2021-06-29 13:48:00,36285.62000000,36300.00000000,36250.11000000,36261.94000000,131.95413600,4786928.72862219,1711,79.41275900,2881096.92685031,0,1
466,2021-06-29 13:49:00,36261.94000000,36297.42000000,36230.00000000,36277.68000000,91.28868300,3309490.66696975,2027,48.40417600,1754886.19069437,0,0
467,2021-06-29 13:50:00,36277.69000000,36277.69000000,36236.39000000,36245.03000000,56.66050300,2054082.69146760,1396,17.05298600,618240.62157222,0,1
468,2021-06-29 13:51:00,36245.01000000,36283.69000000,36235.47000000,36257.99000000,121.36100900,4400402.92705128,1742,55.49577800,2012081.64398127,0,1
469,2021-06-29 13:52:00,36258.00000000,36290.00000000,36250.00000000,36288.88000000,72.13585000,2616342.18708351,1313,29.33467000,1064039.70515906,0,0
470,2021-06-29 13:53:00,36288.87000000,36293.02000000,36258.65000000,36283.64000000,60.68418700,2201152.12659667,1207,22.51202700,816609.06567754,0,1
471,2021-06-29 13:54:00,36282.78000000,36387.49000000,36279.93000000,36354.75000000,103.97366300,3778369.04875336,1966,64.48507500,2343001.00750749,0,1
472,2021-06-29 13:55:00,36356.56000000,36400.00000000,36350.53000000,36380.00000000,82.40112900,2998379.73173021,1674,44.61521400,1623533.86257243,0,0
473,2021-06-29 13:56:00,36380.01000000,36400.00000000,36340.00000000,36347.32000000,85.07548800,3095022.27763086,1730,39.49448600,1436853.59319323,0,0
474,2021-06-29 13:57:00,36342.54000000,36361.59000000,36294.27000000,36306.96000000,95.41682100,3465800.88493830,1508,41.68750100,1514252.76049068,0,1
475,2021-06-29 13:58:00,36306.95000000,36335.04000000,36300.00000000,36317.45000000,60.90675000,2211656.11978766,1021,18.06339100,655951.05581140,0,0
476,2021-06-29 13:59:00,36315.61000000,36315.62000000,36300.00000000,36301.84000000,42.88282300,1557016.37460135,961,18.91815700,686882.15979420,0,0
477,2021-06-29 14:00:00,36301.84000000,36307.99000000,36254.94000000,36254.95000000,114.04862800,4137269.62025498,2049,32.19244500,1167972.41690246,0,0
478,2021-06-29 14:01:00,36254.95000000,36263.04000000,36196.96000000,36217.15000000,126.40843900,4579877.11964807,3157,42.46504900,1538698.36332701,0,1
479,2021-06-29 14:02:00,36217.15000000,36252.00000000,36212.96000000,36228.11000000,74.23694000,2689704.27478205,1805,38.58803200,1398125.55258102,0,1
480,2021-06-29 14:03:00,36228.12000000,36280.63000000,36225.54000000,36274.93000000,60.76168900,2203040.63186508,2288,31.90735300,1156926.62682629,0,1
481,2021-06-29 14:04:00,36274.93000000,36312.68000000,36258.79000000,36312.66000000,37.00174500,1342419.74225993,1637,23.76999200,862460.25341187,0,1
482,2021-06-29 14:05:00,36312.66000000,36349.50000000,36294.33000000,36326.19000000,54.80821300,1990638.54152779,2338,29.67831100,1077930.08935568,0,0
483,2021-06-29 14:06:00,36329.93000000,36350.12000000,36287.30000000,36292.81000000,54.23544000,1969828.37067816,1741,25.79811700,937073.09003643,0,0
484,2021-06-29 14:07:00,36292.82000000,36299.98000000,36255.62000000,36270.44000000,44.09431800,1599649.57501254,2042,19.69983600,714661.84851487,0,1
485,2021-06-29 14:08:00,36270.44000000,36324.21000000,36263.78000000,36270.49000000,38.16015600,1385084.15015674,1989,18.61670500,675758.54002620,0,1
486,2021-06-29 14:09:00,36270.48000000,36310.00000000,36270.48000000,36309.01000000,30.16124800,1094501.74651758,1812,14.42534600,523513.64778111,0,0
487,2021-06-29 14:10:00,36309.90000000,36310.00000000,36234.61000000,36249.69000000,65.54600700,2377412.62502075,1508,26.66640800,967203.27059544,0,0
488,2021-06-29 14:11:00,36249.70000000,36269.80000000,36233.52000000,36236.43000000,49.15978400,1782095.20835078,2406,32.65340200,1183720.27617104,0,0
489,2021-06-29 14:12:00,36236.43000000,36261.42000000,36215.23000000,36216.04000000,45.35161200,1643500.50415823,1404,25.42030500,921283.91627987,0,1
490,2021-06-29 14:13:00,36217.88000000,36249.99000000,36215.01000000,36232.46000000,50.99461300,1847606.40973192,1834,22.21847500,804976.59636708,0,0
491,2021-06-29 14:14:00,36232.46000000,36253.44000000,36221.00000000,36227.34000000,55.36240500,2006390.29308251,1971,22.58052400,818335.88100971,0,0
492,2021-06-29 14:15:00,36227.33000000,36240.63000000,36161.07000000,36165.94000000,100.52748500,3639261.15587511,3022,48.95694100,1772433.76885811,0,0
493,2021-06-29 14:16:00,36165.94000000,36174.22000000,36112.74000000,36122.12000000,153.05944100,5531463.64984366,3020,57.62995200,2082727.29430888,0,0
494,2021-06-29 14:17:00,36122.11000000,36144.18000000,36082.44000000,36098.05000000,114.22943600,4124911.86204554,3600,43.52936700,1572053.98936168,0,1
495,2021-06-29 14:18:00,36098.05000000,36140.89000000,36090.43000000,36139.43000000,83.79492200,3026745.04331355,2116,39.76974200,1436558.42624110,0,1
496,2021-06-29 14:19:00,36139.42000000,36165.38000000,36127.88000000,36140.06000000,69.31192700,2505521.74905309,3400,27.44623300,992218.68765131,0,0
497,2021-06-29 14:20:00,36141.99000000,36150.18000000,36115.37000000,36128.61000000,54.38720800,1965139.71321208,1887,21.12542500,763297.89683990,0,0
498,2021-06-29 14:21:00,36128.61000000,36157.32000000,36125.53000000,36125.95000000,70.35111600,2542569.56703754,1947,43.21742800,1561917.19620537,0,1
499,2021-06-29 14:22:00,36125.94000000,36140.00000000,36125.53000000,36138.99000000,7.98789100,288600.33666506,463,5.40144900,195154.38854336,0,0
