,tenkensen,kijunsen,spanA,spanB,chiku,kijunAndSpanBCross,tenkensenAndkijunsen,priceAndABSpan,tenkensenAndPriceWithKijunsen,sAAndB
0,0,0,0,0,-1.0,0,0,0,0,0
1,0,0,0,0,-1.0,0,0,0,0,0
2,0,0,0,0,-1.0,0,0,0,0,0
3,0,0,0,0,-1.0,0,0,0,0,0
4,0,0,0,0,-1.0,0,0,0,0,0
5,0,0,0,0,-1.0,0,0,0,0,0
6,0,0,0,0,-1.0,0,0,0,0,0
7,0,0,0,0,-1.0,0,0,0,0,0
8,0,0,0,0,-1.0,0,0,0,0,0
9,0,0,0,0,-1.0,0,0,0,0,0
10,0,0,0,0,-1.0,0,0,0,0,0
11,0,0,0,0,-1.0,0,0,0,0,0
12,0,0,0,0,-1.0,0,0,0,0,0
13,0,0,0,0,-1.0,0,0,0,0,0
14,0,0,0,0,-1.0,0,0,0,0,0
15,1,0,0,0,-1.0,0,0,0,0,0
16,1,0,0,0,-1.0,0,0,0,0,0
17,1,0,0,0,-1.0,0,0,0,0,0
18,1,0,0,0,-1.0,0,0,0,0,0
19,1,0,0,0,-1.0,0,0,0,0,0
20,1,0,0,0,-1.0,0,0,0,0,0
21,1,0,0,0,-1.0,0,0,0,0,0
22,1,0,0,0,-1.0,0,0,0,0,0
23,1,0,0,0,-1.0,0,0,0,0,0
24,0,0,0,0,-1.0,0,0,0,0,0
25,0,0,0,0,-1.0,0,1,0,0,0
26,0,0,0,0,4.0,0,1,0,0,0
27,0,0,0,0,4.0,0,1,0,0,0
28,0,0,0,0,4.0,0,1,0,0,0
29,0,0,0,0,4.0,0,1,0,0,0
30,0,0,0,0,0.0,0,1,0,0,0
31,0,0,0,0,0.0,0,0,0,0,0
32,0,0,0,0,4.0,0,0,0,0,0
33,0,0,0,0,4.0,0,0,0,0,0
34,0,0,0,0,4.0,0,0,0,0,0
35,0,0,0,0,4.0,0,0,0,0,0
36,1,0,0,0,4.0,0,0,0,0,0
37,1,0,0,0,4.0,0,0,0,0,0
38,1,0,0,0,4.0,0,0,0,0,0
39,1,0,0,0,4.0,0,0,0,0,0
40,1,0,0,0,4.0,0,0,0,0,0
41,1,0,0,0,4.0,0,0,0,0,0
42,0,0,0,0,4.0,0,0,0,0,0
43,0,0,0,0,4.0,0,0,0,0,0
44,1,0,0,0,4.0,0,0,0,0,0
45,1,0,0,0,4.0,0,0,0,0,0
46,0,0,0,0,4.0,0,0,0,0,0
47,0,0,0,0,0.0,0,0,0,0,0
48,0,0,0,0,0.0,0,0,0,0,0
49,0,0,0,0,0.0,0,0,0,0,0
50,0,0,0,0,0.0,0,0,0,0,0
51,0,0,0,0,0.0,0,0,0,0,0
52,0,0,0,0,0.0,0,0,0,0,0
53,0,0,0,0,0.0,0,0,0,0,0
54,0,0,0,0,0.0,0,0,0,0,0
55,0,0,0,0,0.0,0,0,0,0,0
56,0,0,0,0,0.0,0,0,0,0,0
57,0,0,0,0,0.0,0,0,0,0,0
58,0,0,0,0,0.0,0,0,0,0,0
59,1,0,0,0,0.0,0,0,0,0,0
60,0,0,0,0,0.0,0,0,0,0,0
61,1,0,0,0,0.0,0,0,0,0,0
62,1,0,0,0,0.0,0,0,0,0,0
63,0,0,0,0,0.0,0,0,0,0,0
64,0,0,0,0,0.0,0,0,0,0,0
65,1,0,0,0,0.0,0,0,0,0,0
66,0,0,0,0,0.0,0,0,0,0,0
67,0,0,0,0,0.0,0,0,0,0,0
68,0,0,0,0,0.0,0,0,0,0,0
69,0,0,0,0,0.0,0,0,0,0,0
70,0,0,0,0,0.0,0,0,0,0,0
71,0,0,0,0,0.0,0,0,0,0,0
72,0,0,0,0,0.0,0,0,0,0,0
73,0,0,0,0,0.0,0,0,0,0,0
74,0,0,0,0,0.0,0,0,0,0,0
75,0,0,0,0,0.0,0,0,0,0,0
76,0,0,0,0,0.0,0,0,0,0,0
77,1,0,0,0,0.0,0,0,0,0,0
78,0,0,0,0,0.0,0,0,0,0,0
79,1,0,0,0,0.0,0,0,0,0,0
80,0,0,0,0,0.0,0,0,0,0,0
81,0,0,0,0,0.0,0,0,0,0,0
82,0,0,0,0,0.0,0,0,0,0,0
83,0,0,0,0,0.0,0,0,0,0,0
84,0,0,0,0,0.0,0,0,0,0,0
85,0,0,0,0,0.0,0,0,0,0,0
86,0,0,0,0,0.0,0,0,0,0,0
87,0,0,0,0,0.0,0,0,0,0,0
88,0,0,0,0,0.0,0,0,0,0,0
89,0,0,0,0,0.0,0,0,0,0,0
90,0,0,0,0,0.0,0,0,0,0,0
91,1,0,0,0,0.0,0,0,0,0,0
92,1,0,0,0,0.0,0,0,0,0,0
93,1,0,0,0,0.0,0,0,0,0,0
94,1,1,0,0,0.0,0,0,0,0,0
95,1,1,0,0,0.0,0,0,0,0,0
96,1,1,0,0,0.0,0,1,0,1,0
97,1,1,0,0,0.0,0,1,0,1,0
98,0,0,0,0,0.0,0,1,0,0,0
99,0,0,0,0,0.0,0,1,0,0,0
100,0,0,0,0,0.0,0,1,0,0,0
101,0,0,0,0,0.0,0,1,0,0,0
102,0,0,0,0,0.0,0,1,0,0,0
103,0,0,0,0,0.0,0,1,0,0,0
104,0,0,0,0,0.0,0,1,0,0,0
105,0,0,0,0,0.0,0,1,0,0,0
106,0,0,0,0,0.0,0,0,0,0,0
107,0,0,0,0,0.0,0,0,0,0,0
108,0,0,0,0,0.0,0,0,0,0,0
109,0,0,0,0,0.0,0,0,0,0,0
110,0,0,0,0,4.0,0,0,0,0,0
111,0,0,0,0,4.0,0,0,0,0,0
112,0,0,0,0,4.0,0,0,0,0,0
113,0,0,0,0,4.0,0,0,0,0,0
114,1,0,0,0,4.0,0,0,0,0,0
115,1,1,0,0,4.0,0,0,0,0,0
116,0,0,0,0,4.0,0,0,0,0,0
117,0,0,0,0,4.0,0,0,0,0,0
118,1,0,0,0,4.0,0,0,0,0,0
119,0,0,0,0,4.0,0,0,0,0,0
120,0,0,0,0,0.0,0,0,0,0,0
121,1,0,0,0,0.0,0,0,0,0,0
122,1,1,0,0,0.0,0,0,0,0,0
123,0,0,0,0,0.0,0,1,0,0,0
124,0,1,0,0,4.0,0,1,0,0,0
125,0,0,0,0,4.0,0,1,0,0,0
126,0,0,0,0,4.0,0,1,0,0,0
127,0,0,0,0,4.0,0,1,0,0,0
128,1,1,0,0,4.0,0,1,0,1,0
129,1,1,0,0,4.0,0,1,0,1,0
130,1,1,0,0,4.0,0,1,0,1,0
131,1,1,0,0,4.0,0,1,0,1,0
132,1,1,0,0,4.0,0,1,0,1,0
133,1,1,0,0,4.0,0,1,0,1,0
134,1,1,0,0,4.0,0,1,0,1,0
135,1,1,0,0,4.0,0,1,0,1,0
136,1,1,0,0,4.0,0,1,0,1,0
137,1,1,0,0,4.0,0,1,0,1,0
138,1,1,0,0,4.0,1,1,0,1,0
139,1,1,0,0,4.0,1,1,0,1,0
140,1,1,0,0,4.0,1,1,0,1,0
141,1,1,0,0,4.0,1,1,0,1,0
142,1,1,0,0,4.0,1,1,0,1,0
143,0,1,0,0,4.0,1,1,0,0,1
144,1,1,0,0,4.0,1,1,0,1,1
145,1,1,0,0,4.0,1,1,0,1,1
146,0,1,0,0,4.0,1,1,0,0,1
147,0,0,0,0,4.0,1,1,0,0,1
148,0,0,0,0,4.0,1,1,0,0,0
149,0,0,0,0,4.0,1,1,0,0,0
150,0,0,0,0,4.0,1,1,0,0,0
151,0,1,0,0,4.0,1,1,0,0,1
152,0,0,0,0,4.0,1,1,0,0,1
153,0,0,0,0,4.0,1,1,0,0,1
154,0,0,0,0,0.0,1,0,0,0,1
155,0,0,0,0,0.0,1,0,0,0,1
156,0,0,0,0,0.0,1,0,0,0,1
157,0,0,0,0,0.0,1,0,0,0,1
158,0,0,0,0,0.0,1,0,0,0,1
159,0,0,0,0,0.0,1,0,0,0,1
160,0,0,0,0,0.0,1,0,0,0,1
161,0,0,0,0,0.0,1,0,0,0,1
162,1,0,0,0,0.0,1,0,0,0,1
163,1,0,0,0,0.0,1,0,0,0,1
164,1,0,0,0,0.0,1,0,0,0,1
165,1,0,0,0,0.0,1,0,0,0,1
166,1,0,0,0,0.0,1,0,0,0,1
167,1,0,0,0,0.0,1,0,0,0,1
168,0,0,0,0,0.0,1,0,0,0,1
169,0,0,0,0,0.0,1,0,0,0,1
170,0,0,0,0,0.0,1,0,0,0,1
171,0,0,0,0,0.0,1,0,0,0,1
172,0,0,0,0,0.0,0,0,0,0,1
173,0,0,0,0,0.0,0,0,0,0,1
174,0,0,0,0,0.0,0,0,0,0,1
175,0,0,0,0,0.0,0,0,0,0,1
176,0,0,0,0,0.0,0,0,0,0,1
177,0,0,0,0,0.0,0,0,0,0,1
178,0,0,0,0,0.0,0,0,0,0,1
179,0,0,0,0,0.0,0,0,0,0,1
180,0,0,0,0,0.0,0,0,0,0,1
181,1,0,0,0,0.0,0,0,0,0,1
182,1,0,0,0,0.0,0,0,0,0,1
183,1,0,0,0,0.0,0,0,0,0,1
184,1,0,0,0,0.0,0,0,0,0,1
185,0,0,0,0,0.0,0,0,0,0,1
186,0,0,0,0,0.0,0,0,0,0,1
187,1,0,0,0,0.0,0,0,0,0,1
188,0,0,0,0,0.0,0,0,0,0,0
189,0,0,0,0,0.0,0,0,0,0,0
190,1,0,0,0,0.0,0,0,0,0,0
191,1,0,0,0,0.0,0,0,0,0,0
192,1,0,0,0,0.0,0,0,0,0,0
193,1,1,0,0,0.0,0,0,0,0,0
194,1,1,0,0,0.0,0,0,0,0,0
195,1,1,0,0,0.0,0,1,0,1,0
196,0,1,0,0,0.0,0,1,0,0,0
197,1,1,0,0,4.0,0,1,0,1,0
198,1,1,0,0,4.0,0,1,0,1,0
199,1,1,0,0,4.0,0,1,0,1,0
200,1,1,0,0,4.0,0,1,0,1,0
201,1,1,0,0,4.0,0,1,0,1,0
202,1,1,0,0,4.0,0,1,0,1,0
203,0,1,0,0,4.0,0,1,0,0,0
204,0,1,0,0,4.0,0,1,0,0,0
205,0,1,0,0,4.0,0,1,0,0,0
206,0,1,0,0,4.0,0,1,0,0,0
207,0,1,0,0,4.0,0,1,0,0,0
208,0,1,0,0,0.0,0,1,0,0,0
209,0,1,0,0,0.0,0,1,0,0,0
210,0,1,0,0,4.0,0,1,0,0,0
211,0,1,0,0,4.0,0,1,0,0,0
212,1,1,0,0,4.0,0,1,0,1,0
213,1,1,0,0,4.0,0,1,0,1,0
214,1,1,0,0,4.0,0,1,0,1,0
215,1,1,0,0,4.0,0,1,0,1,0
216,1,0,0,0,4.0,0,0,0,0,0
217,1,0,0,0,4.0,0,0,0,0,0
218,1,0,0,0,4.0,0,0,0,0,0
219,0,0,0,0,0.0,0,0,0,0,0
220,0,0,0,0,0.0,0,0,0,0,0
221,0,0,0,0,0.0,0,0,0,0,0
222,0,0,0,0,0.0,0,0,0,0,0
223,0,0,0,0,0.0,0,0,0,0,0
224,0,0,0,0,0.0,0,0,0,0,0
225,0,0,0,0,0.0,0,0,0,0,0
226,0,0,0,0,0.0,0,0,0,0,0
227,0,0,0,0,0.0,0,0,0,0,0
228,0,0,0,0,0.0,0,0,0,0,0
229,1,0,0,0,0.0,0,0,0,0,0
230,1,0,0,0,0.0,0,0,0,0,0
231,1,0,0,0,0.0,0,0,0,0,0
232,1,0,0,0,0.0,0,0,0,0,0
233,1,0,0,0,0.0,0,0,0,0,0
234,1,1,0,0,0.0,0,0,0,0,0
235,1,1,0,0,4.0,0,0,0,0,0
236,1,1,0,0,4.0,0,0,0,0,0
237,1,1,0,0,4.0,0,1,0,1,0
238,1,1,0,0,4.0,1,1,0,1,0
239,1,1,0,0,4.0,1,1,0,1,0
240,1,1,0,0,4.0,1,1,0,1,0
241,1,1,0,0,4.0,1,1,0,1,0
242,1,1,0,0,4.0,1,1,0,1,0
243,1,1,0,0,4.0,1,1,0,1,0
244,0,1,0,0,4.0,1,1,0,0,1
245,0,1,0,0,4.0,1,1,0,0,1
246,0,1,0,0,4.0,1,1,0,0,1
247,0,1,0,0,4.0,1,1,0,0,1
248,1,1,0,0,4.0,1,1,0,1,1
249,1,1,0,0,4.0,1,1,0,1,1
250,1,1,0,0,4.0,1,1,0,1,1
251,1,1,0,0,4.0,1,1,0,1,1
252,1,1,0,0,4.0,1,1,0,1,0
253,1,1,0,0,4.0,1,1,0,1,0
254,1,1,0,0,4.0,1,1,0,1,0
255,1,1,0,0,4.0,1,1,0,1,0
256,1,1,0,0,4.0,1,1,0,1,0
257,1,1,0,0,4.0,1,1,0,1,0
258,1,1,0,0,4.0,1,1,0,1,0
259,1,1,0,0,4.0,1,1,0,1,0
260,1,1,0,0,4.0,1,1,0,1,0
261,1,1,0,0,4.0,1,1,0,1,0
262,1,1,0,0,4.0,1,1,0,1,0
263,1,1,0,0,4.0,1,1,0,1,1
264,1,1,0,0,4.0,1,1,0,1,1
265,0,1,0,0,4.0,1,1,0,0,1
266,0,1,0,0,4.0,1,1,0,0,1
267,0,1,0,0,4.0,1,1,0,0,1
268,0,1,0,0,4.0,1,1,0,0,1
269,0,0,0,0,4.0,1,1,0,0,1
270,0,0,0,0,4.0,1,1,0,0,1
271,0,1,0,0,4.0,1,1,0,0,1
272,0,0,0,0,4.0,1,1,0,0,1
273,0,0,0,0,4.0,1,1,0,0,1
274,0,0,0,0,4.0,1,1,0,0,1
275,1,1,0,0,4.0,1,1,0,1,1
276,1,1,0,0,4.0,1,0,0,0,1
277,1,1,0,0,4.0,1,0,0,0,1
278,1,1,0,0,4.0,1,1,0,1,1
279,1,1,0,0,4.0,1,1,0,1,1
280,1,1,0,0,4.0,1,1,0,1,1
281,1,1,0,0,4.0,1,0,0,0,1
282,0,0,0,0,4.0,1,0,0,0,1
283,0,0,0,0,4.0,1,0,0,0,1
284,0,0,0,0,4.0,1,0,0,0,1
285,0,0,0,0,4.0,1,0,0,0,1
286,0,0,0,0,4.0,1,0,0,0,1
287,0,0,0,0,0.0,1,0,0,0,1
288,0,0,0,0,0.0,1,0,0,0,1
289,0,0,0,0,0.0,1,0,0,0,1
290,0,0,0,0,0.0,1,0,0,0,1
291,0,0,0,0,0.0,1,0,0,0,1
292,0,0,0,0,0.0,1,0,0,0,1
293,0,0,0,0,0.0,1,0,0,0,1
294,0,0,0,0,0.0,1,0,0,0,1
295,0,0,0,0,0.0,1,0,0,0,1
296,0,0,0,0,0.0,1,0,0,0,1
297,0,0,0,0,0.0,1,0,0,0,1
298,0,0,0,0,0.0,1,0,0,0,1
299,0,0,0,0,0.0,1,0,0,0,1
300,0,0,0,0,0.0,0,0,0,0,1
301,0,0,0,0,0.0,0,0,0,0,1
302,0,0,0,0,0.0,0,0,0,0,1
303,0,0,0,0,0.0,0,0,0,0,1
304,0,0,0,0,0.0,0,0,0,0,1
305,0,0,0,0,0.0,0,0,0,0,1
306,0,0,0,0,0.0,0,0,0,0,1
307,0,0,0,0,0.0,0,0,0,0,1
308,0,0,0,0,0.0,0,0,0,0,1
309,1,0,0,0,0.0,0,0,0,0,1
310,1,0,0,0,0.0,0,0,0,0,1
311,1,0,0,0,0.0,0,0,0,0,1
312,1,0,0,0,0.0,0,0,0,0,1
313,1,0,0,0,0.0,0,0,0,0,1
314,1,0,0,0,0.0,0,0,0,0,1
315,1,0,0,0,0.0,0,0,0,0,1
316,0,0,0,0,0.0,0,0,0,0,0
317,1,0,0,0,0.0,0,0,0,0,0
318,1,0,0,0,0.0,0,0,0,0,0
319,1,1,0,0,0.0,0,0,0,0,0
320,1,1,0,0,0.0,0,1,0,1,0
321,1,1,0,0,0.0,0,1,0,1,0
322,1,1,0,0,0.0,0,1,0,1,0
323,1,1,0,0,0.0,0,1,0,1,0
324,1,1,0,0,0.0,0,1,0,1,0
325,0,1,0,0,0.0,0,1,0,0,0
326,0,1,0,0,4.0,0,1,0,0,0
327,0,1,0,0,4.0,0,1,0,0,0
328,0,1,0,0,0.0,0,1,0,0,0
329,0,0,0,0,0.0,0,1,0,0,0
330,0,1,0,0,0.0,0,1,0,0,0
331,0,1,0,0,4.0,0,1,0,0,0
332,0,1,0,0,4.0,0,1,0,0,0
333,0,0,0,0,4.0,0,1,0,0,0
334,0,0,0,0,4.0,0,1,0,0,0
335,0,0,0,0,4.0,0,1,0,0,0
336,0,0,0,0,0.0,0,0,0,0,0
337,1,0,0,0,4.0,0,0,0,0,0
338,1,0,0,0,4.0,0,0,0,0,0
339,1,0,0,0,4.0,0,0,0,0,0
340,1,0,0,0,4.0,0,0,0,0,0
341,1,0,0,0,4.0,0,0,0,0,0
342,1,0,0,0,4.0,0,0,0,0,0
343,1,0,0,0,4.0,0,0,0,0,0
344,1,0,0,0,4.0,0,0,0,0,0
345,1,0,0,0,0.0,0,0,0,0,0
346,1,0,0,0,0.0,0,0,0,0,0
347,1,0,0,0,0.0,0,0,0,0,0
348,1,0,0,0,4.0,0,0,0,0,0
349,1,1,0,0,4.0,0,0,0,0,0
350,1,1,0,0,4.0,0,0,0,0,0
351,1,1,0,0,4.0,0,0,0,0,0
352,1,1,0,0,4.0,0,0,0,0,0
353,1,1,0,0,4.0,0,0,0,0,0
354,1,1,0,0,4.0,0,1,0,1,0
355,1,1,0,0,4.0,0,1,0,1,0
356,1,1,0,0,4.0,0,1,0,1,0
357,1,1,0,0,4.0,0,1,0,1,0
358,1,1,0,0,4.0,0,1,0,1,0
359,1,1,0,0,4.0,1,1,0,1,0
360,1,1,0,0,4.0,1,1,0,1,0
361,1,1,0,0,4.0,1,1,0,1,0
362,1,1,0,0,4.0,1,1,0,1,0
363,1,1,0,0,4.0,1,1,0,1,0
364,1,1,0,0,4.0,1,1,0,1,0
365,1,1,0,0,4.0,1,1,0,1,0
366,1,1,0,0,4.0,1,1,0,1,0
367,1,1,0,0,4.0,1,1,0,1,0
368,1,1,0,0,4.0,1,1,0,1,1
369,1,1,0,0,4.0,1,1,0,1,1
370,1,1,0,0,4.0,1,1,0,1,1
371,1,1,0,0,4.0,1,1,0,1,1
372,1,1,0,0,4.0,1,1,0,1,1
373,1,1,0,0,4.0,1,1,0,1,1
374,1,1,0,0,4.0,1,1,0,1,1
375,1,1,0,0,4.0,1,1,0,1,1
376,1,1,0,0,4.0,1,1,0,1,1
377,1,1,0,0,4.0,1,1,0,1,1
378,1,1,0,0,4.0,1,1,0,1,1
379,0,1,0,0,4.0,1,1,0,0,1
380,0,1,0,0,4.0,1,1,0,0,1
381,0,1,0,0,4.0,1,1,0,0,1
382,0,1,0,0,4.0,1,1,0,0,1
383,0,1,0,0,4.0,1,1,0,0,1
384,0,0,0,0,4.0,1,1,0,0,1
385,0,0,0,0,4.0,1,1,0,0,1
386,0,0,0,0,4.0,1,1,0,0,1
387,0,0,0,0,4.0,1,0,0,0,1
388,0,0,0,0,4.0,1,0,0,0,1
389,0,0,0,0,4.0,1,0,0,0,1
390,0,0,0,0,4.0,1,0,0,0,1
391,0,0,0,0,4.0,1,0,0,0,1
392,0,0,0,0,4.0,1,0,0,0,1
393,1,0,0,0,4.0,1,0,0,0,1
394,0,0,0,0,4.0,1,0,0,0,1
395,1,0,0,0,4.0,1,0,0,0,1
396,0,0,0,0,4.0,1,0,0,0,1
397,0,0,0,0,4.0,1,0,0,0,1
398,0,0,0,0,4.0,1,0,0,0,1
399,1,0,0,0,4.0,1,0,0,0,1
400,1,0,0,0,4.0,1,0,0,0,1
401,1,0,0,0,4.0,1,0,0,0,1
402,1,0,0,0,0.0,1,0,0,0,1
403,1,0,0,0,0.0,1,0,0,0,1
404,1,1,0,0,0.0,1,0,0,0,1
405,1,1,0,0,0.0,0,1,0,1,1
406,1,1,0,0,0.0,0,1,0,1,1
407,1,1,0,0,0.0,0,1,0,1,1
408,1,1,0,0,0.0,0,1,0,1,1
409,1,1,0,0,4.0,0,1,0,1,1
410,1,1,0,0,4.0,0,1,0,1,1
411,1,1,0,0,4.0,0,1,0,1,1
412,1,1,0,0,4.0,1,1,0,1,1
413,1,1,0,0,4.0,1,1,0,1,1
414,1,1,0,0,4.0,1,1,0,1,1
415,1,1,0,0,4.0,1,1,0,1,0
416,1,1,0,0,4.0,1,1,0,1,0
417,1,1,0,0,4.0,1,1,0,1,0
418,1,1,0,0,4.0,1,1,0,1,0
419,1,1,0,0,4.0,1,1,0,1,0
420,1,1,0,0,4.0,1,1,0,1,0
421,1,1,0,0,4.0,1,1,0,1,0
422,1,1,0,0,4.0,1,1,0,1,0
423,1,1,0,0,4.0,1,1,0,1,0
424,1,1,0,0,4.0,1,1,0,1,0
425,0,1,0,0,4.0,1,1,0,0,0
426,0,1,0,0,4.0,1,1,0,0,1
427,0,1,0,0,4.0,1,1,0,0,1
428,1,1,0,0,4.0,1,1,0,1,1
429,1,1,0,0,4.0,1,1,0,1,1
430,0,1,0,0,4.0,1,1,0,0,0
431,0,1,0,0,4.0,1,1,0,0,0
432,0,1,0,0,4.0,1,1,0,0,0
433,1,1,0,0,4.0,1,1,0,1,0
434,0,1,0,0,4.0,1,1,0,0,0
435,0,1,0,0,4.0,1,1,0,0,0
436,1,1,0,0,4.0,1,1,0,1,0
437,1,1,0,0,4.0,1,1,0,1,0
438,0,0,0,0,4.0,1,0,0,0,0
439,1,0,0,0,4.0,1,0,0,0,0
440,1,0,0,0,4.0,1,0,0,0,0
441,1,0,0,0,0.0,1,0,0,0,1
442,1,1,0,0,4.0,1,1,0,1,1
443,1,1,0,0,4.0,1,1,0,1,1
444,1,1,0,0,4.0,1,1,0,1,1
445,1,1,0,0,0.0,1,1,0,1,1
446,1,1,0,0,0.0,1,1,0,1,1
447,0,1,0,0,0.0,1,1,0,0,1
448,0,0,0,0,0.0,1,1,0,0,1
449,0,0,0,0,0.0,1,1,0,0,1
450,0,0,0,0,0.0,1,0,0,0,1
451,0,0,0,0,0.0,1,0,0,0,1
452,0,0,0,0,0.0,1,0,0,0,1
453,0,0,0,0,0.0,1,0,0,0,1
454,0,0,0,0,0.0,1,0,0,0,1
455,1,1,0,0,0.0,1,0,0,0,1
456,1,1,0,0,0.0,1,0,0,0,1
457,0,0,0,0,0.0,1,0,0,0,1
458,0,0,0,0,0.0,1,0,0,0,1
459,1,0,0,0,0.0,1,0,0,0,1
460,0,0,0,0,0.0,1,0,0,0,1
461,0,0,0,0,0.0,1,0,0,0,1
462,0,0,0,0,0.0,1,0,0,0,1
463,0,0,0,0,0.0,1,0,0,0,1
464,0,0,0,0,0.0,1,0,0,0,1
465,0,0,0,0,0.0,1,0,0,0,1
466,0,0,0,0,0.0,1,0,0,0,1
467,0,0,0,0,0.0,1,0,0,0,1
468,0,0,0,0,0.0,1,0,0,0,1
469,0,0,0,0,0.0,1,0,0,0,1
470,1,0,0,0,0.0,1,0,0,0,1
471,1,0,0,0,0.0,1,0,0,0,1
472,0,0,0,0,0.0,1,0,0,0,1
473,0,0,0,0,0.0,1,0,0,0,1
474,0,0,0,0,0.0,1,0,0,0,1
475,0,0,0,0,0.0,0,0,0,0,1
476,1,0,0,0,4.0,0,0,0,0,1
477,0,0,0,0,0.0,0,0,0,0,1
478,1,0,0,0,4.0,0,0,0,0,0
479,1,0,0,0,4.0,0,0,0,0,0
480,1,1,0,0,4.0,0,0,0,0,0
481,1,1,0,0,0.0,0,0,0,0,0
482,1,1,0,0,0.0,0,1,0,1,0
483,1,1,0,0,4.0,0,1,0,1,0
484,1,1,0,0,4.0,0,1,0,1,0
485,1,1,0,0,4.0,0,1,0,1,0
486,1,1,0,0,4.0,0,1,0,1,0
487,1,1,0,0,4.0,0,1,0,1,0
488,1,1,0,0,4.0,0,1,0,1,0
489,0,1,0,0,4.0,0,1,0,0,0
490,1,1,0,0,4.0,0,1,0,1,0
491,0,1,0,0,4.0,0,1,0,0,0
492,1,1,0,0,4.0,0,1,0,1,0
493,1,1,0,0,4.0,0,1,0,1,0
494,1,1,0,0,4.0,0,1,0,1,0
495,1,1,0,0,4.0,0,1,0,1,0
496,1,1,0,0,4.0,0,1,0,1,0
497,0,1,0,0,4.0,0,1,0,0,0
498,0,1,0,0,4.0,1,1,0,0,0
499,0,1,0,0,4.0,1,1,0,0,0
500,0,0,0,0,4.0,1,1,0,0,0
501,0,0,0,0,4.0,1,1,0,0,0
502,0,1,0,0,4.0,1,1,0,0,0
503,0,1,0,0,4.0,1,1,0,0,0
504,0,0,0,0,4.0,1,1,0,0,0
505,1,0,0,0,4.0,1,0,0,0,0
506,1,1,0,0,4.0,1,0,0,0,0
507,1,0,0,0,4.0,1,0,0,0,0
508,1,0,0,0,4.0,1,0,0,0,0
509,1,0,0,0,4.0,1,0,0,0,0
510,1,0,0,0,0.0,1,0,0,0,0
511,1,0,0,0,0.0,1,0,0,0,0
512,1,0,0,0,0.0,1,0,0,0,0
513,0,0,0,0,0.0,1,0,0,0,1
514,0,0,0,0,0.0,1,0,0,0,1
515,0,0,0,0,0.0,1,0,0,0,1
516,0,0,0,0,0.0,1,0,0,0,1
517,1,1,0,0,0.0,1,0,0,0,1
518,1,1,0,0,0.0,1,0,0,0,1
519,1,0,0,0,0.0,1,0,0,0,1
520,1,0,0,0,0.0,1,0,0,0,1
521,1,1,0,0,0.0,1,0,0,0,1
522,1,1,0,0,0.0,1,1,0,1,1
523,1,1,0,0,4.0,1,1,0,1,1
524,0,1,0,0,0.0,1,1,0,0,1
525,0,1,0,0,4.0,1,1,0,0,1
526,0,1,0,0,4.0,1,1,0,0,1
527,0,1,0,0,4.0,1,1,0,0,1
528,1,1,0,0,4.0,1,1,0,1,1
529,1,1,0,0,4.0,1,1,0,1,1
530,1,1,0,0,4.0,1,1,0,1,1
531,1,1,0,0,4.0,1,1,0,1,1
532,1,1,0,0,4.0,1,1,0,1,1
533,1,1,0,0,4.0,1,1,0,1,1
534,1,1,0,0,4.0,1,1,0,1,1
535,0,1,0,0,4.0,1,1,0,0,1
536,1,1,0,0,4.0,1,1,0,1,1
537,1,1,0,0,4.0,1,1,0,1,1
538,1,1,0,0,4.0,1,1,0,1,1
539,1,1,0,0,4.0,1,1,0,1,1
540,1,1,0,0,4.0,1,1,0,1,1
541,1,1,0,0,4.0,1,1,0,1,1
542,1,1,0,0,4.0,1,1,0,1,1
543,1,1,0,0,4.0,1,1,0,1,1
544,1,1,0,0,4.0,1,1,0,1,1
545,1,1,0,0,4.0,1,1,0,1,1
546,1,1,0,0,4.0,1,1,0,1,1
547,1,1,0,0,4.0,1,1,0,1,1
548,1,1,0,0,4.0,1,1,0,1,1
549,1,1,0,0,4.0,1,1,0,1,1
550,1,1,0,0,4.0,1,1,0,1,1
551,1,1,0,0,4.0,1,1,0,1,1
552,1,1,0,0,4.0,1,1,0,1,1
553,0,1,0,0,4.0,1,1,0,0,1
554,0,1,0,0,4.0,1,1,0,0,1
555,1,1,0,0,4.0,1,1,0,1,1
556,0,1,0,0,4.0,1,1,0,0,1
557,0,1,0,0,4.0,1,1,0,0,0
558,0,1,0,0,4.0,1,1,0,0,0
559,0,1,0,0,4.0,1,1,0,0,0
560,0,1,0,0,4.0,1,1,0,0,0
561,0,1,0,0,4.0,1,1,0,0,0
562,1,1,0,0,4.0,1,1,0,1,0
563,1,1,0,0,4.0,1,1,0,1,0
564,1,1,0,0,4.0,1,1,0,1,0
565,1,1,0,0,4.0,1,1,0,1,1
566,0,1,0,0,4.0,1,1,0,0,1
567,1,1,0,0,4.0,1,1,0,1,1
568,1,1,0,0,4.0,1,1,0,1,1
569,1,1,0,0,4.0,1,1,0,1,1
570,1,1,0,0,4.0,1,1,0,1,1
571,1,1,0,0,4.0,1,1,0,1,1
572,0,1,0,0,4.0,1,1,0,0,1
573,0,1,0,0,4.0,1,1,0,0,1
574,0,1,0,0,4.0,1,1,0,0,1
575,0,0,0,0,0.0,1,0,0,0,1
576,0,0,0,0,0.0,1,0,0,0,1
577,0,0,0,0,0.0,1,0,0,0,1
578,0,0,0,0,0.0,1,0,0,0,1
579,0,0,0,0,0.0,1,0,0,0,1
580,0,0,0,0,0.0,1,0,0,0,1
581,1,0,0,0,0.0,1,0,0,0,1
582,1,1,0,0,4.0,1,0,0,0,1
583,1,1,0,0,4.0,1,0,0,0,1
584,1,1,0,0,4.0,1,0,0,0,1
585,1,1,0,0,4.0,1,1,0,1,1
586,1,1,0,0,4.0,1,1,0,1,1
587,1,1,0,0,4.0,1,1,0,1,1
588,1,1,0,0,4.0,1,1,0,1,1
589,1,1,0,0,4.0,1,1,0,1,1
590,1,1,0,0,4.0,1,1,0,1,1
591,1,1,0,0,4.0,1,1,0,1,1
592,1,1,0,0,4.0,1,1,0,1,1
593,1,1,0,0,4.0,1,1,0,1,1
594,1,1,0,0,4.0,1,1,0,1,1
595,1,1,0,0,4.0,1,1,0,1,1
596,1,1,0,0,4.0,1,1,0,1,1
597,1,1,0,0,4.0,1,1,0,1,1
598,1,1,0,0,4.0,1,1,0,1,1
599,1,1,0,0,4.0,1,1,0,1,1
600,1,1,0,0,4.0,1,1,0,1,1
601,1,1,0,0,4.0,1,1,0,1,1
602,1,1,0,0,4.0,1,1,0,1,1
603,1,1,0,0,4.0,1,1,0,1,1
604,1,1,0,0,4.0,1,1,0,1,1
605,1,1,0,0,4.0,1,1,0,1,1
606,1,1,0,0,4.0,1,1,0,1,1
607,1,1,0,0,4.0,1,1,0,1,1
608,0,1,0,0,4.0,1,1,0,0,1
609,0,0,0,0,4.0,1,1,0,0,1
610,0,0,0,0,4.0,1,1,0,0,1
611,0,1,0,0,4.0,1,1,0,0,1
612,0,1,0,0,4.0,1,1,0,0,1
613,0,0,0,0,4.0,1,1,0,0,1
614,0,0,0,0,4.0,1,1,0,0,1
615,0,0,0,0,4.0,1,1,0,0,1
616,0,0,0,0,4.0,1,0,0,0,1
617,1,1,0,0,4.0,1,0,0,0,1
618,1,1,0,0,4.0,1,0,0,0,1
619,1,1,0,0,4.0,1,0,0,0,1
620,0,0,0,0,4.0,1,0,0,0,1
621,1,1,0,0,4.0,1,0,0,0,1
622,1,1,0,0,4.0,1,0,0,0,1
623,1,1,0,0,4.0,1,0,0,0,1
624,0,0,0,0,4.0,1,0,0,0,1
625,1,0,0,0,0.0,1,0,0,0,1
626,0,0,0,0,0.0,1,0,0,0,1
627,0,0,0,0,0.0,1,0,0,0,1
628,0,0,0,0,0.0,1,0,0,0,1
629,1,0,0,0,0.0,1,0,0,0,1
630,1,0,0,0,0.0,1,0,0,0,1
631,1,0,0,0,0.0,1,0,0,0,1
632,1,1,0,0,0.0,1,0,0,0,1
633,1,1,0,0,0.0,1,1,0,1,1
634,1,1,0,0,4.0,1,1,0,1,1
635,1,1,0,0,4.0,1,1,0,1,1
636,1,1,0,0,4.0,1,1,0,1,1
637,1,1,0,0,4.0,1,1,0,1,1
638,0,1,0,0,0.0,1,1,0,0,1
639,0,0,0,0,4.0,1,1,0,0,1
640,0,0,0,0,4.0,1,1,0,0,1
641,0,1,0,0,4.0,1,1,0,0,1
642,0,0,0,0,4.0,1,1,0,0,1
643,0,0,0,0,0.0,1,1,0,0,1
644,0,0,0,0,0.0,1,1,0,0,1
645,0,0,0,0,0.0,1,1,0,0,1
646,1,1,0,0,0.0,1,1,0,1,1
647,0,1,0,0,0.0,1,1,0,0,1
648,0,0,0,0,0.0,1,0,0,0,1
649,0,0,0,0,0.0,1,0,0,0,1
650,0,0,0,0,0.0,0,0,0,0,1
651,0,0,0,0,0.0,0,0,0,0,1
652,0,0,0,0,0.0,0,0,0,0,1
653,0,0,0,0,0.0,0,0,0,0,1
654,0,0,0,0,0.0,0,0,0,0,1
655,0,0,0,0,0.0,0,0,0,0,1
656,0,0,0,0,0.0,0,0,0,0,1
657,1,0,0,0,0.0,0,0,0,0,1
658,1,0,0,0,0.0,0,0,0,0,1
659,1,0,0,0,0.0,0,0,0,0,1
660,1,0,0,0,0.0,0,0,0,0,1
661,1,0,0,0,0.0,0,0,0,0,1
662,0,0,0,0,0.0,0,0,0,0,1
663,0,0,0,0,0.0,0,0,0,0,1
664,0,0,0,0,0.0,0,0,0,0,1
665,0,0,0,0,0.0,0,0,0,0,1
666,0,0,0,0,0.0,0,0,0,0,1
667,0,0,0,0,0.0,0,0,0,0,1
668,1,0,0,0,0.0,0,0,0,0,0
669,1,0,0,0,0.0,0,0,0,0,0
670,1,0,0,0,0.0,0,0,0,0,0
671,1,0,0,0,0.0,0,0,0,0,0
672,1,0,0,0,0.0,0,0,0,0,0
673,0,0,0,0,0.0,0,0,0,0,0
674,0,1,0,0,0.0,0,1,0,0,0
675,0,0,0,0,0.0,0,1,0,0,0
676,0,1,0,0,4.0,0,1,0,0,0
677,0,0,0,0,4.0,0,0,0,0,0
678,0,0,0,0,0.0,0,0,0,0,0
679,0,0,0,0,4.0,0,0,0,0,0
680,0,0,0,0,0.0,0,0,0,0,0
681,1,0,0,0,0.0,0,0,0,0,0
682,1,1,0,0,4.0,0,1,0,1,0
683,1,1,0,0,4.0,0,1,0,1,0
684,1,1,0,0,4.0,0,1,0,1,0
685,1,1,0,0,4.0,0,1,0,1,0
686,1,1,0,0,4.0,0,1,0,1,0
687,1,1,0,0,4.0,0,1,0,1,0
688,1,1,0,0,4.0,0,1,0,1,0
689,1,1,0,0,4.0,0,1,0,1,0
690,1,1,0,0,4.0,0,1,0,1,0
691,0,1,0,0,4.0,0,1,0,0,0
692,0,1,0,0,4.0,0,1,0,0,0
693,0,1,0,0,4.0,0,1,0,0,0
694,0,1,0,0,4.0,0,1,0,0,0
695,0,1,0,0,4.0,0,1,0,0,0
696,0,1,0,0,4.0,0,1,0,0,0
697,0,1,0,0,4.0,0,1,0,0,0
698,0,1,0,0,4.0,0,1,0,0,0
699,0,1,0,0,4.0,0,1,0,0,0
700,0,0,0,0,4.0,0,1,0,0,0
701,0,0,0,0,4.0,0,1,0,0,0
702,0,1,0,0,4.0,0,1,0,0,0
703,0,1,0,0,4.0,0,1,0,0,0
704,0,1,0,0,4.0,0,1,0,0,0
705,1,1,0,0,4.0,0,1,0,1,0
706,1,1,0,0,4.0,0,1,0,1,0
707,1,1,0,0,4.0,0,1,0,1,0
708,1,0,0,0,4.0,1,0,0,0,0
709,1,0,0,0,4.0,1,0,0,0,0
710,1,1,0,0,4.0,1,0,0,0,0
711,1,0,0,0,4.0,1,0,0,0,0
712,1,0,0,0,0.0,1,0,0,0,0
713,1,0,0,0,0.0,1,0,0,0,0
714,1,1,0,0,0.0,1,0,0,0,0
715,1,1,0,0,0.0,1,0,0,0,0
716,1,1,0,0,4.0,1,1,0,1,1
717,1,1,0,0,4.0,1,1,0,1,1
718,1,1,0,0,4.0,1,1,0,1,1
719,1,1,0,0,4.0,1,1,0,1,1
720,1,1,0,0,4.0,1,1,0,1,1
721,1,1,0,0,4.0,1,1,0,1,1
722,1,1,0,0,4.0,1,1,0,1,1
723,1,1,0,0,4.0,1,1,0,1,1
724,1,1,0,0,4.0,1,1,0,1,1
725,1,1,0,0,4.0,1,1,0,1,1
726,1,1,0,0,4.0,1,1,0,1,1
727,1,1,0,0,4.0,1,1,0,1,1
728,0,1,0,0,4.0,1,1,0,0,1
729,0,1,0,0,4.0,1,1,0,0,1
730,0,1,0,0,4.0,1,1,0,0,1
731,1,1,0,0,4.0,1,1,0,1,1
732,1,1,0,0,4.0,1,1,0,1,1
733,1,1,0,0,4.0,1,1,0,1,1
734,1,1,0,0,4.0,1,1,0,1,1
735,1,1,0,0,4.0,1,1,0,1,1
736,1,1,0,0,4.0,1,1,0,1,1
737,1,1,0,0,4.0,1,1,0,1,1
738,1,1,0,0,4.0,1,1,0,1,1
739,1,1,0,0,4.0,1,1,0,1,1
740,1,1,0,0,4.0,1,1,0,1,1
741,1,1,0,0,4.0,1,1,0,1,1
742,1,1,0,0,4.0,1,1,0,1,1
743,0,1,0,0,4.0,1,1,0,0,1
744,0,1,0,0,4.0,1,1,0,0,1
745,0,1,0,0,4.0,1,1,0,0,1
746,0,1,0,0,4.0,1,1,0,0,1
747,0,1,0,0,4.0,1,1,0,0,1
748,0,1,0,0,4.0,1,1,0,0,1
749,1,1,0,0,4.0,1,1,0,1,1
750,1,1,0,0,4.0,1,1,0,1,1
751,1,1,0,0,4.0,1,1,0,1,1
752,0,1,0,0,4.0,1,1,0,0,1
753,0,1,0,0,4.0,1,1,0,0,1
754,0,1,0,0,4.0,1,1,0,0,1
755,0,1,0,0,4.0,1,1,0,0,1
756,1,1,0,0,4.0,1,1,0,1,1
757,1,1,0,0,4.0,1,1,0,1,1
758,1,1,0,0,4.0,1,1,0,1,1
759,1,1,0,0,4.0,1,1,0,1,1
760,1,1,0,0,4.0,1,1,0,1,1
761,1,1,0,0,4.0,1,1,0,1,1
762,1,1,0,0,4.0,1,1,0,1,1
763,1,1,0,0,4.0,1,1,0,1,1
764,1,1,0,0,4.0,1,1,0,1,1
765,1,1,0,0,4.0,1,1,0,1,1
766,0,1,0,0,4.0,1,1,0,0,1
767,0,1,0,0,4.0,1,1,0,0,1
768,0,1,0,0,0.0,1,1,0,0,1
769,0,1,0,0,4.0,1,1,0,0,1
770,1,1,0,0,4.0,1,1,0,1,1
771,1,1,0,0,4.0,1,1,0,1,1
772,1,1,0,0,4.0,1,1,0,1,1
773,1,1,0,0,4.0,1,1,0,1,1
774,1,1,0,0,4.0,1,1,0,1,1
775,1,1,0,0,4.0,1,1,0,1,1
776,1,1,0,0,4.0,1,1,0,1,1
777,1,1,0,0,4.0,1,1,0,1,1
778,1,1,0,0,4.0,1,1,0,1,1
779,1,1,0,0,4.0,1,1,0,1,1
780,1,1,0,0,4.0,1,1,0,1,1
781,1,1,0,0,4.0,1,1,0,1,1
782,1,1,0,0,4.0,1,1,0,1,1
783,1,1,0,0,4.0,1,1,0,1,1
784,1,1,0,0,4.0,1,1,0,1,1
785,1,1,0,0,4.0,1,1,0,1,1
786,1,1,0,0,4.0,1,1,0,1,1
787,1,1,0,0,4.0,1,1,0,1,1
788,1,1,0,0,4.0,1,1,0,1,1
789,1,1,0,0,4.0,1,1,0,1,1
790,1,1,0,0,4.0,1,1,0,1,1
791,1,1,0,0,4.0,1,1,0,1,1
792,1,1,0,0,4.0,1,1,0,1,1
793,1,1,0,0,4.0,1,1,0,1,1
794,1,1,0,0,4.0,1,1,0,1,1
795,1,1,0,0,4.0,1,1,0,1,1
796,1,1,0,0,4.0,1,1,0,1,1
797,1,1,0,0,4.0,1,1,0,1,1
798,1,1,0,0,4.0,1,1,0,1,1
799,1,1,0,0,4.0,1,1,0,1,1
800,1,1,0,0,4.0,1,1,0,1,1
801,1,1,0,0,4.0,1,1,0,1,1
802,1,1,0,0,4.0,1,1,0,1,1
803,1,1,0,0,4.0,1,1,0,1,1
804,1,1,0,0,4.0,1,1,0,1,1
805,1,1,0,0,4.0,1,1,0,1,1
806,0,1,0,0,4.0,1,1,0,0,1
807,0,0,0,0,4.0,1,1,0,0,1
808,0,0,0,0,4.0,1,1,0,0,1
809,0,0,0,0,4.0,1,1,0,0,1
810,0,0,0,0,4.0,1,1,0,0,1
811,0,0,0,0,4.0,1,1,0,0,1
812,0,0,0,0,0.0,1,0,0,0,1
813,0,0,0,0,4.0,1,0,0,0,1
814,0,0,0,0,4.0,1,0,0,0,1
815,0,0,0,0,4.0,1,0,0,0,1
816,0,0,0,0,4.0,1,0,0,0,1
817,0,0,0,0,0.0,1,0,0,0,1
818,1,0,0,0,4.0,1,0,0,0,1
819,1,0,0,0,0.0,1,0,0,0,1
820,1,0,0,0,4.0,1,0,0,0,1
821,1,0,0,0,0.0,1,0,0,0,1
822,1,0,0,0,4.0,1,0,0,0,1
823,1,0,0,0,0.0,1,0,0,0,1
824,1,0,0,0,0.0,1,0,0,0,1
825,1,0,0,0,0.0,1,0,0,0,1
826,1,0,0,0,0.0,1,0,0,0,1
827,1,0,0,0,0.0,1,0,0,0,1
828,1,0,0,0,0.0,1,0,0,0,1
829,1,0,0,0,0.0,1,0,0,0,1
830,1,0,0,0,0.0,1,0,0,0,1
831,1,0,0,0,0.0,1,0,0,0,1
832,1,1,0,0,0.0,0,1,0,1,1
833,1,1,0,0,4.0,0,1,0,1,1
834,1,1,0,0,4.0,0,1,0,1,1
835,1,1,0,0,4.0,0,1,0,1,1
836,1,1,0,0,4.0,0,1,0,1,1
837,1,1,0,0,4.0,0,1,0,1,1
838,1,1,0,0,4.0,0,1,0,1,1
839,1,1,0,0,4.0,0,1,0,1,1
840,1,1,0,0,4.0,0,1,0,1,1
841,0,1,0,0,4.0,0,1,0,0,0
842,0,1,0,0,4.0,0,1,0,0,0
843,0,1,0,0,4.0,0,1,0,0,0
844,0,1,0,0,4.0,1,1,0,0,0
845,0,1,0,0,4.0,1,1,0,0,0
846,0,1,0,0,4.0,1,1,0,0,0
847,0,1,0,0,4.0,1,1,0,0,0
848,1,1,0,0,4.0,1,1,0,1,0
849,1,1,0,0,4.0,1,1,0,1,0
850,1,1,0,0,4.0,1,1,0,1,0
851,1,1,0,0,4.0,1,1,0,1,0
852,1,1,0,0,4.0,1,1,0,1,0
853,1,1,0,0,4.0,1,1,0,1,0
854,1,1,0,0,4.0,1,1,0,1,0
855,1,1,0,0,4.0,1,1,0,1,0
856,1,1,0,0,4.0,1,1,0,1,0
857,1,1,0,0,4.0,1,1,0,1,0
858,1,1,0,0,4.0,1,1,0,1,0
859,1,1,0,0,4.0,1,1,0,1,0
860,1,1,0,0,4.0,1,1,0,1,0
861,1,1,0,0,4.0,1,1,0,1,0
862,1,1,0,0,4.0,1,1,0,1,0
863,1,1,0,0,4.0,1,1,0,1,0
864,1,1,0,0,4.0,1,1,0,1,0
865,1,1,0,0,4.0,1,1,0,1,0
866,1,1,0,0,4.0,1,1,0,1,0
867,1,1,0,0,4.0,1,1,0,1,1
868,0,1,0,0,4.0,1,1,0,0,1
869,0,1,0,0,4.0,1,1,0,0,1
870,0,0,0,0,4.0,1,1,0,0,1
871,0,1,0,0,4.0,1,1,0,0,1
872,1,1,0,0,4.0,1,1,0,1,1
873,1,1,0,0,4.0,1,1,0,1,1
874,1,1,0,0,4.0,1,1,0,1,1
875,1,1,0,0,4.0,1,1,0,1,1
876,1,1,0,0,4.0,1,1,0,1,1
877,0,0,0,0,4.0,1,1,0,0,1
878,0,0,0,0,0.0,1,0,0,0,1
879,0,0,0,0,0.0,1,0,0,0,1
880,0,0,0,0,0.0,1,0,0,0,1
881,1,1,0,0,0.0,1,0,0,0,1
882,0,0,0,0,0.0,1,0,0,0,1
883,0,0,0,0,0.0,1,0,0,0,1
884,0,0,0,0,0.0,1,0,0,0,1
885,0,0,0,0,0.0,1,0,0,0,1
886,0,0,0,0,0.0,1,0,0,0,1
887,1,0,0,0,0.0,1,0,0,0,1
888,1,0,0,0,0.0,1,0,0,0,1
889,1,0,0,0,0.0,1,0,0,0,1
890,1,0,0,0,0.0,1,0,0,0,1
891,1,0,0,0,0.0,1,0,0,0,1
892,1,0,0,0,0.0,1,0,0,0,1
893,1,1,0,0,0.0,1,0,0,0,1
894,1,1,0,0,0.0,1,0,0,0,1
895,1,1,0,0,0.0,1,0,0,0,1
896,1,1,0,0,4.0,1,1,0,1,1
897,1,1,0,0,4.0,0,1,0,1,1
898,1,1,0,0,0.0,0,1,0,1,1
899,1,1,0,0,0.0,0,1,0,1,1
900,1,1,0,0,0.0,0,1,0,1,1
901,1,1,0,0,0.0,0,1,0,1,1
902,1,1,0,0,4.0,0,1,0,1,1
903,1,1,0,0,4.0,0,1,0,1,1
904,1,1,0,0,4.0,0,1,0,1,1
905,1,1,0,0,4.0,0,1,0,1,1
906,0,1,0,0,4.0,0,1,0,0,1
907,1,1,0,0,4.0,0,1,0,1,1
908,1,1,0,0,4.0,0,1,0,1,1
909,1,1,0,0,4.0,0,1,0,1,1
910,1,1,0,0,4.0,0,1,0,1,0
911,1,1,0,0,4.0,1,1,0,1,0
912,1,1,0,0,4.0,1,1,0,1,0
913,1,1,0,0,4.0,1,1,0,1,0
914,1,1,0,0,4.0,1,1,0,1,0
915,1,1,0,0,4.0,1,1,0,1,0
916,1,1,0,0,4.0,1,1,0,1,0
917,1,1,0,0,4.0,1,1,0,1,0
918,1,1,0,0,4.0,1,1,0,1,0
919,1,1,0,0,4.0,1,1,0,1,0
920,1,1,0,0,4.0,1,1,0,1,0
921,1,1,0,0,4.0,1,1,0,1,0
922,1,1,0,0,4.0,1,1,0,1,0
923,1,1,0,0,4.0,1,1,0,1,0
924,1,1,0,0,4.0,1,1,0,1,1
925,1,1,0,0,4.0,1,1,0,1,1
926,1,1,0,0,4.0,1,1,0,1,1
927,1,1,0,0,4.0,1,1,0,1,1
928,1,1,0,0,4.0,1,1,0,1,1
929,1,1,0,0,4.0,1,1,0,1,1
930,1,1,0,0,4.0,1,1,0,1,1
931,1,1,0,0,4.0,1,1,0,1,1
932,1,1,0,0,4.0,1,1,0,1,1
933,1,1,0,0,4.0,1,1,0,1,1
934,1,1,0,0,4.0,1,1,0,1,1
935,1,1,0,0,4.0,1,1,0,1,1
936,1,1,0,0,4.0,1,1,0,1,1
937,0,1,0,0,4.0,1,1,0,0,1
938,1,1,0,0,4.0,1,1,0,1,1
939,1,1,0,0,4.0,1,1,0,1,1
940,1,1,0,0,4.0,1,1,0,1,1
941,1,1,0,0,4.0,1,1,0,1,1
942,1,1,0,0,4.0,1,1,0,1,1
943,1,1,0,0,4.0,1,1,0,1,1
944,1,1,0,0,4.0,1,1,0,1,1
945,1,1,0,0,4.0,1,1,0,1,1
946,1,1,0,0,4.0,1,1,0,1,1
947,0,1,0,0,4.0,1,1,0,0,1
948,0,0,0,0,4.0,1,1,0,0,1
949,0,1,0,0,4.0,1,1,0,0,1
950,0,1,0,0,4.0,1,1,0,0,1
951,0,1,0,0,4.0,1,1,0,0,1
952,0,1,0,0,4.0,1,1,0,0,1
953,1,1,0,0,4.0,1,1,0,1,1
954,1,1,0,0,4.0,1,1,0,1,1
955,1,1,0,0,4.0,1,1,0,1,1
956,1,1,0,0,4.0,1,1,0,1,1
957,1,1,0,0,4.0,1,1,0,1,1
958,1,1,0,0,4.0,1,1,0,1,1
959,1,1,0,0,4.0,1,1,0,1,1
960,1,1,0,0,4.0,1,1,0,1,1
961,1,1,0,0,4.0,1,1,0,1,1
962,1,1,0,0,4.0,1,1,0,1,1
963,1,1,0,0,4.0,1,1,0,1,1
964,0,1,0,0,4.0,1,1,0,0,1
965,0,1,0,0,4.0,1,1,0,0,1
966,0,1,0,0,4.0,1,1,0,0,1
967,0,1,0,0,4.0,1,1,0,0,1
968,0,1,0,0,4.0,1,1,0,0,1
969,1,1,0,0,4.0,1,1,0,1,1
970,0,1,0,0,4.0,1,1,0,0,1
971,0,1,0,0,4.0,1,1,0,0,1
972,1,1,0,0,4.0,1,1,0,1,1
973,1,1,0,0,4.0,1,1,0,1,1
974,1,1,0,0,4.0,1,0,0,0,1
975,1,1,0,0,4.0,1,0,0,0,1
976,1,1,0,0,4.0,1,1,0,1,1
977,0,1,0,0,4.0,1,1,0,0,1
978,0,0,0,0,4.0,1,0,0,0,1
979,0,0,0,0,4.0,1,0,0,0,1
980,1,0,0,0,4.0,1,0,0,0,1
981,0,0,0,0,4.0,1,0,0,0,1
982,0,0,0,0,0.0,1,0,0,0,1
983,0,0,0,0,0.0,1,0,0,0,1
984,0,0,0,0,0.0,1,0,0,0,1
985,1,0,0,0,0.0,1,0,0,0,1
986,1,0,0,0,0.0,1,0,0,0,1
987,1,0,0,0,0.0,1,0,0,0,1
988,1,1,0,0,0.0,1,0,0,0,1
989,0,0,0,0,0.0,1,1,0,0,1
990,0,1,0,0,0.0,1,1,0,0,1
991,0,0,0,0,0.0,1,1,0,0,1
992,0,0,0,0,0.0,1,1,0,0,1
993,0,0,0,0,0.0,1,0,0,0,1
994,0,0,0,0,0.0,1,0,0,0,1
995,0,0,0,0,0.0,1,0,0,0,1
996,0,0,0,0,0.0,1,0,0,0,1
997,0,0,0,0,0.0,1,0,0,0,1
998,0,0,0,0,0.0,1,0,0,0,1
999,0,0,0,0,0.0,1,0,0,0,1
1000,1,0,0,0,0.0,1,0,0,0,1
1001,1,0,0,0,0.0,1,0,0,0,1
1002,1,1,0,0,4.0,1,0,0,0,1
1003,1,1,0,0,4.0,1,0,0,0,1
1004,1,1,0,0,4.0,1,0,0,0,1
1005,1,1,0,0,4.0,1,0,0,0,1
1006,1,1,0,0,4.0,1,0,0,0,1
1007,1,1,0,0,4.0,1,1,0,1,1
1008,0,1,0,0,4.0,1,1,0,0,1
1009,1,1,0,0,4.0,1,1,0,1,1
1010,1,1,0,0,4.0,1,1,0,1,1
1011,1,1,0,0,4.0,1,1,0,1,1
1012,1,1,0,0,4.0,1,1,0,1,1
1013,1,1,0,0,4.0,1,1,0,1,1
1014,1,1,0,0,4.0,1,1,0,1,1
1015,1,1,0,0,4.0,1,1,0,1,1
1016,1,1,0,0,4.0,0,1,0,1,1
1017,1,1,0,0,4.0,0,1,0,1,1
1018,1,1,0,0,4.0,1,1,0,1,1
1019,1,1,0,0,4.0,1,1,0,1,1
1020,1,1,0,0,4.0,1,1,0,1,1
1021,1,1,0,0,4.0,1,1,0,1,1
1022,1,1,0,0,4.0,1,1,0,1,1
1023,1,1,0,0,4.0,1,1,0,1,1
1024,1,1,0,0,4.0,1,1,0,1,0
1025,1,1,0,0,4.0,1,1,0,1,0
1026,1,1,0,0,4.0,1,1,0,1,0
1027,1,1,0,0,4.0,1,1,0,1,0
1028,1,1,0,0,4.0,1,1,0,1,0
1029,1,1,0,0,4.0,1,1,0,1,0
1030,1,1,0,0,4.0,1,1,0,1,0
1031,1,1,0,0,4.0,1,1,0,1,0
1032,1,1,0,0,4.0,1,1,0,1,0
1033,1,1,0,0,4.0,1,1,0,1,0
1034,0,1,0,0,4.0,1,1,0,0,1
1035,1,1,0,0,4.0,1,1,0,1,1
1036,1,1,0,0,4.0,1,1,0,1,1
1037,1,1,0,0,4.0,1,1,0,1,1
1038,1,1,0,0,4.0,1,1,0,1,1
1039,1,1,0,0,4.0,1,1,0,1,1
1040,1,1,0,0,4.0,1,1,0,1,1
1041,1,1,0,0,4.0,1,1,0,1,1
1042,1,1,0,0,4.0,1,1,0,1,1
1043,1,1,0,0,4.0,1,1,0,1,1
1044,1,1,0,0,4.0,1,1,0,1,1
1045,1,1,0,0,4.0,1,1,0,1,1
1046,0,1,0,0,4.0,1,1,0,0,1
1047,0,1,0,0,4.0,1,1,0,0,1
1048,0,1,0,0,4.0,1,1,0,0,1
1049,0,1,0,0,4.0,1,1,0,0,1
1050,1,1,0,0,4.0,1,1,0,1,1
1051,1,1,0,0,4.0,1,1,0,1,1
1052,0,0,0,0,4.0,1,1,0,0,1
1053,0,0,0,0,0.0,1,1,0,0,1
1054,0,0,0,0,0.0,1,1,0,0,1
1055,0,0,0,0,0.0,1,1,0,0,1
1056,0,0,0,0,0.0,1,0,0,0,1
1057,0,0,0,0,0.0,1,0,0,0,1
1058,0,0,0,0,0.0,1,0,0,0,1
1059,0,0,0,0,0.0,1,0,0,0,1
1060,0,0,0,0,0.0,1,0,0,0,1
1061,0,0,0,0,0.0,1,0,0,0,1
1062,1,1,0,0,0.0,1,0,0,0,1
1063,1,0,0,0,0.0,1,0,0,0,1
1064,1,0,0,0,0.0,1,0,0,0,1
1065,1,0,0,0,0.0,1,0,0,0,1
1066,1,0,0,0,0.0,1,0,0,0,1
1067,1,0,0,0,0.0,1,0,0,0,1
1068,0,0,0,0,0.0,1,0,0,0,1
1069,1,0,0,0,0.0,1,0,0,0,1
1070,1,0,0,0,0.0,1,0,0,0,1
1071,1,1,0,0,0.0,1,0,0,0,1
1072,1,1,0,0,0.0,1,1,0,1,1
1073,1,1,0,0,0.0,1,1,0,1,1
1074,1,1,0,0,4.0,1,1,0,1,1
1075,1,1,0,0,4.0,1,1,0,1,1
1076,1,1,0,0,0.0,1,1,0,1,1
1077,1,1,0,0,0.0,1,1,0,1,1
1078,1,1,0,0,4.0,1,1,0,1,1
1079,1,1,0,0,4.0,1,1,0,1,1
1080,1,1,0,0,4.0,0,1,0,1,1
1081,1,1,0,0,4.0,0,1,0,1,1
1082,1,1,0,0,4.0,1,1,0,1,1
1083,1,1,0,0,4.0,1,1,0,1,1
1084,1,1,0,0,4.0,1,1,0,1,1
1085,1,1,0,0,4.0,1,1,0,1,1
1086,1,1,0,0,4.0,1,1,0,1,1
1087,1,1,0,0,4.0,1,1,0,1,0
1088,1,1,0,0,4.0,1,1,0,1,0
1089,1,1,0,0,4.0,1,1,0,1,0
1090,1,1,0,0,4.0,1,1,0,1,0
1091,1,1,0,0,4.0,1,1,0,1,0
1092,1,1,0,0,4.0,1,1,0,1,0
1093,1,1,0,0,4.0,1,1,0,1,0
1094,1,1,0,0,4.0,1,1,0,1,1
1095,1,1,0,0,4.0,1,1,0,1,0
1096,1,1,0,0,4.0,1,1,0,1,0
1097,1,1,0,0,4.0,1,1,0,1,0
1098,0,1,0,0,4.0,1,1,0,0,0
1099,1,1,0,0,4.0,1,1,0,1,0
1100,1,1,0,0,4.0,1,1,0,1,0
1101,0,1,0,0,4.0,1,1,0,0,0
1102,0,1,0,0,4.0,1,1,0,0,0
1103,1,1,0,0,4.0,1,1,0,1,0
1104,1,1,0,0,4.0,1,1,0,1,0
1105,1,1,0,0,4.0,1,1,0,1,0
1106,1,1,0,0,4.0,1,1,0,1,1
1107,1,1,0,0,4.0,1,1,0,1,1
1108,1,1,0,0,4.0,1,1,0,1,1
1109,1,1,0,0,4.0,1,1,0,1,1
1110,1,1,0,0,4.0,1,1,0,1,1
1111,1,1,0,0,4.0,1,1,0,1,1
1112,1,1,0,0,4.0,1,1,0,1,1
1113,1,1,0,0,4.0,1,1,0,1,1
1114,1,1,0,0,4.0,1,1,0,1,1
1115,0,1,0,0,4.0,1,1,0,0,1
1116,0,0,0,0,4.0,1,1,0,0,1
1117,0,0,0,0,4.0,1,1,0,0,1
1118,0,0,0,0,4.0,1,1,0,0,1
1119,0,1,0,0,4.0,1,1,0,0,1
1120,1,1,0,0,4.0,1,1,0,1,1
1121,1,1,0,0,4.0,1,1,0,1,1
1122,1,1,0,0,4.0,1,1,0,1,1
1123,1,1,0,0,4.0,1,1,0,1,1
1124,1,1,0,0,4.0,1,1,0,1,1
1125,1,1,0,0,4.0,1,0,0,0,1
1126,1,1,0,0,4.0,1,1,0,1,1
1127,1,1,0,0,4.0,1,1,0,1,1
1128,1,1,0,0,4.0,1,1,0,1,1
1129,1,1,0,0,4.0,1,1,0,1,1
1130,1,1,0,0,4.0,1,1,0,1,1
1131,1,1,0,0,4.0,1,1,0,1,1
1132,1,1,0,0,4.0,1,1,0,1,1
1133,1,1,0,0,4.0,1,1,0,1,1
1134,1,1,0,0,4.0,1,1,0,1,1
1135,1,1,0,0,4.0,1,1,0,1,1
1136,1,1,0,0,4.0,1,1,0,1,1
1137,1,1,0,0,4.0,1,1,0,1,1
1138,1,1,0,0,4.0,1,1,0,1,1
1139,1,1,0,0,4.0,1,1,0,1,1
1140,1,1,0,0,4.0,1,1,0,1,1
1141,1,1,0,0,4.0,1,1,0,1,1
1142,1,1,0,0,4.0,1,1,0,1,1
1143,1,1,0,0,4.0,1,1,0,1,1
1144,1,1,0,0,4.0,1,1,0,1,1
1145,1,1,0,0,4.0,1,1,0,1,1
1146,1,1,0,0,4.0,1,1,0,1,1
1147,1,1,0,0,4.0,1,1,0,1,1
1148,1,1,0,0,4.0,1,1,0,1,1
1149,1,1,0,0,4.0,1,1,0,1,1
1150,1,1,0,0,4.0,1,1,0,1,1
1151,1,1,0,0,4.0,1,1,0,1,1
1152,1,1,0,0,4.0,1,1,0,1,1
1153,1,1,0,0,4.0,1,1,0,1,1
1154,1,1,0,0,4.0,1,1,0,1,1
1155,0,1,0,0,4.0,1,1,0,0,1
1156,0,1,0,0,4.0,1,1,0,0,1
1157,0,0,0,0,4.0,1,1,0,0,1
1158,0,1,0,0,4.0,1,1,0,0,1
1159,0,0,0,0,4.0,1,1,0,0,1
1160,0,0,0,0,4.0,1,1,0,0,1
1161,1,1,0,0,4.0,1,1,0,1,1
1162,1,1,0,0,4.0,1,1,0,1,1
1163,0,0,0,0,4.0,1,0,0,0,1
1164,0,0,0,0,4.0,1,0,0,0,1
1165,0,0,0,0,4.0,1,0,0,0,1
1166,0,0,0,0,4.0,1,0,0,0,1
1167,0,0,0,0,0.0,1,0,0,0,1
1168,1,0,0,0,0.0,1,0,0,0,1
1169,1,0,0,0,0.0,1,0,0,0,1
1170,1,0,0,0,4.0,1,0,0,0,1
1171,1,1,0,0,4.0,1,0,0,0,1
1172,1,1,0,0,4.0,1,0,0,0,1
1173,1,1,0,0,0.0,1,0,0,0,1
1174,0,0,0,0,0.0,1,0,0,0,1
1175,0,0,0,0,0.0,1,0,0,0,1
1176,0,0,0,0,0.0,1,0,0,0,1
1177,0,0,0,0,0.0,1,0,0,0,1
1178,0,0,0,0,0.0,1,0,0,0,1
1179,0,0,0,0,0.0,1,0,0,0,1
1180,0,0,0,0,0.0,1,1,0,0,1
1181,0,0,0,0,0.0,1,1,0,0,1
1182,0,0,0,0,0.0,1,0,0,0,1
1183,0,0,0,0,0.0,1,0,0,0,1
1184,0,0,0,0,0.0,1,0,0,0,1
1185,0,0,0,0,0.0,1,0,0,0,1
1186,1,0,0,0,0.0,1,0,0,0,1
1187,0,0,0,0,0.0,1,0,0,0,1
1188,0,0,0,0,0.0,1,0,0,0,1
1189,0,0,0,0,0.0,1,0,0,0,1
1190,0,0,0,0,0.0,1,0,0,0,1
1191,1,0,0,0,0.0,1,0,0,0,1
1192,0,0,0,0,0.0,1,0,0,0,1
1193,0,0,0,0,0.0,1,0,0,0,1
1194,1,0,0,0,0.0,1,0,0,0,1
1195,0,0,0,0,0.0,1,0,0,0,1
1196,0,0,0,0,0.0,1,0,0,0,1
1197,0,0,0,0,0.0,1,0,0,0,1
1198,0,0,0,0,0.0,0,0,0,0,1
1199,0,0,0,0,0.0,0,0,0,0,1
1200,0,0,0,0,0.0,0,0,0,0,1
1201,0,0,0,0,0.0,0,0,0,0,1
1202,0,0,0,0,0.0,0,0,0,0,1
1203,0,0,0,0,0.0,0,0,0,0,1
1204,0,0,0,0,0.0,0,0,0,0,1
1205,1,0,0,0,0.0,0,0,0,0,1
1206,1,0,0,0,0.0,0,0,0,0,1
1207,1,0,0,0,0.0,0,0,0,0,1
1208,1,0,0,0,0.0,0,0,0,0,0
1209,1,0,0,0,0.0,0,0,0,0,0
1210,1,0,0,0,0.0,0,0,0,0,0
1211,1,0,0,0,0.0,0,0,0,0,0
1212,1,1,0,0,0.0,0,0,0,0,0
1213,1,1,0,0,0.0,0,0,0,0,0
1214,1,1,0,0,4.0,0,1,0,1,0
1215,1,1,0,0,0.0,0,1,0,1,0
1216,1,1,0,0,0.0,0,1,0,1,0
1217,1,1,0,0,4.0,0,1,0,1,0
1218,1,1,0,0,0.0,0,1,0,1,0
1219,0,1,0,0,0.0,0,1,0,0,0
1220,0,1,0,0,0.0,0,1,0,0,0
1221,0,1,0,0,0.0,0,1,0,0,0
1222,0,1,0,0,0.0,0,1,0,0,0
1223,0,1,0,0,4.0,0,1,0,0,0
1224,1,1,0,0,4.0,0,1,0,1,0
1225,0,1,0,0,4.0,0,1,0,0,0
1226,1,1,0,0,4.0,0,1,0,1,0
1227,1,1,0,0,4.0,0,1,0,1,0
1228,1,1,0,0,4.0,0,1,0,1,0
1229,1,1,0,0,4.0,0,1,0,1,0
1230,1,1,0,0,4.0,0,1,0,1,0
1231,1,1,0,0,4.0,0,1,0,1,0
1232,0,1,0,0,4.0,0,1,0,0,0
1233,0,0,0,0,4.0,0,1,0,0,0
1234,0,0,0,0,4.0,0,1,0,0,0
1235,0,0,0,0,0.0,0,0,0,0,0
1236,0,0,0,0,4.0,0,0,0,0,0
1237,0,0,0,0,0.0,0,0,0,0,0
1238,0,0,0,0,0.0,0,0,0,0,0
1239,0,0,0,0,0.0,0,0,0,0,0
1240,0,0,0,0,0.0,0,0,0,0,0
1241,0,0,0,0,0.0,0,0,0,0,0
1242,0,0,0,0,0.0,0,0,0,0,0
1243,0,0,0,0,0.0,0,0,0,0,0
1244,0,0,0,0,0.0,0,0,0,0,0
1245,1,0,0,0,0.0,0,0,0,0,0
1246,1,0,0,0,0.0,0,0,0,0,0
1247,1,0,0,0,0.0,0,0,0,0,0
1248,1,0,0,0,0.0,0,0,0,0,0
1249,1,0,0,0,0.0,0,0,0,0,0
1250,1,0,0,0,0.0,0,0,0,0,0
1251,0,0,0,0,0.0,0,0,0,0,0
1252,0,0,0,0,0.0,0,0,0,0,0
1253,0,0,0,0,0.0,0,0,0,0,0
1254,0,0,0,0,0.0,0,0,0,0,0
1255,0,0,0,0,0.0,0,0,0,0,0
1256,0,0,0,0,0.0,0,0,0,0,0
1257,0,0,0,0,0.0,0,0,0,0,0
1258,0,0,0,0,0.0,0,0,0,0,1
1259,0,0,0,0,0.0,0,0,0,0,1
1260,0,0,0,0,0.0,0,0,0,0,1
1261,0,0,0,0,0.0,0,0,0,0,1
1262,0,0,0,0,0.0,0,0,0,0,1
1263,0,0,0,0,0.0,0,0,0,0,1
1264,0,0,0,0,0.0,0,0,0,0,1
1265,0,0,0,0,0.0,0,0,0,0,1
1266,0,0,0,0,0.0,0,0,0,0,1
1267,0,0,0,0,0.0,0,0,0,0,1
1268,1,1,0,0,0.0,0,0,0,0,1
1269,1,1,0,0,0.0,0,0,0,0,1
1270,1,1,0,0,0.0,0,0,0,0,1
1271,1,1,0,0,0.0,0,0,0,0,1
1272,1,1,0,0,0.0,0,0,0,0,0
1273,1,1,0,0,0.0,0,0,0,0,0
1274,1,1,0,0,0.0,0,0,0,0,0
1275,1,1,0,0,0.0,0,0,0,0,0
1276,1,1,0,0,4.0,0,1,0,1,0
1277,1,1,0,0,4.0,0,1,0,1,0
1278,1,1,0,0,4.0,0,1,0,1,1
1279,1,1,0,0,4.0,0,1,0,1,1
1280,1,1,0,0,4.0,0,1,0,1,0
1281,1,1,0,0,4.0,0,1,0,1,0
1282,1,1,0,0,4.0,0,1,0,1,0
1283,1,1,0,0,4.0,0,1,0,1,0
1284,1,1,0,0,4.0,0,1,0,1,0
1285,1,1,0,0,4.0,0,1,0,1,0
1286,1,1,0,0,4.0,0,1,0,1,0
1287,0,1,0,0,4.0,0,1,0,0,0
1288,0,1,0,0,4.0,0,1,0,0,0
1289,1,1,0,0,4.0,0,1,0,1,0
1290,1,1,0,0,4.0,0,1,0,1,0
1291,1,1,0,0,4.0,0,1,0,1,0
1292,1,1,0,0,4.0,0,1,0,1,0
1293,0,1,0,0,4.0,0,1,0,0,0
1294,0,1,0,0,4.0,0,1,0,0,0
1295,0,1,0,0,4.0,0,1,0,0,0
1296,0,1,0,0,4.0,0,1,0,0,0
1297,0,0,0,0,4.0,0,1,0,0,0
1298,0,0,0,0,4.0,0,1,0,0,0
1299,0,0,0,0,4.0,0,1,0,0,0
1300,0,0,0,0,4.0,0,1,0,0,0
1301,0,0,0,0,4.0,0,0,0,0,0
1302,0,0,0,0,0.0,0,0,0,0,0
1303,0,0,0,0,0.0,0,0,0,0,0
1304,0,0,0,0,0.0,0,0,0,0,0
1305,0,0,0,0,0.0,0,0,0,0,0
1306,1,0,0,0,0.0,0,0,0,0,0
1307,0,0,0,0,0.0,0,0,0,0,0
1308,0,0,0,0,0.0,0,0,0,0,0
1309,0,0,0,0,0.0,1,0,0,0,0
1310,0,0,0,0,0.0,1,0,0,0,1
1311,0,0,0,0,0.0,1,0,0,0,1
1312,0,0,0,0,0.0,1,0,0,0,1
1313,0,0,0,0,0.0,1,0,0,0,1
1314,0,0,0,0,0.0,1,0,0,0,1
1315,0,0,0,0,0.0,1,0,0,0,1
1316,0,0,0,0,0.0,1,0,0,0,1
1317,0,0,0,0,0.0,1,0,0,0,1
1318,1,0,0,0,0.0,1,0,0,0,1
1319,1,0,0,0,0.0,1,0,0,0,1
1320,1,0,0,0,0.0,0,0,0,0,1
1321,1,0,0,0,0.0,0,0,0,0,1
1322,1,0,0,0,0.0,0,0,0,0,1
1323,1,0,0,0,0.0,0,0,0,0,1
1324,1,0,0,0,0.0,0,0,0,0,1
1325,1,0,0,0,0.0,0,0,0,0,1
1326,0,0,0,0,0.0,0,0,0,0,1
1327,0,0,0,0,0.0,0,0,0,0,1
1328,0,0,0,0,0.0,0,0,0,0,1
1329,0,0,0,0,0.0,0,0,0,0,1
1330,0,0,0,0,0.0,0,0,0,0,1
1331,0,0,0,0,0.0,0,0,0,0,1
1332,0,0,0,0,0.0,0,0,0,0,1
1333,0,0,0,0,0.0,0,0,0,0,1
1334,0,0,0,0,0.0,0,0,0,0,1
1335,0,0,0,0,0.0,0,0,0,0,1
1336,1,0,0,0,0.0,0,0,0,0,1
1337,1,0,0,0,0.0,0,0,0,0,1
1338,1,0,0,0,0.0,0,0,0,0,1
1339,0,0,0,0,0.0,0,0,0,0,0
1340,0,0,0,0,0.0,0,0,0,0,0
1341,0,0,0,0,0.0,0,0,0,0,0
1342,0,0,0,0,0.0,0,0,0,0,0
1343,0,0,0,0,0.0,0,0,0,0,0
1344,0,0,0,0,0.0,0,0,0,0,0
1345,0,0,0,0,0.0,0,0,0,0,0
1346,0,0,0,0,0.0,0,0,0,0,0
1347,1,0,0,0,0.0,0,0,0,0,0
1348,1,0,0,0,0.0,0,0,0,0,0
1349,1,0,0,0,0.0,0,0,0,0,0
1350,1,0,0,0,0.0,0,0,0,0,0
1351,1,0,0,0,0.0,0,0,0,0,0
1352,1,0,0,0,0.0,0,0,0,0,0
1353,1,1,0,0,0.0,0,0,0,0,0
1354,1,1,0,0,0.0,0,0,0,0,0
1355,1,1,0,0,4.0,0,1,0,1,0
1356,1,1,0,0,4.0,0,1,0,1,0
1357,0,0,0,0,0.0,0,1,0,0,0
1358,0,1,0,0,0.0,0,1,0,0,0
1359,0,0,0,0,0.0,0,1,0,0,0
1360,0,0,0,0,0.0,0,1,0,0,0
1361,0,0,0,0,0.0,0,1,0,0,0
1362,0,1,0,0,0.0,0,1,0,0,0
1363,1,1,0,0,0.0,0,1,0,1,0
1364,1,1,0,0,4.0,0,1,0,1,0
1365,1,1,0,0,4.0,0,1,0,1,0
1366,1,1,0,0,4.0,0,1,0,1,0
1367,1,1,0,0,4.0,0,1,0,1,0
1368,1,1,0,0,4.0,0,1,0,1,0
1369,1,1,0,0,4.0,0,1,0,1,0
1370,1,1,0,0,4.0,0,1,0,1,0
1371,1,1,0,0,4.0,0,1,0,1,0
1372,1,1,0,0,4.0,0,1,0,1,0
1373,1,1,0,0,4.0,0,1,0,1,0
1374,1,1,0,0,4.0,0,1,0,1,0
1375,1,1,0,0,4.0,0,1,0,1,0
1376,1,1,0,0,4.0,0,1,0,1,0
1377,1,1,0,0,4.0,0,1,0,1,0
1378,0,1,0,0,4.0,0,1,0,0,0
1379,0,1,0,0,4.0,1,1,0,0,0
1380,0,1,0,0,4.0,1,1,0,0,0
1381,0,1,0,0,4.0,1,1,0,0,0
1382,0,0,0,0,4.0,1,1,0,0,0
1383,0,0,0,0,4.0,1,1,0,0,0
1384,0,0,0,0,4.0,1,1,0,0,0
1385,0,0,0,0,4.0,1,1,0,0,0
1386,0,0,0,0,4.0,1,0,0,0,0
1387,0,0,0,0,4.0,1,0,0,0,0
1388,0,0,0,0,0.0,1,0,0,0,0
1389,0,0,0,0,0.0,1,0,0,0,0
1390,0,0,0,0,0.0,1,0,0,0,0
1391,0,0,0,0,0.0,1,0,0,0,0
1392,0,0,0,0,0.0,1,0,0,0,0
1393,0,0,0,0,0.0,1,0,0,0,0
1394,0,0,0,0,0.0,1,0,0,0,1
1395,1,0,0,0,0.0,1,0,0,0,1
1396,1,0,0,0,0.0,1,0,0,0,1
1397,1,0,0,0,0.0,1,0,0,0,1
1398,1,0,0,0,0.0,1,0,0,0,1
1399,1,0,0,0,0.0,0,0,0,0,1
1400,0,0,0,0,0.0,0,0,0,0,1
1401,1,0,0,0,0.0,0,0,0,0,1
1402,1,0,0,0,0.0,0,0,0,0,1
1403,1,0,0,0,0.0,0,0,0,0,1
1404,1,0,0,0,0.0,0,0,0,0,1
1405,1,1,0,0,0.0,0,0,0,0,1
1406,1,1,0,0,0.0,0,0,0,0,1
1407,1,1,0,0,0.0,0,0,0,0,1
1408,1,1,0,0,0.0,0,1,0,1,1
1409,1,1,0,0,0.0,0,1,0,1,1
1410,1,1,0,0,4.0,0,1,0,1,1
1411,1,1,0,0,4.0,0,1,0,1,1
1412,1,1,0,0,4.0,0,1,0,1,1
1413,1,1,0,0,4.0,0,1,0,1,1
1414,0,1,0,0,4.0,0,1,0,0,0
1415,0,0,0,0,4.0,0,1,0,0,0
1416,0,0,0,0,4.0,0,1,0,0,0
1417,0,0,0,0,0.0,0,1,0,0,0
1418,0,0,0,0,4.0,0,0,0,0,0
1419,0,0,0,0,4.0,0,0,0,0,0
1420,0,0,0,0,0.0,0,0,0,0,0
1421,0,0,0,0,0.0,0,0,0,0,0
1422,0,0,0,0,4.0,0,0,0,0,0
1423,1,0,0,0,4.0,0,0,0,0,0
1424,1,0,0,0,4.0,0,0,0,0,0
1425,1,0,0,0,4.0,0,0,0,0,0
1426,0,0,0,0,0.0,0,0,0,0,0
1427,0,0,0,0,0.0,0,0,0,0,0
1428,0,0,0,0,0.0,0,0,0,0,0
1429,1,0,0,0,0.0,0,0,0,0,0
1430,1,0,0,0,4.0,0,0,0,0,0
1431,1,0,0,0,0.0,0,0,0,0,0
1432,1,0,0,0,0.0,0,0,0,0,0
1433,1,0,0,0,0.0,0,0,0,0,0
1434,0,0,0,0,0.0,0,0,0,0,0
1435,0,0,0,0,0.0,0,0,0,0,0
1436,1,0,0,0,0.0,0,0,0,0,0
1437,1,0,0,0,0.0,0,0,0,0,0
1438,1,0,0,0,0.0,0,0,0,0,0
1439,1,0,0,0,0.0,0,0,0,0,0
1440,1,1,0,0,0.0,0,1,0,1,0
1441,0,1,0,0,4.0,0,1,0,0,0
1442,0,0,0,0,4.0,0,1,0,0,0
1443,0,1,0,0,4.0,0,1,0,0,0
1444,1,1,0,0,4.0,0,1,0,1,0
1445,0,1,0,0,4.0,0,1,0,0,0
1446,1,1,0,0,4.0,0,1,0,1,0
1447,1,1,0,0,4.0,0,1,0,1,0
1448,1,1,0,0,4.0,0,1,0,1,0
1449,1,1,0,0,4.0,0,1,0,1,0
1450,0,0,0,0,0.0,0,0,0,0,0
1451,0,0,0,0,0.0,0,0,0,0,0
1452,0,0,0,0,4.0,0,0,0,0,0
1453,0,0,0,0,0.0,0,0,0,0,0
1454,0,0,0,0,4.0,0,0,0,0,0
1455,0,0,0,0,4.0,0,0,0,0,0
1456,0,0,0,0,0.0,0,0,0,0,0
1457,0,0,0,0,0.0,0,0,0,0,0
1458,0,0,0,0,0.0,0,0,0,0,0
1459,0,0,0,0,0.0,0,0,0,0,0
1460,0,0,0,0,4.0,0,1,0,0,0
1461,0,0,0,0,0.0,0,1,0,0,0
1462,0,0,0,0,0.0,0,1,0,0,0
1463,0,0,0,0,0.0,0,0,0,0,1
1464,0,0,0,0,0.0,0,0,0,0,1
1465,0,0,0,0,0.0,0,0,0,0,1
1466,0,0,0,0,0.0,0,0,0,0,0
1467,0,0,0,0,0.0,0,0,0,0,0
1468,0,0,0,0,0.0,0,0,0,0,0
1469,0,0,0,0,0.0,0,0,0,0,0
1470,0,0,0,0,0.0,0,0,0,0,0
1471,0,0,0,0,0.0,0,0,0,0,0
1472,0,0,0,0,0.0,0,0,0,0,0
1473,0,0,0,0,0.0,0,0,0,0,0
1474,0,0,0,0,0.0,0,0,0,0,0
1475,0,0,0,0,0.0,0,0,0,0,0
1476,1,0,0,0,4.0,0,0,0,0,0
1477,1,0,0,0,4.0,0,0,0,0,0
1478,1,0,0,0,4.0,0,0,0,0,0
1479,0,0,0,0,4.0,0,0,0,0,0
1480,0,0,0,0,0.0,0,0,0,0,0
1481,0,0,0,0,0.0,0,0,0,0,0
1482,0,0,0,0,0.0,0,0,0,0,0
1483,0,0,0,0,0.0,0,1,0,0,0
1484,0,0,0,0,0.0,0,0,0,0,0
1485,0,0,0,0,0.0,0,0,0,0,0
1486,0,0,0,0,0.0,0,0,0,0,0
1487,0,0,0,0,0.0,0,0,0,0,0
1488,0,0,0,0,0.0,0,0,0,0,0
1489,0,0,0,0,0.0,0,0,0,0,0
1490,0,0,0,0,0.0,0,0,0,0,0
1491,0,0,0,0,0.0,0,0,0,0,0
1492,0,0,0,0,0.0,0,0,0,0,0
1493,0,0,0,0,0.0,0,0,0,0,0
1494,0,0,0,0,0.0,0,0,0,0,0
1495,0,0,0,0,0.0,0,0,0,0,0
1496,0,0,0,0,0.0,0,0,0,0,0
1497,0,0,0,0,0.0,0,0,0,0,0
1498,0,0,0,0,0.0,0,0,0,0,0
1499,1,0,0,0,0.0,0,0,0,0,0
1500,0,0,0,0,0.0,0,0,0,0,0
1501,1,0,0,0,0.0,0,0,0,0,0
1502,1,0,0,0,0.0,0,0,0,0,0
1503,0,0,0,0,0.0,0,0,0,0,0
1504,0,0,0,0,0.0,0,0,0,0,0
1505,0,0,0,0,0.0,0,0,0,0,0
1506,0,0,0,0,0.0,0,0,0,0,0
1507,0,0,0,0,0.0,0,0,0,0,0
1508,0,0,0,0,0.0,0,0,0,0,0
1509,0,0,0,0,0.0,0,0,0,0,0
1510,0,0,0,0,0.0,0,0,0,0,0
1511,0,0,0,0,0.0,0,0,0,0,0
1512,0,0,0,0,0.0,0,0,0,0,0
1513,0,0,0,0,0.0,0,0,0,0,0
1514,0,0,0,0,0.0,0,0,0,0,0
1515,0,0,0,0,0.0,0,0,0,0,0
1516,0,0,0,0,0.0,0,0,0,0,0
1517,1,0,0,0,0.0,0,0,0,0,0
1518,1,0,0,0,0.0,0,0,0,0,0
1519,1,0,0,0,0.0,0,0,0,0,0
1520,1,1,0,0,4.0,0,0,0,0,0
1521,1,1,0,0,0.0,0,0,0,0,0
1522,1,1,0,0,4.0,0,0,0,0,0
1523,1,1,0,0,4.0,0,0,0,0,0
1524,1,1,0,0,0.0,0,0,0,0,0
1525,1,1,0,0,0.0,0,1,0,1,0
1526,0,1,0,0,0.0,0,1,0,0,0
1527,0,0,0,0,0.0,0,1,0,0,0
1528,0,1,0,0,0.0,0,1,0,0,0
1529,0,1,0,0,0.0,0,1,0,0,0
1530,0,1,0,0,0.0,0,1,0,0,0
1531,0,1,0,0,0.0,0,1,0,0,0
1532,0,1,0,0,4.0,0,1,0,0,0
1533,1,1,0,0,4.0,0,1,0,1,0
1534,1,1,0,0,4.0,0,1,0,1,0
1535,1,1,0,0,4.0,0,1,0,1,0
1536,1,1,0,0,4.0,0,1,0,1,0
1537,1,1,0,0,4.0,0,1,0,1,0
1538,1,1,0,0,4.0,0,1,0,1,0
1539,1,1,0,0,4.0,0,1,0,1,0
1540,1,1,0,0,4.0,0,1,0,1,0
1541,0,0,0,0,4.0,0,1,0,0,0
1542,0,0,0,0,4.0,0,1,0,0,0
1543,0,0,0,0,4.0,0,1,0,0,0
1544,0,0,0,0,0.0,0,0,0,0,0
1545,0,0,0,0,0.0,0,0,0,0,0
1546,0,0,0,0,0.0,0,0,0,0,0
1547,0,0,0,0,0.0,0,0,0,0,0
1548,0,0,0,0,0.0,0,0,0,0,0
1549,0,0,0,0,0.0,0,0,0,0,0
1550,1,0,0,0,0.0,0,0,0,0,0
1551,0,0,0,0,0.0,0,0,0,0,0
1552,0,0,0,0,0.0,0,0,0,0,0
1553,0,0,0,0,0.0,0,0,0,0,0
1554,0,0,0,0,0.0,0,0,0,0,0
1555,0,0,0,0,0.0,0,0,0,0,0
1556,0,0,0,0,0.0,0,0,0,0,0
1557,0,0,0,0,0.0,0,0,0,0,0
1558,0,0,0,0,0.0,0,0,0,0,0
1559,0,0,0,0,0.0,0,0,0,0,0
1560,0,0,0,0,0.0,0,0,0,0,0
1561,0,0,0,0,0.0,0,0,0,0,0
1562,0,0,0,0,0.0,0,0,0,0,0
1563,0,0,0,0,0.0,0,0,0,0,0
1564,0,0,0,0,0.0,0,0,0,0,0
1565,0,0,0,0,0.0,0,0,0,0,0
1566,0,0,0,0,0.0,0,0,0,0,0
1567,0,0,0,0,0.0,0,0,0,0,0
1568,0,0,0,0,0.0,0,0,0,0,0
1569,0,0,0,0,0.0,0,0,0,0,0
1570,1,1,0,0,4.0,0,0,0,0,1
1571,1,1,0,0,0.0,0,0,0,0,1
1572,1,1,0,0,4.0,0,0,0,0,1
1573,1,1,0,0,0.0,0,0,0,0,1
1574,1,1,0,0,0.0,0,0,0,0,1
1575,1,1,0,0,0.0,0,0,0,0,1
1576,1,1,0,0,0.0,0,0,0,0,0
1577,1,1,0,0,4.0,0,0,0,0,0
1578,1,1,0,0,4.0,0,0,0,0,0
1579,1,1,0,0,4.0,0,1,0,1,0
1580,1,1,0,0,4.0,0,1,0,1,1
1581,1,1,0,0,4.0,0,1,0,1,1
1582,1,1,0,0,4.0,0,1,0,1,1
1583,1,1,0,0,4.0,0,1,0,1,1
1584,1,1,0,0,4.0,0,1,0,1,1
1585,1,1,0,0,4.0,1,1,0,1,0
1586,0,1,0,0,4.0,1,1,0,0,0
1587,0,1,0,0,4.0,1,1,0,0,0
1588,0,1,0,0,4.0,1,1,0,0,0
1589,0,1,0,0,4.0,1,1,0,0,0
1590,0,1,0,0,4.0,1,1,0,0,0
1591,0,1,0,0,4.0,1,1,0,0,0
1592,0,1,0,0,4.0,1,1,0,0,0
1593,0,1,0,0,4.0,1,1,0,0,0
1594,0,0,0,0,4.0,1,1,0,0,0
1595,1,1,0,0,4.0,0,1,0,1,0
1596,1,0,0,0,4.0,1,0,0,0,0
1597,1,1,0,0,4.0,1,0,0,0,0
1598,1,0,0,0,4.0,1,0,0,0,0
1599,1,1,0,0,4.0,1,0,0,0,0
1600,1,1,0,0,4.0,1,0,0,0,0
1601,1,0,0,0,4.0,1,0,0,0,0
1602,1,0,0,0,4.0,1,0,0,0,0
1603,1,0,0,0,4.0,1,0,0,0,0
1604,0,1,0,0,4.0,1,1,0,0,0
1605,1,1,0,0,4.0,1,0,0,0,0
1606,1,1,0,0,4.0,1,0,0,0,0
1607,1,1,0,0,4.0,1,0,0,0,1
1608,1,1,0,0,4.0,1,0,0,0,1
1609,1,1,0,0,4.0,1,1,0,1,1
1610,1,1,0,0,4.0,1,1,0,1,1
1611,1,1,0,0,0.0,1,1,0,1,1
1612,1,1,0,0,4.0,1,1,0,1,1
1613,1,1,0,0,4.0,1,1,0,1,1
1614,0,1,0,0,4.0,1,1,0,0,1
1615,0,1,0,0,4.0,1,1,0,0,1
1616,0,1,0,0,4.0,1,1,0,0,1
1617,1,1,0,0,4.0,1,1,0,1,1
1618,1,1,0,0,4.0,1,1,0,1,1
1619,1,1,0,0,4.0,1,1,0,1,1
1620,0,1,0,0,4.0,1,1,0,0,1
1621,0,1,0,0,4.0,1,1,0,0,1
1622,1,1,0,0,4.0,1,1,0,1,1
1623,1,1,0,0,4.0,1,1,0,1,1
1624,1,1,0,0,4.0,1,1,0,1,1
1625,1,1,0,0,4.0,1,1,0,1,1
1626,1,1,0,0,4.0,1,1,0,1,1
1627,1,1,0,0,4.0,1,1,0,1,1
1628,1,1,0,0,4.0,1,1,0,1,1
1629,1,1,0,0,4.0,1,1,0,1,1
1630,1,1,0,0,4.0,1,1,0,1,1
1631,1,1,0,0,4.0,1,1,0,1,1
1632,0,1,0,0,4.0,1,1,0,0,1
1633,0,1,0,0,4.0,1,1,0,0,1
1634,0,1,0,0,4.0,1,1,0,0,1
1635,0,1,0,0,4.0,1,1,0,0,1
1636,0,1,0,0,4.0,1,1,0,0,1
1637,1,1,0,0,4.0,1,1,0,1,1
1638,1,1,0,0,4.0,1,1,0,1,1
1639,1,1,0,0,4.0,1,1,0,1,1
1640,1,1,0,0,4.0,1,1,0,1,1
1641,1,1,0,0,4.0,1,1,0,1,1
1642,1,1,0,0,4.0,1,1,0,1,1
1643,1,1,0,0,4.0,1,1,0,1,1
1644,1,1,0,0,4.0,1,1,0,1,1
1645,1,1,0,0,4.0,1,1,0,1,1
1646,0,1,0,0,4.0,1,1,0,0,1
1647,0,1,0,0,4.0,1,1,0,0,1
1648,0,1,0,0,4.0,1,1,0,0,1
1649,0,1,0,0,4.0,1,1,0,0,1
1650,0,1,0,0,4.0,1,1,0,0,1
1651,0,1,0,0,4.0,1,1,0,0,1
1652,0,1,0,0,4.0,1,1,0,0,1
1653,1,1,0,0,4.0,1,1,0,1,1
1654,1,1,0,0,4.0,1,1,0,1,1
1655,1,1,0,0,4.0,1,1,0,1,1
1656,1,1,0,0,4.0,1,1,0,1,1
1657,1,1,0,0,4.0,1,1,0,1,1
1658,1,1,0,0,4.0,1,1,0,1,1
1659,1,1,0,0,4.0,1,1,0,1,1
1660,1,1,0,0,4.0,1,1,0,1,1
1661,1,1,0,0,4.0,1,1,0,1,1
1662,1,1,0,0,4.0,1,1,0,1,1
1663,1,1,0,0,4.0,1,1,0,1,1
1664,1,1,0,0,4.0,1,1,0,1,1
1665,1,1,0,0,4.0,1,1,0,1,1
1666,1,1,0,0,4.0,1,1,0,1,1
1667,1,1,0,0,4.0,1,1,0,1,1
1668,1,1,0,0,4.0,1,1,0,1,1
1669,1,1,0,0,4.0,1,1,0,1,1
1670,1,1,0,0,4.0,1,1,0,1,1
1671,1,1,0,0,4.0,1,1,0,1,1
1672,1,1,0,0,4.0,1,1,0,1,1
1673,1,1,0,0,4.0,1,1,0,1,1
1674,1,1,0,0,4.0,1,1,0,1,1
1675,1,1,0,0,4.0,1,1,0,1,1
1676,1,1,0,0,4.0,1,1,0,1,1
1677,1,1,0,0,4.0,1,1,0,1,1
1678,1,1,0,0,4.0,1,1,0,1,1
1679,1,1,0,0,4.0,1,1,0,1,1
1680,1,1,0,0,4.0,1,1,0,1,1
1681,1,1,0,0,4.0,1,1,0,1,1
1682,1,1,0,0,4.0,1,1,0,1,1
1683,1,1,0,0,4.0,1,1,0,1,1
1684,1,1,0,0,4.0,1,1,0,1,1
1685,0,1,0,0,4.0,1,1,0,0,1
1686,0,1,0,0,4.0,1,1,0,0,1
1687,0,1,0,0,4.0,1,1,0,0,1
1688,0,0,0,0,4.0,1,1,0,0,1
1689,0,1,0,0,4.0,1,1,0,0,1
1690,0,0,0,0,4.0,1,1,0,0,1
1691,0,0,0,0,0.0,1,1,0,0,1
1692,0,0,0,0,0.0,1,1,0,0,1
1693,0,0,0,0,4.0,1,1,0,0,1
1694,1,1,0,0,4.0,1,0,0,0,1
1695,1,1,0,0,4.0,1,0,0,0,1
1696,1,1,0,0,4.0,1,0,0,0,1
1697,1,1,0,0,4.0,1,0,0,0,1
1698,1,1,0,0,4.0,1,1,0,1,1
1699,1,1,0,0,4.0,1,1,0,1,1
1700,1,1,0,0,4.0,1,1,0,1,1
1701,1,1,0,0,4.0,1,1,0,1,1
1702,1,1,0,0,4.0,1,1,0,1,1
1703,1,1,0,0,4.0,1,1,0,1,1
1704,1,1,0,0,4.0,1,1,0,1,1
1705,1,1,0,0,4.0,1,1,0,1,1
1706,1,1,0,0,4.0,1,1,0,1,1
1707,1,1,0,0,4.0,1,1,0,1,1
1708,1,1,0,0,4.0,1,1,0,1,1
1709,0,1,0,0,4.0,1,1,0,0,1
1710,1,1,0,0,4.0,1,1,0,1,1
1711,1,1,0,0,4.0,1,1,0,1,1
1712,0,1,0,0,4.0,1,1,0,0,1
1713,0,0,0,0,4.0,1,1,0,0,1
1714,0,1,0,0,4.0,1,1,0,0,1
1715,1,1,0,0,4.0,1,1,0,1,1
1716,0,1,0,0,4.0,1,1,0,0,1
1717,0,1,0,0,4.0,1,1,0,0,1
1718,1,1,0,0,4.0,1,1,0,1,1
1719,1,1,0,0,4.0,1,1,0,1,1
1720,1,1,0,0,4.0,1,1,0,1,1
1721,1,1,0,0,4.0,1,1,0,1,1
1722,1,1,0,0,4.0,1,1,0,1,1
1723,0,1,0,0,4.0,1,1,0,0,1
1724,0,1,0,0,4.0,1,1,0,0,1
1725,0,0,0,0,4.0,1,1,0,0,1
1726,0,0,0,0,4.0,1,1,0,0,1
1727,0,0,0,0,4.0,1,1,0,0,1
1728,0,0,0,0,0.0,1,0,0,0,1
1729,0,0,0,0,0.0,1,0,0,0,1
1730,0,0,0,0,0.0,1,0,0,0,1
1731,0,0,0,0,0.0,1,0,0,0,1
1732,1,0,0,0,0.0,1,0,0,0,1
1733,1,0,0,0,0.0,1,0,0,0,1
1734,1,0,0,0,0.0,1,0,0,0,1
1735,0,0,0,0,0.0,1,0,0,0,1
1736,0,0,0,0,0.0,1,0,0,0,1
1737,0,0,0,0,0.0,1,0,0,0,1
1738,0,0,0,0,0.0,1,0,0,0,1
1739,0,0,0,0,0.0,1,0,0,0,1
1740,0,0,0,0,0.0,1,0,0,0,1
1741,0,0,0,0,0.0,1,0,0,0,1
1742,0,0,0,0,0.0,1,0,0,0,1
1743,1,0,0,0,0.0,1,0,0,0,1
1744,1,0,0,0,0.0,1,0,0,0,1
1745,1,0,0,0,0.0,1,0,0,0,1
1746,1,0,0,0,0.0,1,0,0,0,1
1747,1,0,0,0,0.0,1,0,0,0,1
1748,1,1,0,0,0.0,0,0,0,0,1
1749,1,1,0,0,4.0,1,1,0,1,1
1750,1,1,0,0,4.0,1,1,0,1,1
1751,1,1,0,0,4.0,1,1,0,1,1
1752,1,1,0,0,4.0,1,1,0,1,1
1753,1,1,0,0,4.0,1,1,0,1,1
1754,1,1,0,0,4.0,1,1,0,1,1
1755,0,1,0,0,4.0,1,1,0,0,1
1756,0,1,0,0,4.0,1,1,0,0,1
1757,0,0,0,0,0.0,1,1,0,0,1
1758,0,0,0,0,0.0,1,1,0,0,1
1759,0,0,0,0,0.0,1,1,0,0,1
1760,0,0,0,0,0.0,1,1,0,0,1
1761,0,0,0,0,4.0,1,1,0,0,0
1762,1,1,0,0,4.0,1,0,0,0,0
1763,1,1,0,0,4.0,1,0,0,0,0
1764,0,0,0,0,4.0,1,0,0,0,0
1765,0,0,0,0,4.0,1,0,0,0,1
1766,1,0,0,0,4.0,1,0,0,0,0
1767,0,0,0,0,4.0,1,0,0,0,0
1768,0,0,0,0,4.0,1,0,0,0,0
1769,0,0,0,0,4.0,1,0,0,0,0
1770,0,0,0,0,0.0,1,0,0,0,0
1771,0,0,0,0,0.0,1,0,0,0,0
1772,0,0,0,0,0.0,0,0,0,0,0
1773,0,0,0,0,0.0,0,0,0,0,0
1774,0,0,0,0,0.0,0,0,0,0,0
1775,0,0,0,0,0.0,0,0,0,0,0
1776,1,0,0,0,0.0,0,0,0,0,0
1777,1,0,0,0,0.0,0,0,0,0,0
1778,1,0,0,0,0.0,0,0,0,0,0
1779,1,1,0,0,0.0,0,0,0,0,0
1780,1,0,0,0,0.0,0,0,0,0,0
1781,1,1,0,0,0.0,0,0,0,0,0
1782,1,1,0,0,0.0,0,1,0,1,0
1783,1,1,0,0,4.0,0,1,0,1,0
1784,0,0,0,0,0.0,0,1,0,0,0
1785,0,0,0,0,0.0,0,1,0,0,0
1786,0,1,0,0,4.0,0,1,0,0,0
1787,0,1,0,0,4.0,0,1,0,0,0
1788,0,1,0,0,0.0,0,1,0,0,0
1789,1,1,0,0,0.0,0,1,0,1,0
1790,0,1,0,0,4.0,0,1,0,0,0
1791,1,1,0,0,4.0,0,1,0,1,0
1792,0,1,0,0,0.0,0,1,0,0,0
1793,1,1,0,0,4.0,0,0,0,0,0
1794,1,1,0,0,4.0,0,0,0,0,0
1795,0,0,0,0,0.0,0,0,0,0,0
1796,0,0,0,0,0.0,0,0,0,0,0
1797,0,0,0,0,0.0,0,0,0,0,0
1798,0,0,0,0,0.0,0,0,0,0,0
1799,0,0,0,0,0.0,0,0,0,0,0
1800,0,0,0,0,0.0,0,0,0,0,0
1801,0,0,0,0,0.0,0,0,0,0,0
1802,0,0,0,0,0.0,0,0,0,0,0
1803,0,0,0,0,0.0,0,0,0,0,0
1804,0,0,0,0,0.0,0,0,0,0,0
1805,0,0,0,0,0.0,0,0,0,0,0
1806,0,0,0,0,0.0,0,0,0,0,0
1807,0,0,0,0,0.0,0,0,0,0,0
1808,1,0,0,0,0.0,0,0,0,0,0
1809,0,0,0,0,0.0,0,0,0,0,0
1810,0,0,0,0,0.0,0,0,0,0,0
1811,1,0,0,0,0.0,0,0,0,0,0
1812,1,0,0,0,0.0,0,0,0,0,0
1813,1,0,0,0,0.0,0,0,0,0,0
1814,1,0,0,0,0.0,0,0,0,0,0
1815,1,0,0,0,0.0,0,0,0,0,0
1816,1,0,0,0,0.0,0,0,0,0,0
1817,1,0,0,0,0.0,0,0,0,0,0
1818,1,0,0,0,0.0,0,0,0,0,0
1819,0,0,0,0,0.0,0,0,0,0,0
1820,0,0,0,0,0.0,0,0,0,0,0
1821,0,0,0,0,0.0,0,0,0,0,0
1822,0,0,0,0,0.0,0,0,0,0,0
1823,0,0,0,0,0.0,0,0,0,0,0
1824,1,0,0,0,0.0,0,0,0,0,0
1825,1,0,0,0,0.0,0,0,0,0,0
1826,0,0,0,0,0.0,0,0,0,0,0
1827,0,0,0,0,0.0,0,0,0,0,0
1828,0,0,0,0,0.0,0,0,0,0,0
1829,1,1,0,0,4.0,0,0,0,0,0
1830,1,1,0,0,4.0,0,0,0,0,0
1831,1,1,0,0,4.0,0,0,0,0,0
1832,1,1,0,0,4.0,0,0,0,0,0
1833,1,1,0,0,4.0,0,0,0,0,0
1834,1,1,0,0,4.0,0,0,0,0,0
1835,1,1,0,0,4.0,0,0,0,0,0
1836,1,1,0,0,4.0,0,0,0,0,0
1837,1,1,0,0,4.0,0,1,0,1,0
1838,0,1,0,0,4.0,0,1,0,0,0
1839,0,1,0,0,4.0,0,1,0,0,0
1840,0,1,0,0,4.0,0,1,0,0,0
1841,1,1,0,0,4.0,0,1,0,1,0
1842,1,1,0,0,4.0,0,1,0,1,0
1843,0,1,0,0,4.0,0,1,0,0,0
1844,0,1,0,0,4.0,0,1,0,0,0
1845,0,1,0,0,4.0,0,1,0,0,0
1846,0,1,0,0,4.0,0,1,0,0,0
1847,0,1,0,0,4.0,0,1,0,0,0
1848,0,1,0,0,4.0,0,1,0,0,0
1849,0,0,0,0,4.0,0,1,0,0,0
1850,0,0,0,0,4.0,0,1,0,0,0
1851,0,0,0,0,4.0,0,1,0,0,0
1852,0,0,0,0,4.0,0,1,0,0,0
1853,0,0,0,0,4.0,0,0,0,0,0
1854,0,0,0,0,4.0,0,0,0,0,0
1855,0,0,0,0,0.0,0,0,0,0,0
1856,0,0,0,0,0.0,0,0,0,0,0
1857,0,0,0,0,0.0,0,0,0,0,0
1858,0,0,0,0,0.0,0,0,0,0,0
1859,0,0,0,0,0.0,0,0,0,0,0
1860,0,0,0,0,0.0,0,0,0,0,0
1861,0,0,0,0,0.0,0,0,0,0,0
1862,1,0,0,0,0.0,0,0,0,0,0
1863,1,0,0,0,0.0,0,0,0,0,0
1864,1,0,0,0,0.0,0,0,0,0,1
1865,1,0,0,0,0.0,0,0,0,0,1
1866,1,0,0,0,0.0,0,0,0,0,1
1867,1,0,0,0,0.0,0,0,0,0,1
1868,1,0,0,0,0.0,0,0,0,0,1
1869,0,0,0,0,0.0,0,0,0,0,1
1870,1,0,0,0,0.0,0,0,0,0,1
1871,1,0,0,0,0.0,0,0,0,0,1
1872,1,0,0,0,0.0,0,0,0,0,1
1873,1,0,0,0,0.0,0,0,0,0,1
1874,0,0,0,0,0.0,0,0,0,0,1
1875,0,0,0,0,0.0,0,0,0,0,1
1876,0,0,0,0,0.0,0,0,0,0,1
1877,0,0,0,0,0.0,0,0,0,0,1
1878,0,0,0,0,0.0,0,0,0,0,1
1879,0,0,0,0,0.0,0,0,0,0,0
1880,0,0,0,0,0.0,0,0,0,0,0
1881,0,0,0,0,0.0,0,0,0,0,0
1882,0,0,0,0,0.0,0,0,0,0,0
1883,1,1,0,0,0.0,0,0,0,0,0
1884,1,1,0,0,0.0,0,0,0,0,0
1885,1,1,0,0,4.0,0,0,0,0,0
1886,1,1,0,0,4.0,0,0,0,0,0
1887,1,1,0,0,4.0,0,0,0,0,0
1888,1,1,0,0,0.0,0,0,0,0,0
1889,1,1,0,0,0.0,0,0,0,0,0
1890,1,1,0,0,0.0,0,0,0,0,0
1891,1,1,0,0,0.0,0,0,0,0,0
1892,0,1,0,0,0.0,0,1,0,0,0
1893,0,1,0,0,0.0,0,1,0,0,0
1894,1,1,0,0,4.0,0,1,0,1,0
1895,0,1,0,0,4.0,0,1,0,0,0
1896,0,1,0,0,0.0,0,1,0,0,0
1897,0,1,0,0,0.0,0,1,0,0,0
1898,0,0,0,0,0.0,0,1,0,0,0
1899,1,1,0,0,0.0,0,1,0,1,0
1900,1,1,0,0,4.0,0,1,0,1,0
1901,1,1,0,0,4.0,0,1,0,1,0
1902,1,1,0,0,4.0,0,1,0,1,0
1903,1,1,0,0,4.0,0,1,0,1,0
1904,1,1,0,0,4.0,0,1,0,1,0
1905,1,1,0,0,4.0,0,1,0,1,0
1906,1,1,0,0,4.0,0,1,0,1,0
1907,1,1,0,0,4.0,0,1,0,1,0
1908,1,1,0,0,4.0,0,1,0,1,0
1909,1,1,0,0,4.0,0,1,0,1,0
1910,1,1,0,0,4.0,0,1,0,1,0
1911,1,1,0,0,4.0,0,1,0,1,0
1912,1,1,0,0,4.0,0,1,0,1,0
1913,1,1,0,0,4.0,0,1,0,1,0
1914,1,1,0,0,4.0,0,1,0,1,0
1915,1,1,0,0,4.0,1,1,0,1,0
1916,1,1,0,0,4.0,1,1,0,1,0
1917,1,1,0,0,4.0,1,1,0,1,0
1918,1,1,0,0,4.0,1,1,0,1,0
1919,0,1,0,0,4.0,1,1,0,0,0
1920,0,1,0,0,4.0,1,1,0,0,0
1921,0,1,0,0,4.0,1,1,0,0,0
1922,0,1,0,0,4.0,1,1,0,0,0
1923,1,1,0,0,4.0,1,1,0,1,0
1924,1,1,0,0,4.0,1,1,0,1,0
1925,1,1,0,0,4.0,1,1,0,1,0
1926,1,1,0,0,4.0,1,1,0,1,0
1927,1,1,0,0,4.0,1,1,0,1,0
1928,1,1,0,0,4.0,1,1,0,1,0
1929,1,1,0,0,4.0,1,1,0,1,0
1930,1,1,0,0,4.0,1,1,0,1,0
1931,1,1,0,0,4.0,1,1,0,1,1
1932,1,1,0,0,4.0,1,1,0,1,1
1933,1,1,0,0,4.0,1,1,0,1,1
1934,1,1,0,0,4.0,1,1,0,1,1
1935,1,1,0,0,4.0,1,1,0,1,1
1936,1,1,0,0,4.0,1,1,0,1,1
1937,1,1,0,0,4.0,1,1,0,1,1
1938,1,1,0,0,4.0,1,1,0,1,1
1939,1,1,0,0,4.0,1,1,0,1,1
1940,1,1,0,0,4.0,1,1,0,1,1
1941,1,1,0,0,4.0,1,1,0,1,1
1942,0,1,0,0,4.0,1,1,0,0,1
1943,0,1,0,0,4.0,1,1,0,0,1
1944,0,1,0,0,4.0,1,1,0,0,1
1945,1,1,0,0,4.0,1,1,0,1,1
1946,0,1,0,0,4.0,1,1,0,0,1
1947,0,1,0,0,4.0,1,1,0,0,1
1948,0,1,0,0,4.0,1,1,0,0,1
1949,0,0,0,0,4.0,1,1,0,0,1
1950,0,1,0,0,4.0,1,1,0,0,1
1951,0,0,0,0,4.0,1,1,0,0,1
1952,0,0,0,0,0.0,1,0,0,0,1
1953,0,0,0,0,0.0,1,0,0,0,1
1954,0,0,0,0,0.0,1,0,0,0,1
1955,0,0,0,0,0.0,1,0,0,0,1
1956,0,0,0,0,0.0,1,0,0,0,1
1957,0,0,0,0,0.0,1,0,0,0,1
1958,0,0,0,0,0.0,1,0,0,0,1
1959,0,0,0,0,0.0,1,0,0,0,1
1960,0,0,0,0,0.0,1,0,0,0,1
1961,1,0,0,0,0.0,1,0,0,0,1
1962,1,0,0,0,0.0,1,0,0,0,1
1963,1,0,0,0,0.0,1,0,0,0,1
1964,0,0,0,0,0.0,1,0,0,0,1
1965,0,0,0,0,0.0,1,0,0,0,1
1966,0,0,0,0,0.0,1,0,0,0,1
1967,0,0,0,0,0.0,1,0,0,0,1
1968,0,0,0,0,0.0,0,0,0,0,1
1969,0,0,0,0,0.0,0,0,0,0,1
1970,0,0,0,0,0.0,0,0,0,0,1
1971,0,0,0,0,0.0,0,0,0,0,1
1972,0,0,0,0,0.0,0,0,0,0,1
1973,0,0,0,0,0.0,0,0,0,0,1
1974,0,0,0,0,0.0,0,0,0,0,1
1975,1,0,0,0,0.0,0,0,0,0,1
1976,1,0,0,0,0.0,0,0,0,0,1
1977,1,0,0,0,0.0,0,0,0,0,1
1978,1,0,0,0,0.0,0,0,0,0,1
1979,1,0,0,0,0.0,0,0,0,0,1
1980,1,1,0,0,0.0,0,0,0,0,1
1981,1,1,0,0,0.0,0,0,0,0,1
1982,1,1,0,0,0.0,0,0,0,0,1
1983,1,0,0,0,0.0,0,0,0,0,1
1984,0,0,0,0,0.0,0,0,0,0,1
1985,0,0,0,0,0.0,0,0,0,0,1
1986,1,0,0,0,0.0,0,0,0,0,0
1987,1,0,0,0,0.0,0,0,0,0,0
1988,1,0,0,0,0.0,0,0,0,0,0
1989,1,1,0,0,0.0,0,0,0,0,0
1990,1,1,0,0,0.0,0,1,0,1,0
1991,1,1,0,0,0.0,0,1,0,1,0
1992,1,1,0,0,0.0,0,1,0,1,0
1993,1,1,0,0,0.0,0,1,0,1,0
1994,1,1,0,0,4.0,0,1,0,1,0
1995,1,1,0,0,4.0,0,1,0,1,0
1996,1,1,0,0,4.0,0,1,0,1,0
1997,0,1,0,0,4.0,0,1,0,0,0
1998,0,1,0,0,4.0,0,1,0,0,0
1999,0,1,0,0,4.0,0,1,0,0,0
2000,0,1,0,0,4.0,0,1,0,0,0
2001,0,1,0,0,4.0,0,1,0,0,0
2002,0,1,0,0,4.0,0,1,0,0,0
2003,1,1,0,0,4.0,0,1,0,1,0
2004,0,0,0,0,-1.0,0,0,0,0,0
2005,1,1,0,0,4.0,0,0,0,0,0
2006,1,1,0,0,4.0,0,0,0,0,0
2007,1,1,0,0,4.0,0,0,0,0,0
2008,1,1,0,0,4.0,0,0,0,0,0
2009,1,1,0,0,4.0,0,0,0,0,0
2010,1,1,0,0,4.0,0,0,0,0,0
2011,1,1,0,0,4.0,0,0,0,0,0
2012,1,1,0,0,4.0,0,0,0,0,0
2013,1,1,0,0,4.0,0,1,0,1,0
2014,1,1,0,0,4.0,0,1,0,1,0
2015,1,1,0,0,4.0,0,1,0,1,0
2016,1,1,0,0,4.0,0,1,0,1,0
2017,1,1,0,0,4.0,0,1,0,1,0
2018,1,1,0,0,4.0,0,1,0,1,0
2019,1,1,0,0,4.0,0,1,0,1,0
2020,1,1,0,0,4.0,0,1,0,1,0
2021,1,1,0,0,4.0,0,1,0,1,0
2022,1,1,0,0,4.0,0,1,0,1,0
2023,1,1,0,0,4.0,0,1,0,1,0
2024,1,1,0,0,4.0,0,1,0,1,0
2025,1,1,0,0,4.0,0,1,0,1,0
2026,1,1,0,0,4.0,0,1,0,1,0
2027,0,1,0,0,4.0,0,1,0,0,0
2028,0,1,0,0,4.0,0,1,0,0,0
2029,0,1,0,0,4.0,0,1,0,0,0
2030,1,1,0,0,0.0,1,1,0,1,0
2031,1,1,0,0,4.0,1,1,0,1,0
2032,1,1,0,0,4.0,1,1,0,1,0
2033,1,1,0,0,4.0,1,1,0,1,0
2034,1,1,0,0,4.0,1,1,0,1,0
2035,1,1,0,0,4.0,1,1,0,1,0
2036,1,1,0,0,4.0,1,1,0,1,0
2037,1,1,0,0,4.0,1,1,0,1,0
2038,0,1,0,0,4.0,1,1,0,0,0
2039,0,1,0,0,4.0,1,1,0,0,1
2040,0,1,0,0,4.0,1,1,0,0,1
2041,0,0,0,0,4.0,1,1,0,0,1
2042,0,0,0,0,4.0,1,1,0,0,1
2043,0,0,0,0,4.0,1,1,0,0,1
2044,0,0,0,0,4.0,1,1,0,0,1
2045,1,1,0,0,4.0,1,1,0,1,1
2046,1,1,0,0,4.0,1,0,0,0,1
2047,1,1,0,0,4.0,1,1,0,1,1
2048,1,1,0,0,4.0,1,1,0,1,1
2049,1,1,0,0,4.0,1,1,0,1,1
2050,1,1,0,0,0.0,1,1,0,1,1
2051,1,1,0,0,0.0,1,1,0,1,1
2052,1,1,0,0,4.0,1,1,0,1,1
2053,0,1,0,0,4.0,1,1,0,0,1
2054,0,1,0,0,4.0,1,1,0,0,1
2055,0,1,0,0,4.0,1,1,0,0,1
2056,0,1,0,0,4.0,1,1,0,0,1
2057,0,1,0,0,4.0,1,1,0,0,1
2058,1,1,0,0,4.0,1,1,0,1,1
2059,0,0,0,0,0.0,1,1,0,0,1
2060,0,1,0,0,0.0,1,1,0,0,1
2061,0,1,0,0,0.0,1,1,0,0,1
2062,0,0,0,0,0.0,1,1,0,0,1
2063,0,0,0,0,0.0,1,1,0,0,1
2064,1,1,0,0,4.0,1,1,0,1,1
2065,1,1,0,0,4.0,1,1,0,1,1
2066,0,0,0,0,4.0,1,1,0,0,1
2067,0,0,0,0,4.0,1,1,0,0,1
2068,1,0,0,0,4.0,1,0,0,0,1
2069,1,0,0,0,4.0,1,0,0,0,1
2070,1,1,0,0,4.0,1,0,0,0,1
2071,1,1,0,0,4.0,1,0,0,0,1
2072,0,0,0,0,0.0,1,0,0,0,1
2073,0,0,0,0,0.0,1,0,0,0,1
2074,0,0,0,0,0.0,1,0,0,0,1
2075,0,0,0,0,0.0,1,0,0,0,1
2076,0,0,0,0,0.0,1,0,0,0,1
2077,0,0,0,0,0.0,1,0,0,0,1
2078,0,0,0,0,0.0,1,0,0,0,1
2079,0,0,0,0,0.0,1,0,0,0,1
2080,0,0,0,0,0.0,1,0,0,0,1
2081,0,0,0,0,0.0,1,0,0,0,1
2082,0,0,0,0,0.0,1,0,0,0,1
2083,0,0,0,0,0.0,1,0,0,0,1
2084,1,0,0,0,0.0,1,0,0,0,1
2085,1,0,0,0,0.0,1,0,0,0,1
2086,1,1,0,0,0.0,1,0,0,0,1
2087,1,0,0,0,0.0,1,0,0,0,1
2088,1,0,0,0,0.0,1,0,0,0,1
2089,1,0,0,0,0.0,1,0,0,0,1
2090,1,0,0,0,0.0,1,0,0,0,1
2091,1,0,0,0,0.0,1,0,0,0,1
2092,0,0,0,0,0.0,1,0,0,0,1
2093,0,0,0,0,0.0,1,0,0,0,1
2094,0,0,0,0,0.0,1,0,0,0,1
2095,0,0,0,0,0.0,1,0,0,0,1
2096,0,0,0,0,0.0,1,0,0,0,1
2097,0,0,0,0,0.0,1,0,0,0,1
2098,0,0,0,0,0.0,0,0,0,0,1
2099,1,1,0,0,4.0,0,1,0,1,1
2100,1,1,0,0,4.0,0,1,0,1,1
2101,1,1,0,0,4.0,1,1,0,1,1
2102,1,1,0,0,4.0,1,1,0,1,1
2103,1,1,0,0,4.0,1,1,0,1,1
2104,1,1,0,0,4.0,1,1,0,1,1
2105,1,1,0,0,4.0,1,1,0,1,1
2106,1,1,0,0,4.0,1,1,0,1,1
2107,1,1,0,0,4.0,1,1,0,1,0
2108,1,1,0,0,4.0,1,1,0,1,0
2109,1,1,0,0,4.0,1,1,0,1,0
2110,1,1,0,0,4.0,1,1,0,1,0
2111,1,1,0,0,4.0,1,1,0,1,0
2112,1,1,0,0,4.0,1,1,0,1,0
2113,1,1,0,0,4.0,1,1,0,1,0
2114,1,1,0,0,4.0,1,1,0,1,0
2115,1,1,0,0,4.0,1,1,0,1,0
2116,1,1,0,0,4.0,1,1,0,1,0
2117,1,1,0,0,4.0,1,1,0,1,0
2118,1,1,0,0,4.0,1,1,0,1,0
2119,1,1,0,0,4.0,1,1,0,1,0
2120,0,1,0,0,4.0,1,1,0,0,0
2121,1,1,0,0,4.0,1,1,0,1,0
2122,1,1,0,0,4.0,1,1,0,1,0
2123,1,1,0,0,4.0,1,1,0,1,0
2124,1,1,0,0,4.0,1,1,0,1,0
2125,1,1,0,0,4.0,1,1,0,1,0
2126,1,1,0,0,4.0,1,1,0,1,0
2127,1,1,0,0,4.0,1,1,0,1,0
2128,0,1,0,0,4.0,1,1,0,0,0
2129,1,1,0,0,4.0,1,1,0,1,0
2130,0,1,0,0,4.0,1,1,0,0,1
2131,0,1,0,0,4.0,1,1,0,0,1
2132,0,1,0,0,4.0,1,1,0,0,1
2133,0,1,0,0,4.0,1,1,0,0,1
2134,0,0,0,0,4.0,1,1,0,0,1
2135,0,0,0,0,4.0,1,1,0,0,1
2136,0,0,0,0,0.0,1,0,0,0,1
2137,0,0,0,0,4.0,1,0,0,0,1
2138,0,0,0,0,4.0,1,0,0,0,1
2139,1,0,0,0,4.0,1,0,0,0,1
2140,1,0,0,0,0.0,1,0,0,0,1
2141,1,1,0,0,4.0,1,0,0,0,1
2142,0,0,0,0,0.0,1,0,0,0,1
2143,0,0,0,0,0.0,1,0,0,0,1
2144,0,0,0,0,0.0,1,0,0,0,1
2145,0,0,0,0,0.0,1,0,0,0,1
2146,0,0,0,0,0.0,1,0,0,0,1
2147,0,0,0,0,0.0,1,0,0,0,1
2148,0,0,0,0,0.0,1,0,0,0,1
2149,0,0,0,0,0.0,1,0,0,0,1
2150,0,0,0,0,0.0,1,0,0,0,1
2151,0,0,0,0,0.0,1,0,0,0,1
2152,1,0,0,0,0.0,1,0,0,0,1
2153,1,0,0,0,0.0,1,0,0,0,1
2154,1,0,0,0,0.0,1,0,0,0,1
2155,1,0,0,0,0.0,1,0,0,0,1
2156,1,0,0,0,0.0,1,0,0,0,1
2157,1,0,0,0,0.0,1,0,0,0,1
2158,1,0,0,0,0.0,1,0,0,0,1
2159,1,1,0,0,0.0,1,0,0,0,1
2160,1,0,0,0,0.0,1,0,0,0,1
2161,0,0,0,0,0.0,1,0,0,0,1
2162,0,0,0,0,0.0,1,0,0,0,1
2163,0,0,0,0,0.0,1,0,0,0,1
2164,1,0,0,0,0.0,1,0,0,0,1
2165,1,0,0,0,0.0,1,0,0,0,1
2166,1,0,0,0,0.0,1,0,0,0,1
2167,1,0,0,0,0.0,1,0,0,0,1
2168,1,1,0,0,0.0,0,0,0,0,1
2169,1,1,0,0,4.0,0,1,0,1,1
2170,1,1,0,0,4.0,0,1,0,1,1
2171,1,1,0,0,4.0,0,1,0,1,1
2172,1,1,0,0,4.0,0,1,0,1,1
2173,0,1,0,0,4.0,0,1,0,0,1
2174,0,1,0,0,4.0,0,1,0,0,1
2175,1,1,0,0,4.0,0,1,0,1,1
2176,0,0,0,0,4.0,0,1,0,0,1
2177,1,1,0,0,4.0,0,1,0,1,1
2178,1,1,0,0,4.0,0,1,0,1,0
2179,0,0,0,0,-1.0,0,0,0,0,0
2180,1,1,0,0,4.0,0,0,0,0,0
2181,1,1,0,0,4.0,0,0,0,0,0
2182,0,0,0,0,-1.0,0,0,0,0,0
2183,0,0,0,0,-1.0,0,0,0,0,0
2184,1,1,0,0,4.0,0,0,0,0,0
2185,1,1,0,0,4.0,0,0,0,0,0
2186,1,1,0,0,4.0,0,0,0,0,0
2187,1,1,0,0,4.0,0,0,0,0,0
2188,1,1,0,0,4.0,0,0,0,0,0
2189,1,1,0,0,4.0,0,0,0,0,0
2190,1,1,0,0,4.0,0,0,0,0,0
2191,1,1,0,0,4.0,0,0,0,0,0
2192,1,1,0,0,4.0,0,1,0,1,0
2193,1,1,0,0,4.0,0,1,0,1,0
2194,1,1,0,0,4.0,0,1,0,1,0
2195,1,1,0,0,4.0,0,1,0,1,0
2196,1,1,0,0,4.0,0,1,0,1,0
2197,1,1,0,0,4.0,0,1,0,1,0
2198,1,1,0,0,4.0,0,1,0,1,0
2199,1,1,0,0,4.0,0,1,0,1,0
2200,1,1,0,0,4.0,0,1,0,1,0
2201,1,1,0,0,4.0,0,1,0,1,0
2202,1,1,0,0,4.0,0,1,0,1,0
2203,1,1,0,0,4.0,0,1,0,1,0
2204,1,1,0,0,4.0,0,1,0,1,0
2205,1,1,0,0,0.0,1,1,0,1,0
2206,1,1,0,0,4.0,1,1,0,1,0
2207,1,1,0,0,4.0,1,1,0,1,0
2208,1,1,0,0,0.0,1,1,0,1,0
2209,1,1,0,0,0.0,1,1,0,1,0
2210,1,1,0,0,4.0,1,1,0,1,0
2211,1,1,0,0,4.0,1,1,0,1,0
2212,1,1,0,0,4.0,1,1,0,1,0
2213,1,1,0,0,4.0,1,1,0,1,0
2214,1,1,0,0,4.0,1,1,0,1,0
2215,1,1,0,0,4.0,1,1,0,1,0
2216,1,1,0,0,4.0,1,1,0,1,0
2217,1,1,0,0,4.0,1,1,0,1,1
2218,1,1,0,0,4.0,1,1,0,1,1
2219,1,1,0,0,4.0,1,1,0,1,1
2220,1,1,0,0,4.0,1,1,0,1,1
2221,1,1,0,0,4.0,1,1,0,1,1
2222,1,1,0,0,4.0,1,1,0,1,1
2223,1,1,0,0,4.0,1,1,0,1,1
2224,1,1,0,0,4.0,1,1,0,1,1
2225,1,1,0,0,4.0,1,1,0,1,1
2226,1,1,0,0,4.0,1,1,0,1,1
2227,0,1,0,0,4.0,1,1,0,0,1
2228,0,1,0,0,4.0,1,1,0,0,1
2229,0,1,0,0,4.0,1,1,0,0,1
2230,1,1,0,0,4.0,1,1,0,1,1
2231,1,1,0,0,4.0,1,1,0,1,1
2232,1,1,0,0,4.0,1,1,0,1,1
2233,1,1,0,0,4.0,1,1,0,1,1
2234,1,1,0,0,4.0,1,1,0,1,1
2235,1,1,0,0,4.0,1,1,0,1,1
2236,1,1,0,0,4.0,1,1,0,1,1
2237,1,1,0,0,4.0,1,1,0,1,1
2238,1,1,0,0,4.0,1,1,0,1,1
2239,0,1,0,0,4.0,1,1,0,0,1
2240,0,1,0,0,4.0,1,1,0,0,1
2241,0,1,0,0,4.0,1,1,0,0,1
2242,0,1,0,0,4.0,1,1,0,0,1
2243,1,1,0,0,4.0,1,1,0,1,1
2244,1,1,0,0,4.0,1,1,0,1,1
2245,1,1,0,0,4.0,1,1,0,1,1
2246,1,1,0,0,4.0,1,1,0,1,1
2247,1,1,0,0,4.0,1,1,0,1,1
2248,1,1,0,0,4.0,1,1,0,1,1
2249,1,1,0,0,4.0,1,1,0,1,1
2250,1,1,0,0,4.0,1,1,0,1,1
2251,1,1,0,0,4.0,1,1,0,1,1
2252,1,1,0,0,4.0,1,1,0,1,1
2253,1,1,0,0,4.0,1,1,0,1,1
2254,1,1,0,0,4.0,1,1,0,1,1
2255,1,1,0,0,4.0,1,1,0,1,1
2256,1,1,0,0,4.0,1,1,0,1,1
2257,1,1,0,0,4.0,1,1,0,1,1
2258,1,1,0,0,4.0,1,1,0,1,1
2259,1,1,0,0,4.0,1,1,0,1,1
2260,1,1,0,0,4.0,1,1,0,1,1
2261,1,1,0,0,4.0,1,1,0,1,1
2262,1,1,0,0,4.0,1,1,0,1,1
2263,1,1,0,0,4.0,1,1,0,1,1
2264,1,1,0,0,4.0,1,1,0,1,1
2265,1,1,0,0,4.0,1,1,0,1,1
2266,1,1,0,0,4.0,1,1,0,1,1
2267,1,1,0,0,4.0,1,1,0,1,1
2268,1,1,0,0,4.0,1,1,0,1,1
2269,1,1,0,0,4.0,1,1,0,1,1
2270,1,1,0,0,4.0,1,1,0,1,1
2271,1,1,0,0,4.0,1,1,0,1,1
2272,1,1,0,0,4.0,1,1,0,1,1
2273,1,1,0,0,4.0,1,1,0,1,1
2274,0,1,0,0,4.0,1,1,0,0,1
2275,1,1,0,0,4.0,1,1,0,1,1
2276,1,1,0,0,4.0,1,1,0,1,1
2277,1,1,0,0,4.0,1,1,0,1,1
2278,0,1,0,0,4.0,1,1,0,0,1
2279,0,1,0,0,4.0,1,1,0,0,1
2280,1,1,0,0,4.0,1,1,0,1,1
2281,1,1,0,0,4.0,1,1,0,1,1
2282,0,1,0,0,4.0,1,1,0,0,1
2283,0,0,0,0,4.0,1,1,0,0,1
2284,0,0,0,0,4.0,1,1,0,0,1
2285,0,0,0,0,4.0,1,1,0,0,1
2286,0,0,0,0,4.0,1,0,0,0,1
2287,0,0,0,0,4.0,1,0,0,0,1
2288,0,0,0,0,4.0,1,0,0,0,1
2289,0,0,0,0,4.0,1,0,0,0,1
2290,0,0,0,0,0.0,1,0,0,0,1
2291,1,0,0,0,4.0,1,0,0,0,1
2292,1,0,0,0,4.0,1,0,0,0,1
2293,0,0,0,0,0.0,1,0,0,0,1
2294,0,0,0,0,0.0,1,0,0,0,1
2295,1,1,0,0,0.0,1,0,0,0,1
2296,1,1,0,0,0.0,1,0,0,0,1
2297,1,1,0,0,0.0,1,0,0,0,1
2298,1,1,0,0,0.0,1,0,0,0,1
2299,1,1,0,0,4.0,1,1,0,1,1
2300,1,1,0,0,4.0,1,1,0,1,1
2301,1,1,0,0,4.0,1,1,0,1,1
2302,1,1,0,0,4.0,1,1,0,1,1
2303,1,1,0,0,4.0,1,1,0,1,1
2304,1,1,0,0,4.0,1,1,0,1,1
2305,1,1,0,0,4.0,1,1,0,1,1
2306,1,1,0,0,4.0,1,1,0,1,1
2307,1,1,0,0,4.0,1,1,0,1,1
2308,1,1,0,0,4.0,1,1,0,1,1
2309,1,1,0,0,4.0,1,1,0,1,1
2310,1,1,0,0,4.0,1,1,0,1,1
2311,1,1,0,0,4.0,1,1,0,1,1
2312,1,1,0,0,4.0,1,1,0,1,1
2313,1,1,0,0,4.0,1,1,0,1,1
2314,1,1,0,0,4.0,1,1,0,1,1
2315,1,1,0,0,4.0,1,1,0,1,1
2316,0,1,0,0,4.0,1,1,0,0,1
2317,0,1,0,0,4.0,1,1,0,0,1
2318,0,1,0,0,4.0,1,1,0,0,1
2319,0,1,0,0,4.0,1,1,0,0,1
2320,0,1,0,0,4.0,1,1,0,0,1
2321,0,0,0,0,4.0,1,1,0,0,1
2322,0,1,0,0,4.0,1,1,0,0,1
2323,0,1,0,0,4.0,1,1,0,0,1
2324,1,1,0,0,4.0,1,1,0,1,1
2325,1,1,0,0,4.0,1,1,0,1,1
2326,1,1,0,0,4.0,1,0,0,0,1
2327,1,0,0,0,4.0,1,0,0,0,1
2328,1,1,0,0,4.0,1,0,0,0,1
2329,1,1,0,0,4.0,1,0,0,0,1
2330,1,1,0,0,4.0,1,0,0,0,1
2331,1,1,0,0,4.0,1,1,0,1,1
2332,1,1,0,0,4.0,1,1,0,1,1
2333,1,1,0,0,4.0,1,1,0,1,1
2334,1,1,0,0,4.0,1,1,0,1,1
2335,1,1,0,0,4.0,1,1,0,1,1
2336,1,1,0,0,4.0,1,1,0,1,1
2337,1,1,0,0,4.0,1,1,0,1,1
2338,1,1,0,0,4.0,1,1,0,1,1
2339,1,1,0,0,4.0,1,1,0,1,1
2340,1,1,0,0,4.0,1,1,0,1,1
2341,1,1,0,0,4.0,1,1,0,1,1
2342,0,1,0,0,4.0,1,1,0,0,1
2343,0,1,0,0,4.0,1,1,0,0,1
2344,0,1,0,0,4.0,1,1,0,0,1
2345,0,1,0,0,4.0,1,1,0,0,1
2346,0,0,0,0,4.0,1,1,0,0,1
2347,0,1,0,0,4.0,1,1,0,0,1
2348,1,1,0,0,4.0,1,1,0,1,1
2349,1,1,0,0,4.0,1,1,0,1,1
2350,1,1,0,0,4.0,1,1,0,1,1
2351,1,1,0,0,4.0,1,1,0,1,1
2352,1,1,0,0,4.0,1,1,0,1,1
2353,1,1,0,0,4.0,1,1,0,1,1
2354,1,1,0,0,4.0,1,0,0,0,1
2355,1,1,0,0,4.0,1,0,0,0,1
2356,1,1,0,0,4.0,1,1,0,1,1
2357,1,1,0,0,4.0,1,1,0,1,1
2358,1,1,0,0,4.0,1,1,0,1,1
2359,0,0,0,0,0.0,1,1,0,0,1
2360,1,1,0,0,0.0,1,1,0,1,1
2361,1,1,0,0,0.0,1,1,0,1,1
2362,1,1,0,0,4.0,1,1,0,1,1
2363,1,1,0,0,4.0,1,1,0,1,1
2364,1,1,0,0,4.0,1,1,0,1,1
2365,1,1,0,0,4.0,1,1,0,1,1
2366,1,1,0,0,4.0,1,1,0,1,1
2367,1,1,0,0,4.0,1,1,0,1,1
2368,1,1,0,0,4.0,1,1,0,1,1
2369,0,1,0,0,4.0,1,1,0,0,1
2370,0,0,0,0,4.0,1,1,0,0,1
2371,0,0,0,0,4.0,1,1,0,0,1
2372,0,0,0,0,4.0,1,1,0,0,1
2373,0,0,0,0,0.0,1,0,0,0,1
2374,0,0,0,0,0.0,1,0,0,0,1
2375,0,0,0,0,0.0,1,0,0,0,1
2376,0,0,0,0,0.0,1,0,0,0,1
2377,0,0,0,0,0.0,1,0,0,0,1
2378,0,0,0,0,0.0,1,0,0,0,1
2379,1,0,0,0,0.0,1,0,0,0,1
2380,1,0,0,0,0.0,1,0,0,0,1
2381,1,0,0,0,0.0,1,0,0,0,1
2382,1,1,0,0,0.0,1,0,0,0,1
2383,1,1,0,0,0.0,1,0,0,0,1
2384,1,1,0,0,0.0,1,0,0,0,1
2385,1,1,0,0,4.0,1,0,0,0,1
2386,0,0,0,0,0.0,1,0,0,0,1
2387,1,1,0,0,0.0,1,0,0,0,1
2388,1,1,0,0,0.0,1,0,0,0,1
2389,1,1,0,0,0.0,1,0,0,0,1
2390,1,1,0,0,0.0,1,1,0,1,1
2391,1,1,0,0,0.0,1,1,0,1,1
2392,0,1,0,0,0.0,1,1,0,0,1
2393,1,1,0,0,0.0,1,1,0,1,1
2394,0,0,0,0,0.0,1,0,0,0,1
2395,0,0,0,0,0.0,0,0,0,0,1
2396,0,0,0,0,0.0,0,0,0,0,1
2397,0,0,0,0,0.0,0,0,0,0,1
2398,0,0,0,0,0.0,0,0,0,0,1
2399,0,0,0,0,0.0,0,0,0,0,1
2400,0,0,0,0,0.0,0,0,0,0,1
2401,0,0,0,0,0.0,0,0,0,0,1
2402,0,0,0,0,0.0,0,0,0,0,1
2403,0,0,0,0,0.0,0,0,0,0,0
2404,0,0,0,0,0.0,0,0,0,0,0
2405,0,0,0,0,0.0,0,0,0,0,0
2406,0,0,0,0,0.0,0,0,0,0,0
2407,0,0,0,0,0.0,0,0,0,0,0
2408,1,0,0,0,0.0,0,0,0,0,0
2409,1,0,0,0,0.0,0,0,0,0,0
2410,0,0,0,0,0.0,0,0,0,0,0
2411,0,0,0,0,0.0,0,0,0,0,0
2412,0,0,0,0,0.0,0,0,0,0,0
2413,1,0,0,0,0.0,0,0,0,0,0
2414,0,0,0,0,0.0,0,0,0,0,0
2415,1,0,0,0,0.0,0,0,0,0,0
2416,1,0,0,0,0.0,0,0,0,0,1
2417,0,0,0,0,0.0,0,0,0,0,1
2418,0,0,0,0,0.0,0,0,0,0,0
2419,0,0,0,0,0.0,0,0,0,0,0
2420,0,0,0,0,0.0,0,0,0,0,0
2421,0,0,0,0,0.0,0,0,0,0,0
2422,1,0,0,0,0.0,0,0,0,0,0
2423,1,0,0,0,0.0,0,0,0,0,0
2424,1,0,0,0,0.0,0,0,0,0,0
2425,1,0,0,0,0.0,0,0,0,0,0
2426,1,1,0,0,0.0,0,0,0,0,0
2427,1,1,0,0,4.0,0,0,0,0,0
2428,1,1,0,0,0.0,0,0,0,0,0
2429,1,1,0,0,4.0,0,0,0,0,0
2430,1,1,0,0,4.0,0,1,0,1,0
2431,0,0,0,0,4.0,0,1,0,0,0
2432,0,0,0,0,0.0,0,1,0,0,0
2433,0,0,0,0,0.0,0,1,0,0,0
2434,0,0,0,0,0.0,0,1,0,0,0
2435,0,0,0,0,0.0,0,0,0,0,0
2436,0,0,0,0,0.0,0,0,0,0,0
2437,0,0,0,0,4.0,0,0,0,0,0
2438,0,0,0,0,0.0,0,0,0,0,0
2439,0,0,0,0,0.0,0,0,0,0,0
2440,1,0,0,0,0.0,0,0,0,0,0
2441,1,0,0,0,0.0,0,0,0,0,0
2442,1,1,0,0,0.0,0,0,0,0,0
2443,1,0,0,0,0.0,0,0,0,0,0
2444,1,0,0,0,0.0,0,0,0,0,0
2445,1,0,0,0,0.0,0,0,0,0,0
2446,1,0,0,0,4.0,0,0,0,0,0
2447,1,1,0,0,4.0,0,0,0,0,0
2448,0,0,0,0,0.0,0,0,0,0,0
2449,0,0,0,0,0.0,0,0,0,0,0
2450,0,0,0,0,0.0,0,0,0,0,0
2451,0,0,0,0,0.0,0,0,0,0,0
2452,0,0,0,0,0.0,0,0,0,0,0
2453,0,0,0,0,0.0,0,0,0,0,0
2454,1,0,0,0,0.0,0,0,0,0,0
2455,0,0,0,0,0.0,0,0,0,0,0
2456,0,0,0,0,0.0,0,1,0,0,0
2457,0,1,0,0,0.0,0,1,0,0,0
2458,0,0,0,0,0.0,0,1,0,0,0
2459,0,0,0,0,0.0,0,1,0,0,0
2460,0,0,0,0,0.0,0,1,0,0,0
2461,0,0,0,0,0.0,0,0,0,0,0
2462,0,0,0,0,0.0,0,0,0,0,0
2463,0,0,0,0,0.0,0,0,0,0,0
2464,1,0,0,0,4.0,0,0,0,0,0
2465,1,0,0,0,4.0,0,0,0,0,0
2466,1,1,0,0,0.0,0,0,0,0,0
2467,1,1,0,0,0.0,0,0,0,0,0
2468,1,1,0,0,0.0,0,0,0,0,0
