date,open,high,low,close,volume,QAV,trades,TBAV,TQAV
2020-04-08 04:30:00+04:30,164.62000000,174.48000000,163.59000000,173.11000000,1023575.92076000,173916484.78615510,287799,511443.62149000,86963287.60141520
2020-04-09 04:30:00+04:30,173.15000000,173.38000000,165.19000000,169.52000000,719837.24423000,122531131.95595830,212541,356967.49573000,60787119.84138850
2020-04-10 04:30:00+04:30,169.56000000,170.10000000,152.11000000,157.81000000,1314841.36200000,209535613.32367140,323430,623128.08335000,99285405.30938550
2020-04-11 04:30:00+04:30,157.81000000,161.37000000,153.91000000,158.33000000,621599.61289000,98275533.06263670,168046,313112.58332000,49512383.08581670
2020-04-12 04:30:00+04:30,158.33000000,164.78000000,155.00000000,158.59000000,809100.24594000,129919934.44376530,223429,396232.44593000,63624893.23050370
2020-04-13 04:30:00+04:30,158.56000000,158.97000000,150.00000000,156.29000000,1042091.03622000,160423270.30371500,255965,519763.88357000,80051376.52875040
2020-04-14 04:30:00+04:30,156.28000000,161.85000000,155.23000000,158.45000000,698030.65089000,110710086.10400900,178490,343955.51426000,54564372.10918630
2020-04-15 04:30:00+04:30,158.46000000,161.29000000,152.00000000,152.73000000,729119.66505000,114640840.11551650,186226,347034.48291000,54594699.03576640
2020-04-16 04:30:00+04:30,152.74000000,174.79000000,148.33000000,172.29000000,1647207.59991000,273639160.06938750,389854,830355.78324000,137897793.15056740
2020-04-17 04:30:00+04:30,172.31000000,174.96000000,168.31000000,170.69000000,723537.75591000,123553456.31967860,191289,352005.34180000,60121889.86467380
2020-04-18 04:30:00+04:30,170.61000000,189.54000000,170.48000000,187.40000000,1127296.36979000,203132211.95640910,286172,569708.87703000,102696714.57128610
2020-04-19 04:30:00+04:30,187.40000000,188.35000000,175.75000000,180.03000000,995759.57750000,181415813.50269480,270668,478833.69271000,87227250.30026600
2020-04-20 04:30:00+04:30,180.02000000,186.46000000,166.70000000,170.20000000,1547821.52737000,273854539.80380100,365589,745586.67414000,131918687.66076710
2020-04-21 04:30:00+04:30,170.21000000,174.70000000,168.00000000,170.74000000,906381.65398000,155292048.43579020,228262,454400.78888000,77856857.48694720
2020-04-22 04:30:00+04:30,170.73000000,184.00000000,169.78000000,182.70000000,988698.39076000,176079076.92749950,246896,488185.26353000,86960811.93958360
2020-04-23 04:30:00+04:30,182.70000000,193.63000000,178.16000000,185.51000000,1457867.08713000,270862911.36856540,363772,719694.31692000,133791885.01731330
2020-04-24 04:30:00+04:30,185.57000000,189.80000000,184.72000000,187.59000000,780904.21257000,146419748.08164820,222074,368634.10604000,69133236.24006010
2020-04-25 04:30:00+04:30,187.60000000,198.36000000,185.76000000,194.21000000,866478.04928000,167703202.42505130,244755,438541.85997000,84884022.53154650
2020-04-26 04:30:00+04:30,194.21000000,200.00000000,192.30000000,197.38000000,758525.81533000,148433709.77718670,228826,383155.46184000,74997367.32236560
2020-04-27 04:30:00+04:30,197.39000000,199.05000000,189.29000000,196.34000000,896627.37271000,174775637.92727570,238341,426083.00347000,83095117.55550340
2020-04-28 04:30:00+04:30,196.33000000,198.50000000,192.36000000,196.24000000,636829.89397000,124476041.88938340,183819,324710.24289000,63499045.65033740
2020-04-29 04:30:00+04:30,196.24000000,218.77000000,196.22000000,215.36000000,1620422.72431000,338324593.63729170,445147,817195.35504000,170664754.30895850
2020-04-30 04:30:00+04:30,215.40000000,227.30000000,202.00000000,206.08000000,1749691.00151000,374893029.77430840,557268,840566.78901000,180276410.99706310
2020-05-01 04:30:00+04:30,206.07000000,217.14000000,205.91000000,212.02000000,794913.95828000,168339123.35791390,291365,389989.76909000,82585993.16044210
2020-05-02 04:30:00+04:30,212.01000000,215.37000000,210.36000000,213.90000000,443494.67248000,94389501.51781640,185802,225155.58197000,47928012.23135540
2020-05-03 04:30:00+04:30,213.89000000,219.30000000,203.92000000,209.86000000,748383.91311000,158874887.07834110,268841,354161.96792000,75207830.89534740
2020-05-04 04:30:00+04:30,209.86000000,210.65000000,194.88000000,206.48000000,1114249.32658000,225451167.65536830,349701,553422.13712000,111948053.08533100
2020-05-05 04:30:00+04:30,206.47000000,211.68000000,201.00000000,205.29000000,640644.66268000,131906204.90781300,246124,310794.78031000,64025329.18628990
2020-05-06 04:30:00+04:30,205.30000000,210.77000000,197.71000000,198.97000000,862700.67849000,178157452.60084120,271299,411115.12204000,84998478.60793140
2020-05-07 04:30:00+04:30,198.92000000,215.10000000,196.43000000,212.00000000,1305778.73764000,271197927.66502780,380313,660789.67892000,137272634.80833200
2020-05-08 04:30:00+04:30,212.01000000,216.61000000,206.90000000,211.31000000,917908.19440000,194579529.42776330,262122,445600.39696000,94465691.13477140
2020-05-09 04:30:00+04:30,211.32000000,214.60000000,208.40000000,210.07000000,587871.98073000,124626471.42703530,194059,292187.26718000,61966403.94492970
2020-05-10 04:30:00+04:30,210.09000000,210.18000000,179.59000000,187.54000000,1473226.05475000,278394290.75973460,426358,694788.42914000,131143494.26749300
2020-05-11 04:30:00+04:30,187.62000000,193.50000000,176.00000000,185.73000000,1093299.81927000,203391530.20617390,303669,529158.74668000,98465728.22507510
2020-05-12 04:30:00+04:30,185.80000000,192.24000000,185.48000000,189.76000000,669755.79567000,126810812.16817080,193978,336075.30552000,63647040.81413890
2020-05-13 04:30:00+04:30,189.77000000,201.00000000,188.35000000,199.58000000,806143.00704000,156637596.36492460,212710,410843.35618000,79791107.72434880
2020-05-14 04:30:00+04:30,199.61000000,206.02000000,195.67000000,203.29000000,1114700.24937000,224233786.12670990,285245,557166.15035000,112099049.73738440
2020-05-15 04:30:00+04:30,203.29000000,204.08000000,191.66000000,194.86000000,904749.63570000,179634085.62276920,230721,437768.77270000,86944450.76006710
2020-05-16 04:30:00+04:30,194.87000000,203.50000000,193.21000000,200.45000000,669900.03754000,134060788.49418390,174447,343539.34568000,68751336.84186420
2020-05-17 04:30:00+04:30,200.44000000,209.85000000,199.68000000,207.00000000,708711.89315000,145341278.68135490,180088,369150.31059000,75677871.47041410
2020-05-18 04:30:00+04:30,207.02000000,217.07000000,207.00000000,214.91000000,1064139.24850000,226789027.15008040,249528,538438.67639000,114784967.15147500
2020-05-19 04:30:00+04:30,214.92000000,215.95000000,209.45000000,214.58000000,643702.98849000,136846948.55680560,186027,319009.59630000,67835348.16258670
2020-05-20 04:30:00+04:30,214.60000000,215.75000000,204.27000000,209.98000000,679532.61037000,143704806.17524080,195172,330890.78825000,70009379.65600590
2020-05-21 04:30:00+04:30,209.99000000,211.64000000,191.71000000,198.74000000,1003923.43420000,203445710.96284490,258415,479372.00860000,97136468.80798330
2020-05-22 04:30:00+04:30,198.72000000,209.19000000,196.24000000,207.36000000,787672.36081000,159972608.53416610,217659,399523.04157000,81120762.57728450
2020-05-23 04:30:00+04:30,207.36000000,211.20000000,204.55000000,206.60000000,478559.92006000,99461068.10466470,150729,237372.30187000,49341950.41533750
2020-05-24 04:30:00+04:30,206.60000000,210.55000000,199.50000000,199.90000000,673535.05784000,138917619.23362070,204534,324023.32350000,66890503.37754660
2020-05-25 04:30:00+04:30,199.90000000,205.67000000,198.01000000,204.15000000,469931.62492000,95411610.79763470,171792,243595.47559000,49464529.60504250
2020-05-26 04:30:00+04:30,204.22000000,205.00000000,196.90000000,200.89000000,477176.73530000,96116808.85809130,167702,233833.77929000,47132325.29336320
2020-05-27 04:30:00+04:30,200.92000000,208.44000000,200.76000000,208.29000000,494816.72727000,101445351.02566320,167619,252824.22653000,51832733.59846020
2020-05-28 04:30:00+04:30,208.29000000,220.50000000,204.67000000,220.21000000,643945.97769000,136361627.34641550,219160,352366.88360000,74663823.75714590
2020-05-29 04:30:00+04:30,220.24000000,224.79000000,217.57000000,220.67000000,603058.07590000,133220045.49547060,217959,301826.51829000,66680504.40036720
2020-05-30 04:30:00+04:30,220.63000000,247.00000000,218.80000000,243.66000000,1019550.75146000,238678839.80930440,341862,511425.44765000,119730479.77167950
2020-05-31 04:30:00+04:30,243.71000000,245.39000000,229.58000000,231.57000000,821608.68884000,194867426.29418620,320066,381831.06077000,90551397.67858910
2020-06-01 04:30:00+04:30,231.56000000,250.68000000,230.66000000,248.23000000,823816.69936000,198791911.84704420,318497,426075.31776000,102865011.74578850
2020-06-02 04:30:00+04:30,248.23000000,253.80000000,225.00000000,237.71000000,955520.91863000,230680327.30929150,355417,462682.15945000,111744961.57192750
2020-06-03 04:30:00+04:30,237.71000000,245.00000000,232.71000000,244.52000000,502928.13371000,120179301.17898640,213792,259904.04578000,62129185.47385130
2020-06-04 04:30:00+04:30,244.54000000,246.60000000,236.00000000,243.21000000,669369.33920000,162460397.62767410,253226,332175.55769000,80659519.34918510
2020-06-05 04:30:00+04:30,243.22000000,247.87000000,239.14000000,240.03000000,502547.41103000,122084004.51697550,205337,242309.99059000,58916816.25847680
2020-06-06 04:30:00+04:30,240.04000000,244.70000000,237.83000000,241.94000000,389423.07798000,93979350.81263390,161709,198723.53956000,47973780.54283710
2020-06-07 04:30:00+04:30,241.94000000,245.37000000,234.60000000,244.56000000,571102.55515000,137165732.64761660,226478,285159.65388000,68517428.42271850
2020-06-08 04:30:00+04:30,244.57000000,247.70000000,240.59000000,246.40000000,383116.54719000,93355224.96830870,159981,193451.07601000,47159340.96864370
2020-06-09 04:30:00+04:30,246.37000000,249.82000000,238.00000000,243.80000000,420327.17133000,102374504.57389720,185974,202641.07177000,49369436.33086970
2020-06-10 04:30:00+04:30,243.79000000,250.28000000,242.00000000,247.78000000,431285.61715000,105797248.24742570,185330,221305.11120000,54322143.50039510
2020-06-11 04:30:00+04:30,247.78000000,250.09000000,226.20000000,230.51000000,816456.89161000,195063781.27644910,312655,373492.34304000,89279896.48515260
2020-06-12 04:30:00+04:30,230.46000000,239.38000000,228.19000000,237.55000000,446515.34124000,105069425.09010670,181977,224589.29616000,52877894.61382670
2020-06-13 04:30:00+04:30,237.55000000,238.73000000,234.66000000,238.11000000,253797.78090000,60087772.65246530,134555,126898.09775000,30052109.58823630
2020-06-14 04:30:00+04:30,238.13000000,238.59000000,229.83000000,231.77000000,304943.21188000,71575514.08027260,158093,150190.06138000,35264141.20722390
2020-06-15 04:30:00+04:30,231.74000000,233.55000000,218.27000000,230.86000000,875026.92057000,197907504.77877360,308126,410989.99093000,92965284.36529640
2020-06-16 04:30:00+04:30,230.86000000,236.00000000,228.70000000,235.30000000,499194.66758000,116456364.23126830,188136,252188.71079000,58831595.30783300
2020-06-17 04:30:00+04:30,235.31000000,237.30000000,227.65000000,233.82000000,478187.29170000,111415059.05626230,189653,232960.69025000,54288236.15848750
2020-06-18 04:30:00+04:30,233.82000000,234.65000000,227.93000000,231.27000000,334347.79917000,77542070.33327090,145815,157912.89857000,36639257.02317530
2020-06-19 04:30:00+04:30,231.26000000,231.95000000,226.74000000,229.00000000,397284.59808000,91117706.15513940,160682,196717.52384000,45127258.00693490
2020-06-20 04:30:00+04:30,229.00000000,230.85000000,225.62000000,228.89000000,303704.98826000,69343699.90954830,129778,146807.30372000,33536648.02595340
2020-06-21 04:30:00+04:30,228.88000000,231.49000000,227.11000000,228.04000000,256305.23734000,58868166.50610440,109238,133367.32601000,30640576.93127720
2020-06-22 04:30:00+04:30,228.03000000,246.89000000,227.51000000,243.13000000,749030.11114000,178707156.18931390,256688,381685.54634000,91072958.54464900
2020-06-23 04:30:00+04:30,243.11000000,244.87000000,240.75000000,243.14000000,442296.31477000,107457002.52462460,172649,224811.21947000,54630829.05815690
2020-06-24 04:30:00+04:30,243.15000000,249.24000000,231.07000000,234.58000000,921634.05340000,220763040.43374940,289888,447817.33625000,107284767.04106830
2020-06-25 04:30:00+04:30,234.57000000,235.39000000,227.56000000,232.50000000,613748.59348000,142697463.38010440,192323,312667.90698000,72711629.98470680
2020-06-26 04:30:00+04:30,232.49000000,233.61000000,227.75000000,229.64000000,628340.07007000,144805505.19158240,192182,313069.39625000,72145517.98801950
2020-06-27 04:30:00+04:30,229.66000000,231.42000000,216.00000000,220.94000000,645950.61438000,145264632.26381920,207051,299265.01724000,67274910.29012350
2020-06-28 04:30:00+04:30,220.94000000,227.96000000,218.32000000,224.93000000,444766.56881000,99423540.13931940,144728,236280.14760000,52806921.84877780
2020-06-29 04:30:00+04:30,224.89000000,229.96000000,221.26000000,227.93000000,597915.52242000,134510531.19766730,183558,305421.87340000,68753130.26515030
2020-06-30 04:30:00+04:30,227.98000000,228.70000000,222.91000000,225.60000000,415036.02977000,93802207.27357360,143612,202532.74647000,45764408.12825810
2020-07-01 04:30:00+04:30,225.59000000,232.71000000,224.16000000,230.99000000,517351.58865000,118322932.85495730,176455,265707.94626000,60770218.92015320
2020-07-02 04:30:00+04:30,230.99000000,232.01000000,222.87000000,226.46000000,592485.91115000,134976975.12319700,210294,282313.90134000,64320519.48114850
2020-07-03 04:30:00+04:30,226.46000000,228.13000000,223.97000000,224.87000000,314578.50040000,71286978.50356750,139167,153734.92210000,34844388.69190400
2020-07-04 04:30:00+04:30,224.86000000,230.71000000,224.43000000,229.17000000,307726.46593000,69899468.27991880,134338,156161.48084000,35487540.26136240
2020-07-05 04:30:00+04:30,229.24000000,229.85000000,223.05000000,227.56000000,355747.12006000,80528660.61919430,152077,173480.66716000,39276422.84701000
2020-07-06 04:30:00+04:30,227.54000000,242.00000000,226.93000000,241.60000000,864817.50700000,203334727.85013950,268187,443659.99767000,104363380.05687420
2020-07-07 04:30:00+04:30,241.60000000,243.77000000,234.40000000,239.39000000,600424.97209000,143122828.37511880,213589,293523.48727000,69992123.93622460
2020-07-08 04:30:00+04:30,239.39000000,248.88000000,237.78000000,246.95000000,958185.83708000,233460700.75518140,309582,472779.31973000,115197139.73159900
2020-07-09 04:30:00+04:30,246.94000000,247.90000000,237.88000000,241.98000000,647641.58291000,157541370.00481820,243580,313999.27569000,76404395.94395800
2020-07-10 04:30:00+04:30,241.97000000,242.16000000,235.72000000,241.26000000,455025.12385000,108806462.46509650,181124,234086.96963000,55969388.91838720
2020-07-11 04:30:00+04:30,241.27000000,241.67000000,237.54000000,239.19000000,294476.00626000,70548557.67783910,140265,144264.75794000,34563855.77462440
2020-07-12 04:30:00+04:30,239.19000000,244.00000000,236.52000000,242.79000000,469315.11720000,112487552.43401240,201729,238720.16445000,57233192.42448630
2020-07-13 04:30:00+04:30,242.76000000,245.33000000,237.33000000,239.50000000,604093.04245000,146193291.91067610,240032,304677.24908000,73761164.95613980
2020-07-14 04:30:00+04:30,239.50000000,242.09000000,237.00000000,240.44000000,426320.89188000,102105027.13193080,172704,212486.68184000,50895173.69127610
2020-07-15 04:30:00+04:30,240.45000000,241.45000000,236.83000000,238.61000000,368350.66518000,88059682.48343640,154984,178198.01400000,42606335.48394350
2020-07-16 04:30:00+04:30,238.59000000,239.39000000,230.02000000,233.57000000,587161.73894000,137208323.20157330,222138,284514.03969000,66475192.08183000
2020-07-17 04:30:00+04:30,233.58000000,234.84000000,231.65000000,232.67000000,325600.21444000,75931058.42265300,149088,159858.08306000,37286020.32295110
2020-07-18 04:30:00+04:30,232.66000000,236.80000000,232.32000000,235.67000000,341356.61820000,80046747.83223330,136494,168653.68252000,39557475.70548810
2020-07-19 04:30:00+04:30,235.67000000,239.92000000,233.28000000,239.11000000,348803.52073000,82120072.99362800,144896,177800.65726000,41857576.44971610
2020-07-20 04:30:00+04:30,239.12000000,239.72000000,234.05000000,236.01000000,396657.91938000,94314378.93819910,164435,193222.00995000,45941871.96180980
2020-07-21 04:30:00+04:30,236.00000000,246.66000000,235.57000000,245.59000000,637462.08074000,154502240.94119890,240019,335588.62905000,81336675.10271110
2020-07-22 04:30:00+04:30,245.53000000,269.61000000,241.51000000,263.74000000,718417.68296000,180692677.21395630,273546,382255.45060000,96136746.64578400
2020-07-23 04:30:00+04:30,263.75000000,279.98000000,259.70000000,275.30000000,1068774.57879000,287217202.72012160,378573,548027.77647000,147366131.52617590
2020-07-24 04:30:00+04:30,275.31000000,287.34000000,266.00000000,279.15000000,926033.06692000,256347245.54814900,362608,467152.58946000,129363215.30193840
2020-07-25 04:30:00+04:30,279.15000000,308.94000000,279.09000000,305.26000000,1058927.30554000,308799629.36114330,424683,546337.36919000,159353784.49878770
2020-07-26 04:30:00+04:30,305.31000000,318.75000000,299.00000000,311.00000000,1270368.75300000,392346895.32267080,486058,629296.22696000,194398665.55302020
2020-07-27 04:30:00+04:30,311.02000000,333.31000000,310.78000000,321.93000000,1636122.34727000,527292799.28791380,645395,818454.59042000,263886380.58021330
2020-07-28 04:30:00+04:30,321.95000000,326.80000000,305.86000000,316.77000000,1093231.55578000,346187853.27592900,458451,526272.91372000,166776146.18773630
2020-07-29 04:30:00+04:30,316.77000000,325.00000000,312.38000000,317.71000000,792802.32148000,254201662.13340940,347597,403407.16614000,129383921.49019800
2020-07-30 04:30:00+04:30,317.76000000,342.00000000,314.05000000,334.87000000,1008827.56698000,328286452.51829110,410721,548703.63674000,178728061.85059630
2020-07-31 04:30:00+04:30,334.82000000,349.45000000,328.40000000,346.33000000,948088.44982000,323282981.01591960,461788,479449.06541000,163562313.74991860
2020-08-01 04:30:00+04:30,346.32000000,392.67000000,343.07000000,387.00000000,1440843.34203000,527543444.86288410,598900,763925.60566000,279585883.39700170
2020-08-02 04:30:00+04:30,387.01000000,415.85000000,325.00000000,372.42000000,2324909.09616000,878397036.29751910,960835,1147802.64923000,434515635.48955820
2020-08-03 04:30:00+04:30,372.45000000,398.00000000,366.50000000,385.94000000,1191565.09389000,462170587.47850270,534803,594188.68302000,230529343.39225330
2020-08-04 04:30:00+04:30,385.91000000,402.98000000,380.77000000,389.61000000,1180792.42379000,461794422.20486850,503335,580630.09812000,227199384.22215280
2020-08-05 04:30:00+04:30,389.59000000,407.00000000,384.11000000,400.72000000,1124119.06720000,444335097.14939300,459722,569086.53448000,225101645.73652520
2020-08-06 04:30:00+04:30,400.72000000,403.66000000,390.51000000,394.77000000,821379.08397000,325718417.71600690,388529,403029.86304000,159852195.14677980
2020-08-07 04:30:00+04:30,394.77000000,398.26000000,362.85000000,379.34000000,1041207.35946000,398625567.06391200,466548,499790.82669000,191569557.52234410
2020-08-08 04:30:00+04:30,379.34000000,397.05000000,375.79000000,397.03000000,623029.78053000,240999198.02428520,300577,325760.87681000,126105849.09518240
2020-08-09 04:30:00+04:30,397.05000000,400.00000000,383.36000000,390.14000000,594900.58133000,233057462.92739680,319111,294055.13111000,115294493.99738120
2020-08-10 04:30:00+04:30,390.14000000,399.18000000,385.13000000,395.44000000,826969.90633000,326372434.89705910,395123,409673.34569000,161732201.70573280
2020-08-11 04:30:00+04:30,395.43000000,398.21000000,367.00000000,379.00000000,992412.60230000,381981614.62167230,459623,465088.67076000,179106068.40754950
2020-08-12 04:30:00+04:30,378.99000000,389.23000000,365.85000000,387.18000000,751848.79830000,285872467.64409370,349082,378876.83493000,144127095.73059770
2020-08-13 04:30:00+04:30,387.18000000,431.49000000,376.59000000,424.54000000,1511330.77320000,604810975.13185700,634978,786249.64387000,314657280.99639270
2020-08-14 04:30:00+04:30,424.54000000,444.71000000,417.05000000,438.11000000,1109670.94324000,477180580.06183250,502635,551666.89650000,237162820.57687100
2020-08-15 04:30:00+04:30,438.12000000,442.94000000,427.02000000,432.32000000,681698.59710000,296652970.48231940,351377,332354.72985000,144668622.34551780
2020-08-16 04:30:00+04:30,432.30000000,436.99000000,412.47000000,433.62000000,716666.25258000,305445885.81667000,371807,345142.26171000,147116639.26333250
2020-08-17 04:30:00+04:30,433.61000000,446.00000000,420.37000000,430.89000000,868870.64996000,375038999.50751650,443560,434882.89599000,187814884.66580410
2020-08-18 04:30:00+04:30,430.89000000,433.81000000,415.00000000,421.95000000,743254.57018000,316635286.99292170,374074,356765.97549000,152053040.63348380
2020-08-19 04:30:00+04:30,421.92000000,426.75000000,393.25000000,407.46000000,978339.69221000,400208683.34672710,455992,457547.57265000,187156985.82537450
2020-08-20 04:30:00+04:30,407.46000000,418.98000000,402.07000000,415.94000000,663555.73445000,273292342.19034480,322537,336116.41655000,138426936.64111550
2020-08-21 04:30:00+04:30,415.94000000,418.68000000,385.10000000,387.97000000,860998.72560000,347455883.45330630,414222,395087.31195000,159527686.50068960
2020-08-22 04:30:00+04:30,387.93000000,397.04000000,379.92000000,395.24000000,643235.76543000,250069873.39723140,305450,315092.64001000,122564498.42421190
2020-08-23 04:30:00+04:30,395.23000000,396.95000000,383.15000000,390.71000000,445317.81989000,173799978.03511140,222729,218347.50764000,85211118.00730040
2020-08-24 04:30:00+04:30,390.72000000,410.42000000,387.44000000,407.68000000,717403.81877000,287991794.22058410,307676,374389.16218000,150318604.20706690
2020-08-25 04:30:00+04:30,407.68000000,409.06000000,370.00000000,382.93000000,970445.38395000,375681480.18694300,411636,463076.75010000,179300083.72858850
2020-08-26 04:30:00+04:30,382.91000000,392.91000000,377.37000000,385.81000000,738690.77940000,284504413.09361920,351141,372284.31302000,143413331.40317950
2020-08-27 04:30:00+04:30,385.81000000,397.10000000,371.48000000,383.27000000,877763.73658000,336647752.29422450,392116,441967.74994000,169506712.89737500
2020-08-28 04:30:00+04:30,383.31000000,398.00000000,379.75000000,395.11000000,732601.46905000,286555001.99418380,311832,376745.79555000,147371987.07353450
2020-08-29 04:30:00+04:30,395.10000000,405.69000000,391.88000000,398.65000000,659802.63344000,263787683.02808370,300090,335970.72742000,134324057.77429140
2020-08-30 04:30:00+04:30,398.65000000,429.89000000,398.30000000,428.94000000,894979.71788000,370467271.09903470,395838,454113.30749000,188019162.80121010
2020-08-31 04:30:00+04:30,428.94000000,439.00000000,418.04000000,433.79000000,1040748.68881000,447866996.18511480,456201,521857.12047000,224568024.60673360
2020-09-01 04:30:00+04:30,433.80000000,488.84000000,429.03000000,475.40000000,1751354.57719000,813662129.65048800,763508,869375.35063000,403711776.22557970
2020-09-02 04:30:00+04:30,475.40000000,481.39000000,420.00000000,439.50000000,1880642.46853000,844475154.71608050,825133,930825.55373000,418025683.68122710
2020-09-03 04:30:00+04:30,439.50000000,450.70000000,372.00000000,381.40000000,2408569.34151000,995567239.00840270,903066,1163309.47153000,481135153.40023240
2020-09-04 04:30:00+04:30,381.35000000,400.21000000,357.00000000,385.26000000,1806488.22474000,696658932.11542750,744610,898001.98862000,346399148.75434910
2020-09-05 04:30:00+04:30,385.30000000,395.00000000,308.42000000,335.01000000,2777166.51389000,967730464.90551640,1074986,1359142.30847000,474118503.45672320
2020-09-06 04:30:00+04:30,335.04000000,360.00000000,316.10000000,352.80000000,2017811.14721000,691925087.39681090,852597,1001126.65908000,343097243.97381230
2020-09-07 04:30:00+04:30,352.85000000,358.51000000,323.00000000,353.59000000,1740618.42462000,596754172.70084040,708066,875520.99803000,300098826.31230790
2020-09-08 04:30:00+04:30,353.59000000,356.58000000,325.38000000,337.39000000,1400246.82962000,476444912.54463500,554846,683844.91475000,232727441.34534670
2020-09-09 04:30:00+04:30,337.41000000,359.00000000,330.51000000,350.85000000,879760.56255000,304910633.80088960,381038,450864.78551000,156362634.92576610
2020-09-10 04:30:00+04:30,350.85000000,377.25000000,349.91000000,367.93000000,1134287.61137000,416598205.66604800,512819,564874.99855000,207485762.51111200
2020-09-11 04:30:00+04:30,367.93000000,375.27000000,355.49000000,373.63000000,844017.59966000,308822715.13365630,367615,423159.48329000,154876994.89740980
2020-09-12 04:30:00+04:30,373.62000000,388.57000000,364.73000000,387.78000000,766542.31635000,287133871.24729080,318774,391980.78732000,146905887.14703520
2020-09-13 04:30:00+04:30,387.78000000,390.43000000,350.00000000,366.42000000,989195.69047000,367969518.51348870,430236,471379.94130000,175392358.37933570
2020-09-14 04:30:00+04:30,366.43000000,384.64000000,355.73000000,377.12000000,1042059.62265000,387238794.68097150,476828,520997.62714000,193631762.56564660
2020-09-15 04:30:00+04:30,377.12000000,382.47000000,362.34000000,364.06000000,883856.33005000,328317009.56834610,405048,425660.93557000,158082601.83653550
2020-09-16 04:30:00+04:30,364.05000000,373.45000000,355.00000000,365.11000000,841709.98939000,306622238.07155210,371665,401737.07122000,146390592.33280320
2020-09-17 04:30:00+04:30,365.04000000,394.14000000,363.30000000,389.36000000,1256300.41100000,479026710.89661470,505247,649410.54624000,247663754.94968120
2020-09-18 04:30:00+04:30,389.35000000,392.58000000,375.33000000,384.39000000,804194.47219000,308748579.81603240,323159,390631.14787000,150003338.33482060
2020-09-19 04:30:00+04:30,384.40000000,388.72000000,377.00000000,385.25000000,570908.33553000,218785730.14017850,230924,275383.50997000,105557594.25420930
2020-09-20 04:30:00+04:30,385.25000000,385.45000000,365.00000000,371.04000000,693164.40144000,259700927.47821030,275295,339273.53425000,127111732.99106700
2020-09-21 03:30:00+03:30,371.04000000,376.80000000,331.00000000,340.36000000,1283946.03098000,452134893.63405810,472560,614255.13337000,216255854.30576970
2020-09-22 03:30:00+03:30,340.31000000,346.91000000,335.34000000,344.21000000,842731.12878000,288166815.51503700,286593,406238.87933000,138901899.75129510
2020-09-23 03:30:00+03:30,344.18000000,344.65000000,313.29000000,320.72000000,940904.49756000,313808761.09043880,323226,451952.70895000,150859607.76494990
2020-09-24 03:30:00+03:30,320.72000000,353.10000000,316.67000000,348.97000000,1071705.09721000,360708689.40437970,371450,541195.93188000,182260574.83696910
2020-09-25 03:30:00+03:30,348.97000000,358.00000000,337.58000000,351.92000000,860643.77924000,298266918.80064850,310536,428498.41778000,148520979.71553270
2020-09-26 03:30:00+03:30,351.93000000,356.40000000,345.88000000,353.92000000,530879.20755000,186812160.37543690,217834,265973.62355000,93597365.18627900
2020-09-27 03:30:00+03:30,353.95000000,362.14000000,347.24000000,357.49000000,569568.55041000,202411362.68323290,230526,278104.49527000,98851342.51735050
2020-09-28 03:30:00+03:30,357.58000000,368.20000000,351.70000000,353.96000000,757758.43040000,273063157.78999110,261317,365322.52821000,131705221.49365880
2020-09-29 03:30:00+03:30,353.91000000,360.63000000,350.45000000,359.79000000,585143.16892000,208028826.48711650,214988,296028.84893000,105268925.80294570
2020-09-30 03:30:00+03:30,359.78000000,361.50000000,351.56000000,359.83000000,498943.23226000,177784824.51781920,173910,258138.87585000,92021033.11709650
2020-10-01 03:30:00+03:30,359.83000000,370.45000000,345.51000000,352.85000000,758349.31959000,271468849.79851160,288354,361455.09687000,129606992.62340270
2020-10-02 03:30:00+03:30,352.83000000,354.55000000,334.24000000,345.60000000,733571.84211000,251829017.51948020,286023,359044.99342000,123230178.01440740
2020-10-03 03:30:00+03:30,345.60000000,351.00000000,343.70000000,345.95000000,303595.71901000,105401893.35734360,136755,157899.99434000,54819449.94469700
2020-10-04 03:30:00+03:30,345.94000000,354.45000000,343.81000000,352.37000000,343932.91712000,119961274.70065720,138736,168705.23259000,58850037.60413940
2020-10-05 03:30:00+03:30,352.34000000,356.10000000,348.54000000,353.62000000,376740.30692000,132656713.04409390,145787,185554.40142000,65347144.97328110
2020-10-06 03:30:00+03:30,353.63000000,355.10000000,336.80000000,340.75000000,640063.26951000,221765553.58680910,240812,311147.69014000,107797282.75783230
2020-10-07 03:30:00+03:30,340.80000000,342.85000000,332.18000000,341.58000000,541928.86376000,183873686.39043150,195112,267972.41424000,90930067.04391160
2020-10-08 03:30:00+03:30,341.58000000,353.32000000,334.21000000,350.95000000,631794.87560000,217322066.97802380,220053,332296.23857000,114406629.96863650
2020-10-09 03:30:00+03:30,350.94000000,368.33000000,347.32000000,365.02000000,650478.19338000,232878561.88521360,241168,347090.04670000,124302113.23120810
2020-10-10 03:30:00+03:30,365.01000000,378.40000000,364.71000000,370.52000000,591005.32129000,220607973.01227310,253825,299965.65391000,111977478.87854210
2020-10-11 03:30:00+03:30,370.51000000,377.60000000,368.87000000,374.16000000,373318.23779000,139329772.54031670,164475,187969.33051000,70162446.92701300
2020-10-12 03:30:00+03:30,374.17000000,394.80000000,365.58000000,386.51000000,844422.65444000,320587055.52979570,309500,427311.17538000,162322201.34325680
2020-10-13 03:30:00+03:30,386.51000000,387.75000000,374.51000000,381.04000000,645141.91394000,246276552.00902270,239460,315226.91813000,120349073.75065890
2020-10-14 03:30:00+03:30,381.05000000,387.41000000,373.13000000,378.69000000,569557.82936000,216288026.95920860,214375,278390.33609000,105736024.77958970
2020-10-15 03:30:00+03:30,378.69000000,381.79000000,369.85000000,377.64000000,634038.09453000,238396852.78392820,228454,308053.83962000,115864353.66265170
2020-10-16 03:30:00+03:30,377.63000000,379.83000000,361.18000000,365.50000000,654029.36404000,241127894.70245080,255775,308695.25396000,113825303.52954540
2020-10-17 03:30:00+03:30,365.50000000,370.46000000,363.36000000,368.32000000,285578.24537000,104838880.45610340,126045,139908.84552000,51365997.42640250
2020-10-18 03:30:00+03:30,368.31000000,378.64000000,367.10000000,378.11000000,323468.47095000,120818450.62118030,133043,166936.80184000,62359187.49284320
2020-10-19 03:30:00+03:30,378.12000000,384.32000000,372.50000000,379.30000000,577252.90265000,218372639.95702320,224887,281217.97666000,106363380.19858650
2020-10-20 03:30:00+03:30,379.30000000,380.73000000,365.27000000,368.52000000,617309.81677000,229928443.79691000,251051,288156.13039000,107315894.51408450
2020-10-21 03:30:00+03:30,368.53000000,401.49000000,367.74000000,390.38000000,1221663.63784000,472488832.71627450,450963,632070.29962000,244519977.28209820
2020-10-22 03:30:00+03:30,390.31000000,420.73000000,390.21000000,413.98000000,1095897.20667000,447211002.50125880,412013,560444.09814000,228790705.50160170
2020-10-23 03:30:00+03:30,413.94000000,419.33000000,401.30000000,409.11000000,727832.32240000,299943190.93063720,293671,353573.61208000,145754753.83309310
2020-10-24 03:30:00+03:30,409.19000000,416.66000000,407.00000000,412.14000000,419236.87106000,172799824.64868200,182680,207090.61075000,85377261.16253270
2020-10-25 03:30:00+03:30,412.14000000,417.40000000,402.50000000,405.86000000,415586.97610000,170054743.31874520,177854,192487.98412000,78807422.93383440
2020-10-26 03:30:00+03:30,405.85000000,411.11000000,382.30000000,392.52000000,895142.67266000,356208480.58571190,329493,408392.37075000,162532499.76636610
2020-10-27 03:30:00+03:30,392.52000000,410.25000000,389.90000000,403.45000000,754244.37552000,302522886.82653000,286217,373014.52987000,149645515.38216060
2020-10-28 03:30:00+03:30,403.41000000,409.20000000,380.52000000,388.23000000,855275.46882000,335751199.30374730,348661,407244.62775000,159935755.11819610
2020-10-29 03:30:00+03:30,388.22000000,393.72000000,380.52000000,387.13000000,573096.01416000,222669504.87531700,248649,283010.62488000,109967352.10618020
2020-10-30 03:30:00+03:30,387.12000000,391.97000000,373.29000000,382.49000000,771750.74746000,294342545.98087450,289735,384404.74738000,146595612.99159130
2020-10-31 03:30:00+03:30,382.59000000,394.88000000,379.90000000,386.46000000,467453.81050000,181136851.45374130,218528,238043.31120000,92253593.43786280
2020-11-01 03:30:00+03:30,386.44000000,398.29000000,384.61000000,396.67000000,438952.95565000,171238317.70032390,181369,228285.69860000,89100829.28533770
2020-11-02 03:30:00+03:30,396.68000000,404.50000000,377.92000000,383.02000000,779968.57957000,304223545.89203440,290370,382924.26079000,149479791.08400600
2020-11-03 03:30:00+03:30,383.01000000,390.00000000,370.23000000,387.88000000,752954.37114000,286291773.96848450,280412,366506.41600000,139475874.91715260
2020-11-04 03:30:00+03:30,387.88000000,408.39000000,376.47000000,402.49000000,1157064.35076000,454481208.40200980,392310,600951.59602000,236190448.28833480
2020-11-05 03:30:00+03:30,402.50000000,420.40000000,396.14000000,416.69000000,1475139.77342000,601591250.40124900,513574,733696.12776000,299466668.01144860
2020-11-06 03:30:00+03:30,416.73000000,458.27000000,414.76000000,455.91000000,1682440.96026000,736015135.62721030,666505,883105.68936000,386541087.43089730
2020-11-07 03:30:00+03:30,455.91000000,468.28000000,424.14000000,435.21000000,1653416.59610000,743871175.78212340,674858,831369.37192000,374507765.44837650
2020-11-08 03:30:00+03:30,435.20000000,460.10000000,431.99000000,454.30000000,840908.46841000,375679148.23503960,354341,424300.36519000,189644075.40081470
2020-11-09 03:30:00+03:30,454.29000000,459.10000000,433.09000000,444.32000000,1099213.24641000,491928164.98124340,469947,523180.45111000,234223108.98942740
2020-11-10 03:30:00+03:30,444.32000000,455.00000000,438.70000000,450.34000000,866872.41108000,388190148.20789510,384228,437244.02871000,195856348.18969540
2020-11-11 03:30:00+03:30,450.34000000,476.25000000,449.28000000,463.09000000,1205782.84262000,559228791.89035090,560360,626267.49881000,290487786.95615110
2020-11-12 03:30:00+03:30,463.09000000,470.00000000,451.20000000,462.39000000,990776.62912000,455971309.21685460,411840,471577.98126000,217115755.31874190
2020-11-13 03:30:00+03:30,462.48000000,478.01000000,457.12000000,476.43000000,976665.09752000,456232937.20613030,427363,509344.22798000,238031863.05169850
2020-11-14 03:30:00+03:30,476.42000000,477.47000000,452.00000000,460.89000000,735252.78540000,340142257.19369760,350772,347000.03929000,160634962.00481430
2020-11-15 03:30:00+03:30,460.90000000,462.89000000,440.19000000,448.08000000,665217.56671000,301406126.45931180,311451,307609.56539000,139442342.07826170
2020-11-16 03:30:00+03:30,448.07000000,466.00000000,445.45000000,460.55000000,812060.44638000,370889706.69923280,328762,407294.36897000,186016422.42729190
2020-11-17 03:30:00+03:30,460.51000000,484.88000000,459.80000000,482.15000000,1151573.37456000,544239665.38175160,464336,591305.56754000,279583957.90483940
2020-11-18 03:30:00+03:30,482.11000000,495.31000000,456.60000000,478.41000000,1477696.29116000,706704397.41086890,637641,741745.06753000,355029605.61622610
2020-11-19 03:30:00+03:30,478.43000000,480.75000000,464.86000000,471.25000000,817418.52685000,387199111.37944740,404737,389266.26994000,184475868.34601870
2020-11-20 03:30:00+03:30,471.26000000,514.40000000,470.65000000,510.12000000,1516361.90736000,756660192.86075660,607663,781483.37009000,389816150.40627550
2020-11-21 03:30:00+03:30,510.12000000,553.32000000,502.82000000,552.35000000,1548851.29067000,815402228.52281210,649077,789354.14815000,415699828.62327800
2020-11-22 03:30:00+03:30,552.42000000,580.88000000,511.28000000,560.03000000,1850317.93581000,1014064539.08814930,768900,910655.85789000,499466614.36578590
2020-11-23 03:30:00+03:30,560.03000000,610.85000000,550.12000000,608.58000000,2076008.84846000,1218150934.31147740,896026,1056711.75846000,620234259.82056650
2020-11-24 03:30:00+03:30,608.58000000,623.00000000,585.00000000,604.97000000,1606450.49193000,976376501.31147490,838352,801041.86277000,487114657.46570510
2020-11-25 03:30:00+03:30,604.98000000,606.00000000,553.83000000,569.50000000,1219440.02727000,716972340.67452020,657386,576127.36549000,339032707.42864070
2020-11-26 03:30:00+03:30,569.38000000,577.14000000,481.00000000,519.83000000,2683460.74171000,1386030255.16807190,1259051,1291907.71331000,667402458.34550710
2020-11-27 03:30:00+03:30,519.83000000,530.62000000,493.72000000,518.68000000,1088064.28114000,558985308.90236460,578800,546528.97953000,280820318.04883820
2020-11-28 03:30:00+03:30,518.59000000,547.94000000,506.59000000,537.52000000,900508.61431000,475169074.69038870,456028,466164.69930000,245997234.13831860
2020-11-29 03:30:00+03:30,537.50000000,576.90000000,530.32000000,576.30000000,855276.46664000,471629262.24329860,454026,440702.88199000,243151356.51696760
2020-11-30 03:30:00+03:30,576.32000000,616.85000000,570.07000000,616.66000000,1501989.45408000,895373784.83004420,717837,762000.09958000,454509095.97326810
2020-12-01 03:30:00+03:30,616.65000000,635.70000000,560.00000000,585.26000000,2163875.81376000,1300668283.31968030,1018862,1053325.00335000,633883748.89797740
2020-12-02 03:30:00+03:30,585.26000000,604.93000000,575.00000000,596.89000000,1069538.65619000,632858653.20502320,604591,532480.45583000,315241714.26318180
2020-12-03 03:30:00+03:30,596.88000000,623.44000000,585.82000000,615.85000000,935687.91723000,568024618.94103900,513555,481922.57902000,292623478.63136890
2020-12-04 03:30:00+03:30,615.84000000,620.00000000,565.82000000,567.24000000,1052452.78666000,624543865.90086520,556641,488225.14672000,289993182.86860670
2020-12-05 03:30:00+03:30,567.24000000,597.11000000,560.88000000,596.80000000,701567.95564000,410382624.74253480,389600,362873.30755000,212540315.03846360
2020-12-06 03:30:00+03:30,596.82000000,607.50000000,583.00000000,601.54000000,602496.96339000,359236400.29499330,363661,311000.01314000,185485506.35937250
2020-12-07 03:30:00+03:30,601.59000000,603.15000000,584.22000000,591.28000000,498329.37589000,295598087.02799800,347036,236796.14093000,140496350.95128050
2020-12-08 03:30:00+03:30,591.27000000,595.00000000,549.22000000,554.94000000,804443.00717000,461781203.16172090,422868,371889.68919000,213672984.76221560
2020-12-09 03:30:00+03:30,554.92000000,578.08000000,530.43000000,573.09000000,997192.16738000,555142155.88265270,535975,503291.69076000,280447024.92060910
2020-12-10 03:30:00+03:30,573.20000000,575.70000000,548.11000000,558.99000000,608414.51466000,341352126.26706100,376548,301401.59013000,169125585.10276520
2020-12-11 03:30:00+03:30,558.99000000,560.80000000,535.50000000,544.43000000,768921.78317000,419607430.44734580,400545,369206.67071000,201527071.67009370
2020-12-12 03:30:00+03:30,544.46000000,574.00000000,543.10000000,568.04000000,573913.95311000,320867352.46155610,321104,303037.86143000,169441251.72908650
2020-12-13 03:30:00+03:30,568.09000000,595.00000000,563.22000000,590.70000000,657794.46158000,383072560.34673000,359525,326199.32502000,189873757.16352030
2020-12-14 03:30:00+03:30,590.81000000,591.48000000,575.60000000,586.29000000,493012.02706000,288110223.95248790,272746,245044.70577000,143226160.02563270
2020-12-15 03:30:00+03:30,586.29000000,597.20000000,578.58000000,588.64000000,569270.52011000,334543178.36939210,329161,290602.59003000,170832376.24944630
2020-12-16 03:30:00+03:30,588.78000000,640.00000000,580.71000000,637.18000000,1185588.05078000,725009244.40773530,589563,615898.25662000,376680848.04210240
2020-12-17 03:30:00+03:30,637.18000000,676.25000000,625.76000000,642.70000000,2006130.01975000,1307445033.12182490,974504,975946.21679000,636041218.08299910
2020-12-18 03:30:00+03:30,642.71000000,664.61000000,629.40000000,653.85000000,1000012.98018000,646217791.22968610,554335,496068.24065000,320579472.24291110
2020-12-19 03:30:00+03:30,653.76000000,669.95000000,645.42000000,658.03000000,858803.88459000,564029933.25885230,562281,421384.66554000,276780293.91863170
2020-12-20 03:30:00+03:30,658.05000000,661.39000000,621.01000000,638.18000000,823958.22843000,533109285.65194770,505181,394908.57533000,255626307.21206790
2020-12-21 03:30:00+03:30,638.10000000,648.00000000,595.90000000,607.58000000,843251.16565000,524208673.90862380,521589,408550.63200000,254158056.05938060
2020-12-22 03:30:00+03:30,607.68000000,637.73000000,588.00000000,636.45000000,918851.25654000,563872004.63349170,522945,466287.90424000,286284535.10764970
2020-12-23 03:30:00+03:30,636.41000000,638.44000000,551.28000000,585.56000000,1208807.36518000,733443630.36561180,733896,564050.80567000,342705478.21036510
2020-12-24 03:30:00+03:30,585.48000000,615.02000000,565.43000000,612.31000000,886335.86333000,519843556.98166310,571510,452224.32838000,265331357.89847340
2020-12-25 03:30:00+03:30,612.31000000,634.24000000,604.28000000,626.82000000,798009.62915000,494089140.85723270,468979,410025.85332000,253924482.47283610
2020-12-26 03:30:00+03:30,626.78000000,652.91000000,615.26000000,637.44000000,958585.50647000,607664782.01089470,541191,484016.30919000,307006622.69878590
2020-12-27 03:30:00+03:30,637.44000000,717.13000000,625.00000000,685.11000000,1859968.15029000,1247547956.82394360,1047001,934904.83600000,627557199.45998840
2020-12-28 03:30:00+03:30,685.10000000,748.09000000,681.04000000,730.41000000,1627154.39266000,1180438285.48840650,961277,832490.11082000,603982596.85125660
2020-12-29 03:30:00+03:30,730.40000000,740.78000000,689.20000000,732.00000000,1106876.35855000,794643540.49012380,820504,543799.46855000,390697226.37305640
2020-12-30 03:30:00+03:30,732.00000000,758.74000000,716.62000000,752.17000000,1008574.09906000,743546676.75446260,692405,514590.35901000,379464185.39099070
2020-12-31 03:30:00+03:30,752.17000000,755.74000000,722.00000000,736.42000000,863375.57981000,638503822.39406460,623216,431442.91885000,319087759.04187390
2021-01-01 03:30:00+03:30,736.42000000,749.00000000,714.29000000,728.91000000,675114.09329000,496072043.77740740,483671,338988.53158000,249240373.93868390
2021-01-02 03:30:00+03:30,728.91000000,787.69000000,714.91000000,774.56000000,1352618.57668000,1024472182.61208700,824134,686674.73342000,519915827.01148550
2021-01-03 03:30:00+03:30,774.44000000,1011.07000000,768.71000000,978.28000000,2813603.88615000,2522411859.73160970,1636501,1439027.79886000,1290266275.59314880
2021-01-04 03:30:00+03:30,978.33000000,1162.97000000,890.00000000,1041.43000000,4245010.94004000,4303634203.21959870,2477862,2126337.67210000,2157639019.32919130
2021-01-05 03:30:00+03:30,1041.45000000,1134.60000000,974.45000000,1099.56000000,2706995.67525000,2857050280.00814230,1960503,1337641.02794000,1412551452.85355810
2021-01-06 03:30:00+03:30,1100.16000000,1213.00000000,1057.26000000,1208.42000000,2390136.59334000,2725262121.28851310,1600888,1227955.88850000,1401239480.53057930
2021-01-07 03:30:00+03:30,1208.75000000,1289.00000000,1131.00000000,1224.87000000,1972922.82059000,2406219891.36853430,1402699,974726.97516000,1189746026.15138440
2021-01-08 03:30:00+03:30,1224.86000000,1273.75000000,1065.00000000,1216.93000000,2131172.92341000,2543427452.58012550,1718817,1042889.10509000,1246619297.41983940
2021-01-09 03:30:00+03:30,1216.72000000,1304.37000000,1171.36000000,1276.00000000,1448871.11514000,1780137376.41646950,1131871,746369.69680000,918333130.76833010
2021-01-10 03:30:00+03:30,1276.00000000,1348.33000000,1170.00000000,1254.25000000,1951179.35003000,2517791852.40776210,1437486,979792.30536000,1266203575.09528690
2021-01-11 03:30:00+03:30,1254.24000000,1260.00000000,915.00000000,1087.01000000,4068784.65678000,4290593989.58017690,2557613,1966216.19764000,2073558269.94001260
2021-01-12 03:30:00+03:30,1087.00000000,1150.02000000,1006.33000000,1050.16000000,2302645.34052000,2491067092.51012720,1516625,1149858.00491000,1244662146.28528080
2021-01-13 03:30:00+03:30,1050.36000000,1137.65000000,987.48000000,1129.89000000,1564202.39081000,1664178969.07380440,1123983,792814.80569000,844656818.22553690
2021-01-14 03:30:00+03:30,1129.79000000,1247.55000000,1086.70000000,1231.62000000,1555737.38556000,1825860914.17379550,1255769,794405.96443000,932454704.10136900
2021-01-15 03:30:00+03:30,1231.89000000,1256.98000000,1069.42000000,1168.53000000,1944038.83738000,2302781118.95873940,1519266,966118.73281000,1145518024.49123220
2021-01-16 03:30:00+03:30,1168.48000000,1298.00000000,1151.77000000,1227.83000000,1575384.43797000,1927453174.61179310,1252473,804431.16803000,984555467.09145990
2021-01-17 03:30:00+03:30,1227.83000000,1269.02000000,1165.00000000,1232.45000000,1317285.00579000,1606424364.49704180,1121278,665250.50449000,811881943.45552540
2021-01-18 03:30:00+03:30,1232.50000000,1260.75000000,1182.58000000,1258.45000000,998050.11073000,1223628040.73726070,940604,499759.24002000,613148505.56560630
2021-01-19 03:30:00+03:30,1258.52000000,1438.30000000,1251.49000000,1365.36000000,2278852.55758000,3120980923.93030880,1840481,1158029.40293000,1585793803.66076070
2021-01-20 03:30:00+03:30,1365.36000000,1407.93000000,1235.42000000,1376.99000000,2219137.62144000,2931656296.46700050,1852253,1103381.08760000,1459031149.78985600
2021-01-21 03:30:00+03:30,1376.72000000,1390.00000000,1086.00000000,1110.96000000,2254164.80365000,2787012514.78097050,1823458,1088341.96818000,1346852630.20308530
2021-01-22 03:30:00+03:30,1111.98000000,1273.79000000,1042.31000000,1232.62000000,2020593.21673000,2360267831.31755460,1652010,1036188.85921000,1212076603.47097220
2021-01-23 03:30:00+03:30,1232.61000000,1272.44000000,1195.90000000,1233.60000000,1009545.08258000,1250575691.76273060,932871,505750.89704000,626781286.58099590
2021-01-24 03:30:00+03:30,1233.46000000,1398.83000000,1220.00000000,1392.51000000,1510879.53817000,1996765627.54051920,1313986,790374.50924000,1045052388.63841560
2021-01-25 03:30:00+03:30,1392.19000000,1475.00000000,1293.69000000,1317.88000000,1885441.31289000,2644267236.89718770,1661512,943347.25829000,1324815913.98590850
2021-01-26 03:30:00+03:30,1317.60000000,1378.49000000,1244.56000000,1365.97000000,1682923.65799000,2216751668.39271260,1423178,856659.30135000,1128968367.85389060
2021-01-27 03:30:00+03:30,1366.54000000,1373.90000000,1207.00000000,1239.03000000,2009772.08358000,2554649901.07484460,1737296,997748.24567000,1268777717.49710370
2021-01-28 03:30:00+03:30,1238.93000000,1360.00000000,1217.23000000,1329.69000000,1365269.71962000,1790490878.19379420,1275024,702526.23919000,922191761.36835110
2021-01-29 03:30:00+03:30,1329.44000000,1436.90000000,1285.35000000,1379.50000000,2253963.18682000,3077996801.23176560,1714076,1126572.38403000,1539947796.20749350
2021-01-30 03:30:00+03:30,1379.56000000,1406.00000000,1326.41000000,1378.05000000,1040042.23630000,1414231402.54388340,1013174,508185.46266000,691043000.99942650
2021-01-31 03:30:00+03:30,1378.04000000,1380.74000000,1281.12000000,1312.55000000,958704.85571000,1276842259.97134880,828176,448756.56134000,597602925.78056310
2021-02-01 03:30:00+03:30,1312.45000000,1377.99000000,1269.99000000,1374.17000000,1096397.91862000,1449463766.72379510,915584,550007.37258000,727808340.67551960
2021-02-02 03:30:00+03:30,1374.09000000,1547.90000000,1360.28000000,1511.87000000,1944227.99878000,2821617332.39978510,1614541,986022.09176000,1431300798.43024110
2021-02-03 03:30:00+03:30,1511.93000000,1669.35000000,1508.39000000,1664.49000000,1535869.88801000,2418887041.58756150,1384979,793334.97198000,1249029451.14196070
2021-02-04 03:30:00+03:30,1664.67000000,1695.20000000,1554.44000000,1595.67000000,1646502.32962000,2693099602.27560810,1507993,825236.64834000,1350478681.24540390
2021-02-05 03:30:00+03:30,1595.53000000,1760.49000000,1591.00000000,1719.19000000,1194123.29946000,2011685911.16688670,1326415,600948.63761000,1012301493.08615330
2021-02-06 03:30:00+03:30,1718.95000000,1743.67000000,1642.94000000,1676.35000000,1149808.33101000,1940057857.94389820,1152167,565703.52545000,954941828.40177990
2021-02-07 03:30:00+03:30,1676.35000000,1693.00000000,1490.46000000,1611.62000000,1281734.86814000,2044371589.02327640,1263737,618789.69751000,987284129.73539090
2021-02-08 03:30:00+03:30,1611.46000000,1775.57000000,1563.89000000,1750.15000000,1339777.09536000,2255426926.01997780,1372788,677614.29512000,1141288384.54742980
2021-02-09 03:30:00+03:30,1749.68000000,1821.88000000,1708.49000000,1769.13000000,1185071.89593000,2080818891.69890500,1173421,593423.36868000,1042666171.18075090
2021-02-10 03:30:00+03:30,1769.14000000,1837.86000000,1680.00000000,1740.78000000,1219932.25474000,2149076144.40765770,1279140,605462.91818000,1067949000.52371340
2021-02-11 03:30:00+03:30,1740.76000000,1819.00000000,1703.44000000,1785.62000000,735079.82699000,1301681871.56326880,935602,367056.14118000,650153645.44318730
2021-02-12 03:30:00+03:30,1785.83000000,1864.88000000,1739.88000000,1840.26000000,909600.20653000,1635426867.77409270,996495,460779.83709000,829217927.34420890
2021-02-13 03:30:00+03:30,1840.24000000,1871.72000000,1765.00000000,1814.96000000,767589.07285000,1395594093.28399760,853189,372008.25141000,676531918.54325300
2021-02-14 03:30:00+03:30,1815.25000000,1850.00000000,1784.11000000,1800.42000000,675261.77873000,1230043295.03428380,714827,334005.33344000,608556979.10253330
2021-02-15 03:30:00+03:30,1800.03000000,1835.72000000,1655.67000000,1779.25000000,1053474.57879000,1860338371.89740780,1086589,511771.37271000,904087834.75423730
2021-02-16 03:30:00+03:30,1779.33000000,1827.28000000,1724.00000000,1781.99000000,817493.47513000,1455884891.92438010,826125,389395.78700000,693804838.74920430
2021-02-17 03:30:00+03:30,1781.99000000,1855.00000000,1733.01000000,1849.88000000,795711.63311000,1437546812.97183170,862461,412387.45021000,745568293.76172300
2021-02-18 03:30:00+03:30,1849.70000000,1950.50000000,1849.69000000,1939.61000000,937227.10191000,1787383532.10237610,1053661,493607.02549000,941541216.78113600
2021-02-19 03:30:00+03:30,1938.91000000,1972.82000000,1891.00000000,1955.00000000,793404.41150000,1533991632.12954610,988320,388954.85277000,752267904.16996680
2021-02-20 03:30:00+03:30,1955.46000000,2042.34000000,1803.14000000,1913.00000000,1261315.81279000,2493836246.48714560,1329067,624716.42408000,1236782122.34460490
2021-02-21 03:30:00+03:30,1912.90000000,1976.31000000,1883.01000000,1933.53000000,756568.19743000,1467970937.28507250,895138,386132.26661000,749271580.57468510
2021-02-22 03:30:00+03:30,1933.54000000,1936.29000000,1551.00000000,1777.58000000,1807244.98099000,3200483176.97958480,1799926,854014.62953000,1513747907.80303880
2021-02-23 03:30:00+03:30,1777.42000000,1782.39000000,1355.00000000,1577.89000000,2547837.82068000,3931407907.53427650,2396626,1231889.46331000,1903489088.14390600
2021-02-24 03:30:00+03:30,1577.79000000,1712.70000000,1500.20000000,1623.39000000,1384388.81727000,2261264845.46507440,1319936,705887.81504000,1153792817.18654230
2021-02-25 03:30:00+03:30,1623.16000000,1671.59000000,1459.16000000,1481.75000000,1032670.79409000,1650582276.87186390,1110019,501173.65129000,802212265.45357460
2021-02-26 03:30:00+03:30,1482.08000000,1562.25000000,1400.00000000,1444.59000000,1355973.29378000,2004016547.11119290,1298739,662906.93964000,979857228.42828460
2021-02-27 03:30:00+03:30,1444.56000000,1529.00000000,1425.00000000,1458.13000000,927423.04750000,1375946816.33254320,954919,452205.99129000,671100313.80011610
2021-02-28 03:30:00+03:30,1458.27000000,1468.75000000,1293.18000000,1419.18000000,1410207.56284000,1929140046.64625870,1190546,704060.34406000,963537938.07734470
2021-03-01 03:30:00+03:30,1418.67000000,1572.00000000,1409.91000000,1569.86000000,1094695.17839000,1642627276.31055880,989006,568597.04493000,853434777.37504840
2021-03-02 03:30:00+03:30,1570.00000000,1602.90000000,1455.52000000,1486.78000000,1061142.38743000,1627312282.62352900,966176,508683.55658000,781051077.73856460
2021-03-03 03:30:00+03:30,1486.79000000,1656.94000000,1475.47000000,1567.69000000,1054846.31471000,1676300215.04583230,1237215,534919.19161000,850213871.68664110
2021-03-04 03:30:00+03:30,1567.68000000,1624.87000000,1506.36000000,1539.23000000,946365.67088000,1476463517.98648710,1125118,468540.00465000,731257773.71699530
2021-03-05 03:30:00+03:30,1539.22000000,1548.96000000,1441.66000000,1528.31000000,910786.28976000,1355798089.27269910,1000913,451258.01245000,672042056.24061980
2021-03-06 03:30:00+03:30,1528.08000000,1671.58000000,1513.03000000,1650.35000000,1013300.93928000,1611851701.82401670,1188531,536167.18087000,853820036.09284670
2021-03-07 03:30:00+03:30,1650.68000000,1734.16000000,1630.35000000,1726.16000000,848470.78136000,1414988218.19354000,1166072,432388.65922000,721395027.18272030
2021-03-08 03:30:00+03:30,1726.46000000,1843.59000000,1664.96000000,1833.18000000,1149711.39987000,1995142128.64813450,1407402,602217.91071000,1046045706.90183630
2021-03-09 03:30:00+03:30,1833.22000000,1870.77000000,1798.20000000,1870.51000000,857229.47855000,1570286249.45090050,1196670,414078.09328000,758575748.35696330
2021-03-10 03:30:00+03:30,1870.50000000,1877.69000000,1757.00000000,1795.12000000,937230.62831000,1706230875.26766380,1098051,451348.33020000,821707575.72727200
2021-03-11 03:30:00+03:30,1795.28000000,1846.70000000,1725.00000000,1825.78000000,909011.49610000,1627027458.08879630,1023958,443744.99114000,794476087.91730540
2021-03-12 03:30:00+03:30,1825.78000000,1841.88000000,1719.72000000,1766.10000000,869564.63610000,1542873062.42010170,1126153,426161.77880000,756268155.25952690
2021-03-13 03:30:00+03:30,1766.13000000,1944.30000000,1727.75000000,1922.35000000,926283.22642000,1718553131.96147330,1265904,471925.04818000,875441534.03515230
2021-03-14 03:30:00+03:30,1922.35000000,1933.10000000,1836.00000000,1848.10000000,637963.63627000,1200354205.60335700,963564,301776.22952000,567878404.18293170
2021-03-15 03:30:00+03:30,1848.10000000,1891.76000000,1730.00000000,1793.48000000,1025326.79658000,1842608872.76306020,1496415,511041.33812000,918123974.55408360
2021-03-16 03:30:00+03:30,1793.99000000,1819.50000000,1711.68000000,1805.12000000,764993.40147000,1360127229.78991600,987906,388327.71998000,690760061.47753980
2021-03-17 03:30:00+03:30,1805.01000000,1838.88000000,1741.18000000,1823.58000000,658349.44843000,1177718486.96461370,872416,337373.92544000,603533782.44800500
2021-03-18 03:30:00+03:30,1823.58000000,1850.00000000,1759.04000000,1776.08000000,603721.61056000,1092346826.55369030,783517,284617.82364000,514992961.42729320
2021-03-19 03:30:00+03:30,1775.92000000,1840.61000000,1733.47000000,1809.10000000,500258.42875000,901801564.20232610,703977,250974.49054000,452606834.75388390
2021-03-20 03:30:00+03:30,1809.01000000,1868.83000000,1800.86000000,1806.10000000,451556.10639000,828404987.65277420,743672,230001.04734000,421947140.57311450
2021-03-21 03:30:00+03:30,1806.57000000,1817.16000000,1747.00000000,1782.98000000,465953.98749000,830951276.51307660,748800,227170.16353000,405242308.74646660
2021-03-22 04:30:00+04:30,1783.23000000,1807.51000000,1655.15000000,1680.97000000,582727.49081000,1019780398.78218940,879976,284682.99701000,498556293.27248210
2021-03-23 04:30:00+04:30,1681.17000000,1721.17000000,1650.00000000,1668.08000000,577213.99589000,975522491.06404260,654415,286791.61839000,484836342.00614680
2021-03-24 04:30:00+04:30,1668.20000000,1740.86000000,1536.92000000,1581.84000000,753834.52393000,1251031751.15638120,994542,360806.99166000,599730061.13798270
2021-03-25 04:30:00+04:30,1581.88000000,1622.00000000,1549.40000000,1585.74000000,701697.00258000,1115502879.62915160,778215,357916.02537000,569176818.69337150
2021-03-26 04:30:00+04:30,1585.83000000,1699.93000000,1585.79000000,1698.84000000,515470.92907000,844707873.91477140,650812,265021.09760000,434412049.54683700
2021-03-27 04:30:00+04:30,1698.84000000,1732.67000000,1666.41000000,1712.63000000,443845.49957000,753555521.64465620,516929,223163.53000000,378944599.81362170
2021-03-28 04:30:00+04:30,1712.52000000,1725.66000000,1661.40000000,1687.01000000,348895.51314000,592836644.59933920,512231,169502.24442000,288084679.28310710
2021-03-29 04:30:00+04:30,1687.16000000,1841.00000000,1677.85000000,1816.74000000,647724.46387000,1148231088.81158730,846836,342048.84150000,606329959.12347100
2021-03-30 04:30:00+04:30,1816.76000000,1859.13000000,1786.30000000,1840.46000000,568842.00526000,1039262033.38675560,856093,283746.67403000,518558427.24364170
2021-03-31 04:30:00+04:30,1840.41000000,1947.29000000,1768.15000000,1919.37000000,746995.85910000,1387448329.86186770,1040362,377271.88679000,700970286.07833920
2021-04-01 04:30:00+04:30,1919.37000000,1984.77000000,1885.02000000,1968.05000000,741585.07266000,1438751530.78722940,994836,371883.72089000,721736727.44501430
2021-04-02 04:30:00+04:30,1968.05000000,2146.00000000,1948.48000000,2133.69000000,846197.93215000,1719752062.51672840,1218698,436010.09375000,886653805.06916650
2021-04-03 04:30:00+04:30,2133.69000000,2138.12000000,1996.30000000,2008.52000000,770176.32192000,1601516390.59711510,1107620,363187.43008000,755374910.22590540
2021-04-04 04:30:00+04:30,2008.59000000,2091.83000000,1975.24000000,2075.69000000,514345.76554000,1050448906.44240220,818926,263875.56295000,538795778.14292030
2021-04-05 04:30:00+04:30,2075.70000000,2130.64000000,2002.15000000,2107.38000000,684923.61494000,1419084945.81378910,947978,343642.59997000,712219066.86574580
2021-04-06 04:30:00+04:30,2107.43000000,2151.00000000,2044.65000000,2112.21000000,673386.05575000,1420490813.03905580,1106761,332812.25752000,702230157.78786380
2021-04-07 04:30:00+04:30,2112.22000000,2129.01000000,1930.01000000,1963.47000000,892984.90422000,1798606574.05355710,1229155,437902.88352000,882121983.61551560
2021-04-08 04:30:00+04:30,1963.46000000,2084.61000000,1947.35000000,2080.46000000,501355.99800000,1015796231.01188220,911403,250910.57734000,508200399.27288040
2021-04-09 04:30:00+04:30,2080.39000000,2100.00000000,2047.57000000,2066.87000000,426387.43790000,885134116.02290660,645172,205375.78451000,426445139.87481370
2021-04-10 04:30:00+04:30,2067.19000000,2200.00000000,2058.00000000,2133.49000000,655458.20894000,1405364881.85831330,1175161,330628.54391000,708994754.48527730
2021-04-11 04:30:00+04:30,2133.49000000,2165.02000000,2113.40000000,2151.36000000,392265.50773000,839653140.94059150,830771,197850.92141000,423496403.39094470
2021-04-12 04:30:00+04:30,2151.42000000,2203.46000000,2102.00000000,2137.69000000,579093.35694000,1244982956.77003100,914567,286715.00745000,616499175.90461080
2021-04-13 04:30:00+04:30,2137.86000000,2318.00000000,2135.53000000,2299.19000000,782608.62090000,1745821661.49661390,1288668,399098.20720000,890600412.46437300
2021-04-14 04:30:00+04:30,2299.19000000,2447.29000000,2281.33000000,2432.60000000,972931.60866000,2294753430.62740700,1554097,495400.50190000,1168618278.83688300
2021-04-15 04:30:00+04:30,2432.59000000,2543.47000000,2400.00000000,2514.04000000,681950.96645000,1680063463.60112070,1462768,355972.40197000,877438758.04432320
2021-04-16 04:30:00+04:30,2514.04000000,2548.29000000,2300.00000000,2422.67000000,999163.75205000,2418566593.04737460,1679215,486268.80792000,1177128974.46624530
2021-04-17 04:30:00+04:30,2422.38000000,2495.00000000,2310.00000000,2317.60000000,624232.25568000,1504895144.91223430,1242299,306700.14929000,739461805.32098790
2021-04-18 04:30:00+04:30,2317.65000000,2340.00000000,1946.80000000,2235.64000000,1475383.69204000,3190809322.51046110,2113566,722180.39492000,1562761985.66474620
2021-04-19 04:30:00+04:30,2235.65000000,2300.00000000,2080.00000000,2161.12000000,820592.26555000,1800575928.10749440,1411498,405251.54082000,889798938.68949470
2021-04-20 04:30:00+04:30,2161.12000000,2346.62000000,2055.00000000,2330.03000000,992240.80900000,2181209665.22593570,1478664,500443.49263000,1100996922.79137390
2021-04-21 04:30:00+04:30,2330.26000000,2469.54000000,2235.16000000,2357.06000000,1177885.86170000,2771995884.03614840,1905822,587138.28906000,1381898508.98941880
2021-04-22 04:30:00+04:30,2357.06000000,2644.47000000,2303.44000000,2397.94000000,2220753.09746000,5508778905.78141780,3110597,1124195.46709000,2790172132.67703410
2021-04-23 04:30:00+04:30,2397.94000000,2442.89000000,2107.00000000,2367.39000000,2532242.44185000,5719925451.74555810,2790382,1244539.89520000,2812376010.14417070
2021-04-24 04:30:00+04:30,2367.39000000,2368.74000000,2154.80000000,2213.35000000,997688.94623000,2246912953.27178130,1275474,494456.79061000,1113625193.11945120
2021-04-25 04:30:00+04:30,2214.08000000,2356.64000000,2168.00000000,2320.49000000,857517.38218000,1948978895.46515520,1307545,431554.84567000,981153774.03556340
2021-04-26 04:30:00+04:30,2320.44000000,2542.80000000,2303.64000000,2532.60000000,1076469.01367000,2652330344.66202370,1852607,547426.15132000,1348633236.68046310
2021-04-27 04:30:00+04:30,2532.06000000,2680.00000000,2480.29000000,2666.13000000,771728.46451000,1995139023.61483670,1255607,404885.92295000,1047010126.52780100
2021-04-28 04:30:00+04:30,2666.13000000,2760.00000000,2559.44000000,2748.24000000,999383.18520000,2673547154.20087140,1587100,497704.72280000,1332642242.75256730
2021-04-29 04:30:00+04:30,2748.23000000,2798.00000000,2668.00000000,2757.04000000,863890.01069000,2366133509.25480070,1379738,428965.61199000,1175245479.02532190
2021-04-30 04:30:00+04:30,2757.04000000,2798.30000000,2723.09000000,2772.42000000,695339.20482000,1917297701.09952250,1382521,348038.76271000,959914846.73766510
2021-05-01 04:30:00+04:30,2772.42000000,2954.28000000,2743.41000000,2944.77000000,690260.07741000,1979833188.06520470,1437394,363427.72753000,1042474172.81408930
2021-05-02 04:30:00+04:30,2944.83000000,2985.00000000,2852.26000000,2949.56000000,571982.54450000,1672310882.24470070,1132280,294479.86893000,861215743.58829320
2021-05-03 04:30:00+04:30,2949.33000000,3454.00000000,2949.32000000,3431.04000000,1329088.06280000,4243786480.41515130,2502746,689402.61551000,2199717718.45329330
2021-05-04 04:30:00+04:30,3431.04000000,3527.00000000,3160.00000000,3239.01000000,1826039.38558000,6103102520.70946180,3634236,913493.51765000,3054026099.65137780
2021-05-05 04:30:00+04:30,3239.01000000,3549.34000000,3200.23000000,3524.26000000,1174816.73588000,3955994776.90115780,2224441,581159.24143000,1957116423.54505080
2021-05-06 04:30:00+04:30,3524.33000000,3605.40000000,3376.47000000,3489.73000000,920592.57706000,3213427394.77726540,1703109,457348.26339000,1596792938.75437370
2021-05-07 04:30:00+04:30,3489.74000000,3587.00000000,3353.23000000,3479.53000000,760544.64781000,2641740668.46964650,1382532,373468.63998000,1297499899.40799850
2021-05-08 04:30:00+04:30,3479.79000000,3958.33000000,3449.27000000,3910.26000000,1130467.54852000,4170897763.92239390,2146967,576465.81586000,2128434949.10360530
2021-05-09 04:30:00+04:30,3910.26000000,3983.65000000,3726.08000000,3923.95000000,1000401.00820000,3885039042.66370740,2289303,501191.98456000,1946904544.35834790
2021-05-10 04:30:00+04:30,3923.95000000,4208.00000000,3650.00000000,3945.88000000,1505897.92612000,6079977785.41138740,3033133,745235.17136000,3010349053.85757370
2021-05-11 04:30:00+04:30,3946.63000000,4180.22000000,3771.64000000,4173.45000000,1095927.10403000,4350260231.58878710,2290977,546195.67057000,2169036982.21856120
2021-05-12 04:30:00+04:30,4173.46000000,4372.72000000,3701.58000000,3823.21000000,1601842.74017000,6673102683.97424080,3188941,781569.68782000,3259590092.47307750
2021-05-13 04:30:00+04:30,3810.15000000,4034.77000000,3500.00000000,3717.91000000,2068708.17427000,7846531159.41968720,3943562,1019129.41961000,3869202428.61408120
2021-05-14 04:30:00+04:30,3717.92000000,4173.28000000,3691.35000000,4075.01000000,1153390.42631000,4569415542.24788800,2227244,589306.03131000,2332631768.07003270
2021-05-15 04:30:00+04:30,4075.02000000,4134.05000000,3632.00000000,3646.68000000,1039174.88082000,4030586492.96493760,2055345,498020.66776000,1932010797.35632840
2021-05-16 04:30:00+04:30,3646.24000000,3879.00000000,3343.06000000,3582.10000000,1324065.65875000,4788918304.49799650,2532983,633005.25035000,2292116232.82542330
2021-05-17 04:30:00+04:30,3581.81000000,3587.06000000,3102.00000000,3282.51000000,1904012.43998000,6401071580.73482600,2885352,933732.36068000,3143594982.02332910
2021-05-18 04:30:00+04:30,3282.25000000,3565.71000000,3240.00000000,3375.07000000,1287110.84143000,4392873871.82242700,2143887,648040.21083000,2211619486.73454610
2021-05-19 04:30:00+04:30,3375.08000000,3441.73000000,1888.00000000,2438.92000000,4309836.31939000,11641524166.98745910,5548968,2090952.35775000,5659752851.77794760
2021-05-20 04:30:00+04:30,2438.92000000,2990.05000000,2155.00000000,2768.62000000,2942777.93010000,7750201898.66744090,4243052,1465674.26337000,3868330692.80134180
2021-05-21 04:30:00+04:30,2767.87000000,2938.54000000,2101.00000000,2430.98000000,2727031.93514000,6898701128.84112870,3676164,1340165.22786000,3393349822.16471050
2021-05-22 04:30:00+04:30,2430.98000000,2485.00000000,2145.00000000,2294.87000000,1684318.01157000,3934313840.47072720,2484734,822180.46988000,1920309768.12387790
2021-05-23 04:30:00+04:30,2295.45000000,2381.57000000,1728.74000000,2096.39000000,2914548.73125000,5907260139.54496040,3761018,1410830.44221000,2862585215.17754130
2021-05-24 04:30:00+04:30,2096.63000000,2675.00000000,2079.94000000,2648.43000000,2186632.92245000,5180244966.72123050,3299296,1103328.42714000,2619744995.63767940
2021-05-25 04:30:00+04:30,2647.92000000,2750.00000000,2378.54000000,2705.11000000,2115349.50445000,5442737549.40125950,2976859,1050034.53412000,2703460213.34386700
2021-05-26 04:30:00+04:30,2705.10000000,2910.00000000,2643.00000000,2884.94000000,1583799.59251000,4416389128.58148030,2726537,786524.11588000,2193352742.23433530
2021-05-27 04:30:00+04:30,2884.82000000,2889.74000000,2633.68000000,2742.23000000,1099029.91206000,3033719144.34021290,1732113,540641.23243000,1493018236.97161750
2021-05-28 04:30:00+04:30,2742.23000000,2762.45000000,2327.38000000,2412.10000000,1554584.61362000,3934662309.04442250,2184249,763125.86389000,1931909198.76905150
2021-05-29 04:30:00+04:30,2412.34000000,2574.27000000,2204.10000000,2278.74000000,1379427.18851000,3288804154.83187110,1887733,681047.48538000,1625990815.62972840
2021-05-30 04:30:00+04:30,2278.74000000,2476.42000000,2180.53000000,2385.98000000,1151113.19883000,2726606138.63171710,1519005,577190.77662000,1368058965.08403240
2021-05-31 04:30:00+04:30,2385.82000000,2720.00000000,2271.44000000,2706.15000000,1307958.04068000,3277131772.13407020,1849177,661801.72603000,1660383324.59553620
2021-06-01 04:30:00+04:30,2706.15000000,2740.00000000,2523.74000000,2634.57000000,1179577.10806000,3081355010.95345160,1790186,575201.66943000,1503196035.62328500
2021-06-02 04:30:00+04:30,2634.31000000,2802.99000000,2550.00000000,2706.22000000,970070.53563000,2616566301.62878750,1349232,481481.72170000,1299176997.00391970
2021-06-03 04:30:00+04:30,2706.21000000,2891.95000000,2662.40000000,2857.25000000,1024290.89423000,2874856613.49024370,1620340,500895.12021000,1405843557.46235420
2021-06-04 04:30:00+04:30,2857.25000000,2860.00000000,2552.00000000,2689.51000000,1188314.11191000,3175186750.49087600,1775946,580744.67311000,1551953930.28723620
2021-06-05 04:30:00+04:30,2689.54000000,2816.87000000,2552.23000000,2627.73000000,961824.12413000,2575726370.43085890,1670498,485392.70366000,1300138730.36917720
2021-06-06 04:30:00+04:30,2627.63000000,2745.00000000,2614.00000000,2711.92000000,673792.69369000,1814112037.53351020,1336460,330313.64976000,889529103.19303190
2021-06-07 04:30:00+04:30,2711.92000000,2847.55000000,2570.00000000,2592.05000000,1152128.07856000,3149245176.91126330,1926275,577620.94623000,1579210256.00219440
2021-06-08 04:30:00+04:30,2592.05000000,2620.99000000,2304.91000000,2507.23000000,1693747.42759000,4201646662.88173420,2128256,825822.24736000,2049450576.80712030
2021-06-09 04:30:00+04:30,2507.43000000,2626.63000000,2405.28000000,2610.18000000,1276718.24011000,3223323188.07037870,1763686,628336.14933000,1586470728.75922050
2021-06-10 04:30:00+04:30,2610.20000000,2624.46000000,2425.11000000,2471.09000000,741237.49926000,1874571746.43544430,978237,363431.81896000,918906133.88569960
2021-06-11 04:30:00+04:30,2471.01000000,2497.99000000,2321.37000000,2354.01000000,587364.27358000,1424975261.80772060,885172,283123.21039000,687294443.98245280
2021-06-12 04:30:00+04:30,2354.09000000,2454.53000000,2256.22000000,2370.74000000,767439.49840000,1807036943.99862450,1127302,387478.69595000,912817435.78954980
2021-06-13 04:30:00+04:30,2370.64000000,2548.41000000,2308.41000000,2509.33000000,715948.75986000,1724097564.33430690,1217504,362663.11262000,873887342.40012990
2021-06-14 04:30:00+04:30,2509.33000000,2609.17000000,2461.00000000,2580.77000000,684183.55622000,1730260219.13381020,1118498,344642.00777000,871859785.37770810
2021-06-15 04:30:00+04:30,2580.58000000,2640.00000000,2507.70000000,2543.54000000,599826.64933000,1548303436.06276510,1044834,296745.76720000,766423377.38332160
2021-06-16 04:30:00+04:30,2543.55000000,2556.19000000,2351.18000000,2367.89000000,624741.78358000,1533734359.41300690,896073,284039.92262000,698017754.35405180
2021-06-17 04:30:00+04:30,2368.02000000,2460.50000000,2306.00000000,2373.28000000,560667.58566000,1338389545.00148260,961448,270180.83506000,645226707.83642750
2021-06-18 04:30:00+04:30,2373.28000000,2378.00000000,2139.00000000,2234.09000000,778905.20197000,1758827532.88334170,1067542,371196.26583000,838571112.17782590
2021-06-19 04:30:00+04:30,2234.09000000,2278.82000000,2161.67000000,2164.67000000,496872.24997000,1104923869.41859910,763820,247263.46485000,550102564.55565630
2021-06-20 04:30:00+04:30,2165.34000000,2280.01000000,2040.68000000,2243.47000000,743883.64741000,1599009750.52690320,1035537,372014.61158000,800346451.86224570
2021-06-21 04:30:00+04:30,2243.49000000,2260.16000000,1865.54000000,1885.49000000,1629819.66576000,3252129521.67750420,2014010,790387.70091000,1576559907.57416550
2021-06-22 04:30:00+04:30,1885.27000000,1998.00000000,1700.48000000,1879.28000000,1695338.08052000,3158928001.13114460,1856357,836934.44825000,1561415491.33612570
2021-06-23 04:30:00+04:30,1879.29000000,2045.00000000,1821.95000000,1968.14000000,918612.30494000,1817518228.91007080,1141790,462271.19818000,914984412.73121520
2021-06-24 04:30:00+04:30,1967.95000000,2036.61000000,1884.79000000,1989.52000000,701231.67478000,1377799766.49945500,833337,344155.41659000,676304789.18465590
2021-06-25 04:30:00+04:30,1989.53000000,2019.99000000,1791.22000000,1808.82000000,858808.54767000,1612556879.10728130,1041338,408120.68053000,766594867.42016600
2021-06-26 04:30:00+04:30,1808.97000000,1852.80000000,1717.32000000,1829.64000000,832315.14904000,1478550576.56464500,923226,407180.66965000,723391264.73486720
2021-06-27 04:30:00+04:30,1829.84000000,1984.50000000,1804.26000000,1982.28000000,696055.79307000,1299521992.07179920,1091206,354611.53419000,662881681.77063400
2021-06-28 04:30:00+04:30,1982.27000000,2145.00000000,1960.52000000,2084.41000000,1044244.68308000,2138998047.87762790,1657087,541464.02542000,1109375130.95630950
2021-06-29 04:30:00+04:30,2084.42000000,2245.00000000,2073.57000000,2165.33000000,831257.23277000,1804733069.98298930,1536044,421410.27571000,915112793.59543550
2021-06-30 04:30:00+04:30,2165.46000000,2287.78000000,2087.99000000,2275.68000000,910583.60320000,1973676680.87312690,1464112,455834.94051000,988252389.85378930
2021-07-01 04:30:00+04:30,2275.68000000,2275.93000000,2073.12000000,2106.41000000,787865.25137000,1688043308.12725720,1414518,384175.37542000,822709363.86298340
2021-07-02 04:30:00+04:30,2106.41000000,2160.00000000,2018.50000000,2154.13000000,672282.37476000,1397269246.26645640,862561,337006.28168000,700715966.08241900
2021-07-03 04:30:00+04:30,2153.95000000,2240.00000000,2112.01000000,2226.99000000,569264.80100000,1248888441.25315360,922576,295114.62138000,647377288.84975310
2021-07-04 04:30:00+04:30,2226.99000000,2389.93000000,2189.58000000,2322.69000000,590656.25069000,1365904900.34990690,1204553,301461.36172000,697045137.93735710
2021-07-05 04:30:00+04:30,2322.69000000,2324.64000000,2157.32000000,2196.53000000,781806.31605000,1753862827.37910470,1264204,376068.64852000,843863080.02800320
2021-07-06 04:30:00+04:30,2196.85000000,2350.00000000,2193.00000000,2322.50000000,785330.17152000,1803108194.46840940,1326163,394638.45053000,905951763.47152810
2021-07-07 04:30:00+04:30,2322.51000000,2409.00000000,2291.90000000,2316.57000000,666501.35572000,1570553094.63757130,1113578,341514.34243000,804702677.27470940
2021-07-08 04:30:00+04:30,2316.25000000,2325.60000000,2084.79000000,2116.33000000,880265.04124000,1926184139.30984800,1234614,430334.02257000,941278322.13075520
2021-07-09 04:30:00+04:30,2116.32000000,2189.40000000,2046.51000000,2146.99000000,738611.36304000,1568646237.31099510,867603,376374.92640000,799855032.10683950
2021-07-10 04:30:00+04:30,2146.99000000,2194.82000000,2074.16000000,2110.69000000,499071.85904000,1058023794.51142400,646476,244207.37542000,517802339.24897590
2021-07-11 04:30:00+04:30,2110.68000000,2174.00000000,2081.02000000,2140.45000000,342294.40302000,727911535.26899800,479138,175830.75143000,374053441.95443570
2021-07-12 04:30:00+04:30,2140.54000000,2167.83000000,2006.68000000,2031.58000000,540630.10742000,1126108847.37136920,725803,259649.61299000,541195461.20277140
2021-07-13 04:30:00+04:30,2031.57000000,2047.35000000,1918.00000000,1940.15000000,647388.24969000,1287490852.46149500,902810,316356.56219000,629467223.59503010
2021-07-14 04:30:00+04:30,1940.44000000,2019.18000000,1865.00000000,1994.58000000,690505.60937000,1342931974.34964650,936438,340257.85670000,661765917.43079320
2021-07-15 04:30:00+04:30,1994.41000000,2042.88000000,1881.00000000,1919.51000000,645271.32563000,1251834409.94177210,865033,327273.48478000,635240853.68817500
2021-07-16 04:30:00+04:30,1919.54000000,1965.00000000,1850.00000000,1876.26000000,577068.89724000,1097832472.32213350,721120,281955.46534000,536656638.66655450
2021-07-17 04:30:00+04:30,1876.47000000,1919.19000000,1844.45000000,1899.59000000,430300.51578000,810628641.25790230,576008,216291.07537000,407705129.43381680
2021-07-18 04:30:00+04:30,1899.50000000,1993.79000000,1877.10000000,1891.64000000,534837.63654000,1038104997.52201780,768528,265665.55659000,515762272.12334460
2021-07-19 04:30:00+04:30,1891.65000000,1919.00000000,1805.00000000,1818.73000000,547419.93771000,1011627398.92388260,641063,251885.98865000,465870373.91848700
2021-07-20 04:30:00+04:30,1818.73000000,1841.34000000,1706.00000000,1786.03000000,786257.27200000,1386498470.34016670,943640,361612.01276000,638066651.10509070
2021-07-21 04:30:00+04:30,1786.03000000,2035.23000000,1747.55000000,1995.50000000,1115949.82033000,2138345813.78544520,1304423,572242.67732000,1096535844.29122840
2021-07-22 04:30:00+04:30,1995.50000000,2046.00000000,1947.62000000,2024.56000000,768854.36590000,1536669128.52045190,1074800,380631.63083000,760682754.97891000
2021-07-23 04:30:00+04:30,2024.27000000,2130.90000000,1993.22000000,2124.25000000,708160.91322000,1455496732.05165370,1035643,369453.14045000,759725736.55294710
2021-07-24 04:30:00+04:30,2124.26000000,2199.50000000,2105.58000000,2184.75000000,633075.18592000,1360667031.98300710,1056670,325598.83875000,699891567.75717780
2021-07-25 04:30:00+04:30,2184.90000000,2197.41000000,2105.93000000,2189.79000000,535630.27000000,1154562327.65394490,941623,264032.01071000,569308146.37992020
2021-07-26 04:30:00+04:30,2189.82000000,2433.65000000,2171.57000000,2228.08000000,1393738.16300000,3222622416.25672450,2252910,700749.72547000,1620304810.08242410
2021-07-27 04:30:00+04:30,2227.81000000,2319.26000000,2150.50000000,2299.49000000,906359.23478000,2025582065.41379440,1502763,453060.98840000,1012813193.01872810
2021-07-28 04:30:00+04:30,2299.47000000,2345.00000000,2243.15000000,2300.90000000,718202.57727000,1649860557.29344960,1287050,354056.40824000,813646516.75851010
2021-07-29 04:30:00+04:30,2300.90000000,2400.00000000,2266.12000000,2382.92000000,499364.83496000,1157988358.94629320,1036449,256551.90722000,595101393.80372220
2021-07-30 04:30:00+04:30,2382.93000000,2471.70000000,2315.92000000,2461.81000000,762577.28797000,1824191451.55863100,1428312,392130.06114000,938693364.85985250
2021-07-31 04:30:00+04:30,2461.77000000,2553.86000000,2420.68000000,2531.05000000,507601.05026000,1253810139.13837080,1007386,260698.67822000,644275659.91790090
2021-08-01 04:30:00+04:30,2531.10000000,2697.61000000,2511.24000000,2555.69000000,853495.94078000,2217485596.77845390,1810440,424598.26467000,1103204692.34837050
2021-08-02 04:30:00+04:30,2555.50000000,2666.00000000,2507.00000000,2606.93000000,726701.84952000,1887684672.47104930,1596914,349146.53842000,907116380.71133030
2021-08-03 04:30:00+04:30,2606.92000000,2632.44000000,2442.32000000,2509.04000000,792960.84375000,1986976146.00415050,1701919,379722.87711000,951417932.12994000
2021-08-04 04:30:00+04:30,2508.51000000,2772.71000000,2457.68000000,2724.78000000,954590.75360000,2498364633.89465500,1839302,487804.51345000,1277999531.48759380
2021-08-05 04:30:00+04:30,2724.55000000,2843.98000000,2529.91000000,2826.99000000,1307720.20654000,3553456266.77196980,2690052,667954.44340000,1816958298.94569250
2021-08-06 04:30:00+04:30,2827.01000000,2946.75000000,2720.06000000,2891.58000000,825399.48637000,2334160884.12592920,1873337,414224.32756000,1171841746.72537970
2021-08-07 04:30:00+04:30,2891.54000000,3171.00000000,2865.50000000,3160.31000000,1205277.10095000,3673732670.31735410,2318608,626027.34275000,1908033758.04634790
2021-08-08 04:30:00+04:30,3160.48000000,3189.99000000,2949.03000000,3011.85000000,966349.70579000,2979960615.13002620,1771162,483981.14361000,1494356685.81814990
2021-08-09 04:30:00+04:30,3011.84000000,3186.00000000,2893.23000000,3160.52000000,1129584.61614000,3453771928.06033580,2114151,561464.36607000,1719164995.69060490
2021-08-10 04:30:00+04:30,3160.51000000,3233.00000000,3051.22000000,3141.66000000,880675.74443000,2763516346.66778850,1824522,446954.52251000,1403643255.70046900
2021-08-11 04:30:00+04:30,3141.14000000,3274.00000000,3120.27000000,3160.50000000,732546.60433000,2351996141.79722030,1786853,363763.55938000,1168247882.89532780
2021-08-12 04:30:00+04:30,3160.40000000,3239.00000000,2979.29000000,3045.96000000,737628.45808000,2283938414.77176200,1587719,349848.69183000,1083322209.19017900
2021-08-13 04:30:00+04:30,3046.11000000,3327.83000000,3033.80000000,3322.32000000,579333.40323000,1867199038.70777630,1311322,302432.48843000,975151109.19485760
2021-08-14 04:30:00+04:30,3322.33000000,3330.98000000,3200.00000000,3263.16000000,486102.53787000,1587713825.68617880,1014420,237085.55544000,774933248.71536270
2021-08-15 04:30:00+04:30,3263.16000000,3320.00000000,3111.13000000,3307.09000000,565579.67765000,1813755247.62538600,1224556,278202.49839000,892667696.28928210
2021-08-16 04:30:00+04:30,3307.35000000,3335.00000000,3135.22000000,3146.53000000,635667.05422000,2062860388.39544930,1940766,299737.20397000,973748229.97346400
2021-08-17 04:30:00+04:30,3147.18000000,3290.00000000,2991.89000000,3011.72000000,804996.06971000,2535149204.53759840,1644472,374586.04818000,1180969163.57111260
2021-08-18 04:30:00+04:30,3011.73000000,3125.81000000,2950.00000000,3014.55000000,625103.25568000,1902429362.96362430,1093813,312124.66699000,950560051.11965720
2021-08-19 04:30:00+04:30,3014.18000000,3188.00000000,2958.33000000,3184.12000000,634769.92174000,1931520693.61039600,1297759,323213.07804000,984487319.53926300
2021-08-20 04:30:00+04:30,3184.11000000,3251.75000000,3177.16000000,3248.35000000,301033.36258000,969174818.49734190,641477,150343.24454000,484072990.74422210
